Date,Biofuel
2013-01-01,64.33082706766918
2013-01-02,88.10526315789474
2013-01-03,106.28571428571429
2013-01-04,78.31578947368422
2013-01-05,27.969924812030076
2013-01-06,61.53383458646617
2013-01-07,111.8796992481203
2013-01-08,110.4812030075188
2013-01-09,92.30075187969925
2013-01-10,75.5187969924812
2013-01-11,76.9172932330827
2013-01-12,54.54135338345865
2013-01-13,27.969924812030076
2013-01-14,85.30827067669173
2013-01-15,64.33082706766918
2013-01-16,117.47368421052632
2013-01-17,83.90977443609023
2013-01-18,110.4812030075188
2013-01-19,44.75187969924812
2013-01-20,32.16541353383459
2013-01-21,69.92481203007519
2013-01-22,97.89473684210526
2013-01-23,74.1203007518797
2013-01-24,124.46616541353384
2013-01-25,111.8796992481203
2013-01-26,65.72932330827068
2013-01-27,92.30075187969925
2013-01-28,89.50375939849624
2013-01-29,135.65413533834587
2013-01-30,88.10526315789474
2013-01-31,139.84962406015038
2013-02-01,128.20349761526234
2013-02-02,31.33863275039746
2013-02-03,62.67726550079492
2013-02-04,86.89348171701114
2013-02-05,99.71383147853737
2013-02-06,115.3831478537361
2013-02-07,81.19554848966614
2013-02-08,85.46899841017489
2013-02-09,66.95071542130366
2013-02-10,58.40381558028617
2013-02-11,131.05246422893484
2013-02-12,108.26073131955486
2013-02-13,116.80763116057234
2013-02-14,98.28934817170112
2013-02-15,102.56279809220986
2013-02-16,62.67726550079492
2013-02-17,59.82829888712242
2013-02-18,79.7710651828299
2013-02-19,121.0810810810811
2013-02-20,142.44833068362482
2013-02-21,142.44833068362482
2013-02-22,122.50556438791735
2013-02-23,65.52623211446742
2013-02-24,69.79968203497616
2013-02-25,112.5341812400636
2013-02-26,118.23211446740859
2013-02-27,108.26073131955486
2013-02-28,109.6852146263911
2013-03-01,67.90030211480362
2013-03-02,52.96223564954683
2013-03-03,85.55438066465257
2013-03-04,118.1465256797583
2013-03-05,86.91238670694864
2013-03-06,90.98640483383686
2013-03-07,104.56646525679758
2013-03-08,71.97432024169184
2013-03-09,48.88821752265861
2013-03-10,63.8262839879154
2013-03-11,97.77643504531721
2013-03-12,90.98640483383686
2013-03-13,82.83836858006042
2013-03-14,105.92447129909365
2013-03-15,80.12235649546828
2013-03-16,57.036253776435046
2013-03-17,84.19637462235649
2013-03-18,107.28247734138972
2013-03-19,119.50453172205438
2013-03-20,130.36858006042297
2013-03-21,108.64048338368579
2013-03-22,105.92447129909365
2013-03-23,42.09818731117824
2013-03-24,89.62839879154079
2013-03-25,61.11027190332326
2013-03-26,114.07250755287009
2013-03-27,135.80060422960725
2013-03-28,77.40634441087613
2013-03-29,65.18429003021149
2013-03-30,67.90030211480362
2013-03-31,81.48036253776435
2013-04-01,107.54716981132076
2013-04-02,90.56603773584905
2013-04-03,101.88679245283019
2013-04-04,69.81132075471699
2013-04-05,96.22641509433963
2013-04-06,58.49056603773585
2013-04-07,47.16981132075472
2013-04-08,130.18867924528303
2013-04-09,105.66037735849056
2013-04-10,105.66037735849056
2013-04-11,139.62264150943398
2013-04-12,120.75471698113208
2013-04-13,43.39622641509434
2013-04-14,69.81132075471699
2013-04-15,109.43396226415095
2013-04-16,118.86792452830188
2013-04-17,118.86792452830188
2013-04-18,105.66037735849056
2013-04-19,98.11320754716981
2013-04-20,67.9245283018868
2013-04-21,52.83018867924528
2013-04-22,188.67924528301887
2013-04-23,71.69811320754717
2013-04-24,171.69811320754718
2013-04-25,145.28301886792454
2013-04-26,88.67924528301887
2013-04-27,52.83018867924528
2013-04-28,50.943396226415096
2013-04-29,143.39622641509433
2013-04-30,128.30188679245282
2013-05-01,137.61682242990653
2013-05-02,110.09345794392523
2013-05-03,105.96495327102804
2013-05-04,35.7803738317757
2013-05-05,55.046728971962615
2013-05-06,74.31308411214953
2013-05-07,112.84579439252336
2013-05-08,89.45093457943925
2013-05-09,118.35046728971962
2013-05-10,78.44158878504673
2013-05-11,23.39485981308411
2013-05-12,37.15654205607476
2013-05-13,79.8177570093458
2013-05-14,85.32242990654206
2013-05-15,110.09345794392523
2013-05-16,129.35981308411215
2013-05-17,70.18457943925233
2013-05-18,44.03738317757009
2013-05-19,23.39485981308411
2013-05-20,99.0841121495327
2013-05-21,61.927570093457945
2013-05-22,90.82710280373831
2013-05-23,86.69859813084112
2013-05-24,70.18457943925233
2013-05-25,48.165887850467286
2013-05-26,46.78971962616822
2013-05-27,53.67056074766355
2013-05-28,81.19392523364486
2013-05-29,56.42289719626168
2013-05-30,67.4322429906542
2013-05-31,72.93691588785046
2013-06-01,44.173228346456696
2013-06-02,51.968503937007874
2013-06-03,77.08661417322834
2013-06-04,60.62992125984252
2013-06-05,77.08661417322834
2013-06-06,64.96062992125984
2013-06-07,43.30708661417323
2013-06-08,32.91338582677165
2013-06-09,69.29133858267717
2013-06-10,63.22834645669291
2013-06-11,86.61417322834646
2013-06-12,41.574803149606296
2013-06-13,71.02362204724409
2013-06-14,67.55905511811024
2013-06-15,25.118110236220474
2013-06-16,45.90551181102362
2013-06-17,58.031496062992126
2013-06-18,77.95275590551181
2013-06-19,74.48818897637796
2013-06-20,56.2992125984252
2013-06-21,63.22834645669291
2013-06-22,37.24409448818898
2013-06-23,40.70866141732284
2013-06-24,58.89763779527559
2013-06-25,58.031496062992126
2013-06-26,35.511811023622045
2013-06-27,42.44094488188976
2013-06-28,67.55905511811024
2013-06-29,16.456692913385826
2013-06-30,40.70866141732284
2013-07-01,39.479350033852405
2013-07-02,57.42450914014895
2013-07-03,119.63439404197698
2013-07-04,20.337846987136086
2013-07-05,44.26472579553148
2013-07-06,38.28300609343263
2013-07-07,33.497630331753555
2013-07-08,77.76235612728503
2013-07-09,99.29654705484089
2013-07-10,43.06838185511171
2013-07-11,90.9221394719025
2013-07-12,49.05010155721056
2013-07-13,37.08666215301286
2013-07-14,23.926878808395394
2013-07-15,83.74407582938389
2013-07-16,52.63913337846987
2013-07-17,66.99526066350711
2013-07-18,61.01354096140826
2013-07-19,45.46106973595125
2013-07-20,37.08666215301286
2013-07-21,28.712254570074474
2013-07-22,65.79891672308733
2013-07-23,68.19160460392688
2013-07-24,57.42450914014895
2013-07-25,57.42450914014895
2013-07-26,59.81719702098849
2013-07-27,33.497630331753555
2013-07-28,25.123222748815166
2013-07-29,53.83547731888964
2013-07-30,102.8855788761002
2013-07-31,93.31482735274204
2013-08-01,57.49928126497364
2013-08-02,69.87254432199327
2013-08-03,31.297077144226158
2013-08-04,24.01868711068519
2013-08-05,57.49928126497364
2013-08-06,63.321993291806415
2013-08-07,29.11356013416387
2013-08-08,57.49928126497364
2013-08-09,45.85385721130809
2013-08-10,47.309535218016286
2013-08-11,43.6703402012458
2013-08-12,72.78390033540967
2013-08-13,65.5055103018687
2013-08-14,51.676569238140864
2013-08-15,52.40440824149496
2013-08-16,49.493052228078575
2013-08-17,43.6703402012458
2013-08-18,43.6703402012458
2013-08-19,54.58792525155725
2013-08-20,53.86008624820315
2013-08-21,64.04983229516051
2013-08-22,66.9611883085769
2013-08-23,56.04360325826544
2013-08-24,35.664111164350736
2013-08-25,27.657882127455675
2013-08-26,27.657882127455675
2013-08-27,33.48059415428845
2013-08-28,55.31576425491135
2013-08-29,59.68279827503593
2013-08-30,58.95495927168183
2013-08-31,18.923814087206512
2013-09-01,26.69891172914148
2013-09-02,24.377267230955262
2013-09-03,49.91535671100363
2013-09-04,74.2926239419589
2013-09-05,76.61426844014511
2013-09-06,45.2720677146312
2013-09-07,38.307134220072555
2013-09-08,25.53808948004837
2013-09-09,51.07617896009674
2013-09-10,68.48851269649336
2013-09-11,75.453446191052
2013-09-12,99.83071342200726
2013-09-13,40.62877871825877
2013-09-14,48.754534461910524
2013-09-15,51.07617896009674
2013-09-16,68.48851269649336
2013-09-17,71.97097944377268
2013-09-18,116.08222490931077
2013-09-19,91.70495767835551
2013-09-20,105.6348246674728
2013-09-21,41.78960096735188
2013-09-22,55.719467956469174
2013-09-23,82.41837968561065
2013-09-24,100.99153567110037
2013-09-25,89.3833131801693
2013-09-26,97.50906892382105
2013-09-27,48.754534461910524
2013-09-28,44.11124546553809
2013-09-29,38.307134220072555
2013-09-30,70.81015719467958
2013-10-01,60.18214841722885
2013-10-02,113.36637259989621
2013-10-03,75.57758173326414
2013-10-04,100.77010897768552
2013-10-05,39.18837571354437
2013-10-06,61.58173326414115
2013-10-07,97.97093928386093
2013-10-08,100.77010897768552
2013-10-09,100.77010897768552
2013-10-10,83.97509081473794
2013-10-11,88.17384535547482
2013-10-12,39.18837571354437
2013-10-13,86.77426050856253
2013-10-14,124.5630513751946
2013-10-15,86.77426050856253
2013-10-16,97.97093928386093
2013-10-17,88.17384535547482
2013-10-18,82.57550596782563
2013-10-19,62.98131811105345
2013-10-20,69.97924234561495
2013-10-21,86.77426050856253
2013-10-22,104.96886351842242
2013-10-23,139.9584846912299
2013-10-24,97.97093928386093
2013-10-25,85.37467566165023
2013-10-26,51.78463933575506
2013-10-27,46.18629994810586
2013-10-28,97.97093928386093
2013-10-29,93.77218474312403
2013-10-30,125.9626362221069
2013-10-31,104.96886351842242
2013-11-01,88.95142180094787
2013-11-02,50.13625592417061
2013-11-03,42.04976303317535
2013-11-04,103.50710900473933
2013-11-05,97.03791469194313
2013-11-06,116.44549763033174
2013-11-07,139.08767772511848
2013-11-08,109.97630331753554
2013-11-09,58.22274881516587
2013-11-10,45.28436018957346
2013-11-11,64.69194312796208
2013-11-12,148.79146919431278
2013-11-13,132.61848341232226
2013-11-14,161.72985781990522
2013-11-15,131.00118483412322
2013-11-16,64.69194312796208
2013-11-17,77.6303317535545
2013-11-18,134.23578199052133
2013-11-19,118.0627962085308
2013-11-20,106.74170616113744
2013-11-21,114.8281990521327
2013-11-22,85.71682464454976
2013-11-23,64.69194312796208
2013-11-24,56.605450236966824
2013-11-25,106.74170616113744
2013-11-26,71.1611374407583
2013-11-27,80.86492890995261
2013-11-28,63.07464454976303
2013-11-29,54.98815165876777
2013-11-30,40.432464454976305
2013-12-01,88.20083682008368
2013-12-02,108.95397489539748
2013-12-03,95.98326359832636
2013-12-04,98.57740585774059
2013-12-05,129.70711297071128
2013-12-06,84.30962343096233
2013-12-07,64.85355648535564
2013-12-08,35.020920502092046
2013-12-09,115.43933054393305
2013-12-10,67.44769874476987
2013-12-11,123.22175732217573
2013-12-12,112.84518828451883
2013-12-13,88.20083682008368
2013-12-14,33.72384937238493
2013-12-15,47.99163179916318
2013-12-16,90.7949790794979
2013-12-17,72.63598326359832
2013-12-18,114.14225941422593
2013-12-19,105.06276150627615
2013-12-20,46.69456066945607
2013-12-21,19.456066945606693
2013-12-22,47.99163179916318
2013-12-23,41.50627615062761
2013-12-24,37.61506276150627
2013-12-25,68.74476987447699
2013-12-26,50.58577405857741
2013-12-27,41.50627615062761
2013-12-28,31.12970711297071
2013-12-29,22.05020920502092
2013-12-30,38.91213389121339
2013-12-31,46.69456066945607
2014-01-01,27.63627101375446
2014-01-02,68.53795211411106
2014-01-03,46.428935303107494
2014-01-04,28.74172185430464
2014-01-05,24.319918492103923
2014-01-06,61.90524707080999
2014-01-07,64.11614875191034
2014-01-08,82.90881304126339
2014-01-09,79.59246051961284
2014-01-10,70.74885379521142
2014-01-11,43.11258278145696
2014-01-12,25.425369332654103
2014-01-13,68.53795211411106
2014-01-14,100.59602649006624
2014-01-15,110.54508405501784
2014-01-16,98.38512480896588
2014-01-17,86.22516556291392
2014-01-18,54.16709118695874
2014-01-19,40.9016811003566
2014-01-20,58.588894549159455
2014-01-21,97.2796739684157
2014-01-22,92.85787060621499
2014-01-23,99.49057564951606
2014-01-24,77.38155883851249
2014-01-25,65.22159959246052
2014-01-26,53.061640346408566
2014-01-27,93.96332144676516
2014-01-28,61.90524707080999
2014-01-29,96.17422312786552
2014-01-30,109.43963321446766
2014-01-31,81.8033622007132
2014-02-01,50.174856413529035
2014-02-02,18.11869814932993
2014-02-03,91.98723675813656
2014-02-04,115.68091895341416
2014-02-05,79.4435226547543
2014-02-06,139.37460114869177
2014-02-07,80.83726866624121
2014-02-08,45.99361837906828
2014-02-09,64.11231652839821
2014-02-10,79.4435226547543
2014-02-11,82.23101467772814
2014-02-12,78.04977664326738
2014-02-13,75.26228462029354
2014-02-14,76.65603063178047
2014-02-15,43.206126356094444
2014-02-16,54.35609444798978
2014-02-17,54.35609444798978
2014-02-18,108.71218889597957
2014-02-19,75.26228462029354
2014-02-20,104.53095086151882
2014-02-21,96.16847479259731
2014-02-22,29.26866624122527
2014-02-23,32.056158264199105
2014-02-24,104.53095086151882
2014-02-25,104.53095086151882
2014-02-26,89.19974473516272
2014-02-27,90.59349074664964
2014-02-28,119.86215698787491
2014-03-01,42.83870967741935
2014-03-02,69.61290322580645
2014-03-03,93.70967741935483
2014-03-04,91.03225806451613
2014-03-05,107.09677419354838
2014-03-06,115.12903225806451
2014-03-07,124.49999999999999
2014-03-08,25.43548387096774
2014-03-09,50.87096774193548
2014-03-10,89.69354838709677
2014-03-11,116.46774193548386
2014-03-12,105.75806451612902
2014-03-13,99.06451612903226
2014-03-14,78.98387096774194
2014-03-15,22.758064516129032
2014-03-16,61.58064516129032
2014-03-17,91.03225806451613
2014-03-18,111.11290322580645
2014-03-19,92.37096774193547
2014-03-20,96.38709677419354
2014-03-21,77.64516129032258
2014-03-22,25.43548387096774
2014-03-23,61.58064516129032
2014-03-24,92.37096774193547
2014-03-25,84.33870967741935
2014-03-26,97.7258064516129
2014-03-27,133.8709677419355
2014-03-28,74.96774193548387
2014-03-29,25.43548387096774
2014-03-30,83.0
2014-03-31,131.19354838709677
2014-04-01,100.1794453507341
2014-04-02,113.2463295269168
2014-04-03,117.60195758564437
2014-04-04,97.27569331158239
2014-04-05,40.65252854812398
2014-04-06,62.43066884176183
2014-04-07,82.75693311582381
2014-04-08,91.46818923327895
2014-04-09,105.98694942903752
2014-04-10,114.69820554649266
2014-04-11,87.11256117455139
2014-04-12,37.74877650897227
2014-04-13,56.6231647634584
2014-04-14,69.69004893964112
2014-04-15,97.27569331158239
2014-04-16,84.20880913539968
2014-04-17,90.0163132137031
2014-04-18,75.49755301794454
2014-04-19,30.489396411092986
2014-04-20,60.97879282218597
2014-04-21,145.18760195758566
2014-04-22,113.2463295269168
2014-04-23,143.73572593800978
2014-04-24,108.89070146818923
2014-04-25,84.20880913539968
2014-04-26,49.36378466557912
2014-04-27,78.40130505709625
2014-04-28,133.57259380097878
2014-04-29,92.92006525285481
2014-04-30,104.53507340946166
2014-05-01,104.51756007393716
2014-05-02,101.76709796672829
2014-05-03,27.504621072088725
2014-05-04,64.63585951940851
2014-05-05,93.51571164510167
2014-05-06,81.13863216266174
2014-05-07,86.63955637707949
2014-05-08,94.89094269870611
2014-05-09,99.01663585951941
2014-05-10,53.63401109057302
2014-05-11,20.628465804066543
2014-05-12,67.38632162661737
2014-05-13,137.52310536044362
2014-05-14,78.38817005545287
2014-05-15,82.51386321626617
2014-05-16,89.39001848428836
2014-05-17,12.377079482439926
2014-05-18,42.632162661737524
2014-05-19,79.76340110905731
2014-05-20,83.88909426987061
2014-05-21,85.26432532347505
2014-05-22,90.7652495378928
2014-05-23,107.26802218114604
2014-05-24,27.504621072088725
2014-05-25,44.00739371534196
2014-05-26,30.2550831792976
2014-05-27,96.26617375231054
2014-05-28,64.63585951940851
2014-05-29,79.76340110905731
2014-05-30,68.76155268022181
2014-05-31,35.75600739371534
2014-06-01,21.158463385354143
2014-06-02,49.08763505402161
2014-06-03,38.93157262905162
2014-06-04,46.54861944777912
2014-06-05,73.63145258103242
2014-06-06,84.63385354141657
2014-06-07,22.00480192076831
2014-06-08,82.94117647058823
2014-06-09,49.93397358943578
2014-06-10,56.704681872749106
2014-06-11,50.78031212484994
2014-06-12,54.165666266506605
2014-06-13,42.316926770708285
2014-06-14,44.00960384153662
2014-06-15,40.624249699879954
2014-06-16,27.92917166866747
2014-06-17,53.31932773109244
2014-06-18,33.85354141656663
2014-06-19,52.472989195678274
2014-06-20,49.93397358943578
2014-06-21,35.54621848739496
2014-06-22,52.472989195678274
2014-06-23,57.55102040816327
2014-06-24,48.24129651860744
2014-06-25,73.63145258103242
2014-06-26,51.626650660264104
2014-06-27,42.316926770708285
2014-06-28,34.69987995198079
2014-06-29,22.00480192076831
2014-06-30,16.926770708283314
2014-07-01,59.80918727915194
2014-07-02,25.30388692579505
2014-07-03,63.64310954063604
2014-07-04,36.03886925795053
2014-07-05,19.936395759717314
2014-07-06,41.40636042402827
2014-07-07,62.87632508833922
2014-07-08,65.17667844522968
2014-07-09,41.40636042402827
2014-07-10,67.47703180212014
2014-07-11,58.275618374558306
2014-07-12,39.10600706713781
2014-07-13,34.505300353356894
2014-07-14,65.9434628975265
2014-07-15,47.54063604240283
2014-07-16,45.24028268551237
2014-07-17,60.57597173144877
2014-07-18,40.639575971731446
2014-07-19,39.87279151943463
2014-07-20,54.44169611307421
2014-07-21,52.908127208480565
2014-07-22,76.67844522968198
2014-07-23,59.80918727915194
2014-07-24,64.40989399293287
2014-07-25,51.37455830388693
2014-07-26,26.070671378091873
2014-07-27,9.201413427561837
2014-07-28,59.042402826855124
2014-07-29,31.43816254416961
2014-07-30,59.042402826855124
2014-07-31,59.80918727915194
2014-08-01,31.80561330561331
2014-08-02,54.81392931392932
2014-08-03,34.512474012474016
2014-08-04,47.37006237006238
2014-08-05,47.37006237006238
2014-08-06,67.67151767151768
2014-08-07,61.58108108108109
2014-08-08,43.309771309771314
2014-08-09,17.594594594594597
2014-08-10,56.167359667359676
2014-08-11,29.775467775467778
2014-08-12,52.10706860706861
2014-08-13,50.07692307692308
2014-08-14,58.87422037422038
2014-08-15,31.80561330561331
2014-08-16,38.57276507276508
2014-08-17,46.6933471933472
2014-08-18,41.27962577962578
2014-08-19,43.98648648648649
2014-08-20,39.92619542619543
2014-08-21,40.602910602910605
2014-08-22,52.10706860706861
2014-08-23,8.120582120582121
2014-08-24,12.180873180873181
2014-08-25,33.15904365904366
2014-08-26,49.4002079002079
2014-08-27,62.257796257796265
2014-08-28,56.84407484407485
2014-08-29,37.8960498960499
2014-08-30,29.0987525987526
2014-08-31,25.03846153846154
2014-09-01,29.714605484051482
2014-09-02,47.543368774482374
2014-09-03,47.543368774482374
2014-09-04,37.63850027979854
2014-09-05,46.552881925013985
2014-09-06,27.733631785114717
2014-09-07,26.743144935646335
2014-09-08,50.51482932288752
2014-09-09,71.31505316172355
2014-09-10,91.1247901510912
2014-09-11,72.30554001119194
2014-09-12,68.3435926133184
2014-09-13,39.61947397873531
2014-09-14,31.695579182988247
2014-09-15,87.16284275321767
2014-09-16,81.21992165640738
2014-09-17,85.18186905428091
2014-09-18,53.48628987129267
2014-09-19,59.429210968102964
2014-09-20,37.63850027979854
2014-09-21,59.429210968102964
2014-09-22,93.10576385002797
2014-09-23,69.33407946278679
2014-09-24,99.04868494683828
2014-09-25,74.2865137101287
2014-09-26,66.36261891438164
2014-09-27,45.5623950755456
2014-09-28,44.57190822607722
2014-09-29,63.391158365976494
2014-09-30,62.40067151650811
2014-10-01,66.31790837575197
2014-10-02,89.38500694123091
2014-10-03,74.00694123091162
2014-10-04,31.71726052753355
2014-10-05,55.745488199907456
2014-10-06,71.12355391022675
2014-10-07,94.1906524757057
2014-10-08,91.30726515502083
2014-10-09,80.73484497917632
2014-10-10,54.7843590930125
2014-10-11,31.71726052753355
2014-10-12,50.93984266543267
2014-10-13,59.59000462748728
2014-10-14,90.34613604812587
2014-10-15,88.42387783433597
2014-10-16,70.1624248033318
2014-10-17,41.328551596483116
2014-10-18,31.71726052753355
2014-10-19,39.4062933826932
2014-10-20,83.61823229986118
2014-10-21,89.38500694123091
2014-10-22,66.31790837575197
2014-10-23,60.55113373438223
2014-10-24,67.27903748264693
2014-10-25,31.71726052753355
2014-10-26,43.250809810273026
2014-10-27,96.1129106894956
2014-10-28,84.57936140675614
2014-10-29,90.34613604812587
2014-10-30,82.65710319296623
2014-10-31,68.24016658954189
2014-11-01,17.48958953004164
2014-11-02,53.718024985127904
2014-11-03,103.68828078524687
2014-11-04,76.20464009518145
2014-11-05,77.45389649018442
2014-11-06,69.95835812016657
2014-11-07,89.94646044021417
2014-11-08,57.465794170136824
2014-11-09,39.97620464009518
2014-11-10,88.6972040452112
2014-11-11,89.94646044021417
2014-11-12,76.20464009518145
2014-11-13,124.92563950029745
2014-11-14,94.94348602022606
2014-11-15,36.22843545508626
2014-11-16,31.231409875074363
2014-11-17,112.4330755502677
2014-11-18,88.6972040452112
2014-11-19,84.94943486020226
2014-11-20,124.92563950029745
2014-11-21,66.21058893515765
2014-11-22,68.70910172516359
2014-11-23,51.21951219512195
2014-11-24,74.95538370017847
2014-11-25,67.45984533016062
2014-11-26,52.46876859012493
2014-11-27,37.477691850089236
2014-11-28,38.72694824509221
2014-11-29,32.480666270077336
2014-11-30,71.20761451516954
2014-12-01,100.5542662116041
2014-12-02,134.07235494880547
2014-12-03,139.65870307167236
2014-12-04,129.8825938566553
2014-12-05,135.46894197952219
2014-12-06,48.88054607508533
2014-12-07,62.84641638225256
2014-12-08,110.33037542662117
2014-12-09,103.34744027303755
2014-12-10,114.52013651877134
2014-12-11,111.72696245733789
2014-12-12,120.10648464163823
2014-12-13,51.673720136518774
2014-12-14,33.51808873720137
2014-12-15,78.20887372013652
2014-12-16,97.76109215017065
2014-12-17,72.62252559726963
2014-12-18,74.01911262798635
2014-12-19,48.88054607508533
2014-12-20,15.36245733788396
2014-12-21,9.776109215017065
2014-12-22,40.501023890784985
2014-12-23,12.569283276450513
2014-12-24,23.7419795221843
2014-12-25,33.51808873720137
2014-12-26,13.965870307167236
2014-12-27,37.70784982935154
2014-12-28,0.0
2014-12-29,36.311262798634814
2014-12-30,25.138566552901025
2014-12-31,29.328327645051196
2015-01-01,35.10064701653487
2015-01-02,28.080517613227897
2015-01-03,28.080517613227897
2015-01-04,30.888569374550684
2015-01-05,71.60531991373114
2015-01-06,42.120776419841846
2015-01-07,64.58519051042416
2015-01-08,70.20129403306974
2015-01-09,61.77713874910137
2015-01-10,32.29259525521208
2015-01-11,39.31272465851905
2015-01-12,53.352983465133
2015-01-13,102.49388928828182
2015-01-14,78.6254493170381
2015-01-15,75.81739755571532
2015-01-16,65.98921639108555
2015-01-17,28.080517613227897
2015-01-18,39.31272465851905
2015-01-19,53.352983465133
2015-01-20,91.26168224299066
2015-01-21,71.60531991373114
2015-01-22,60.373112868439975
2015-01-23,61.77713874910137
2015-01-24,58.96908698777858
2015-01-25,39.31272465851905
2015-01-26,92.66570812365205
2015-01-27,120.74622573687995
2015-01-28,82.8375269590223
2015-01-29,140.4025880661395
2015-01-30,85.64557872034509
2015-01-31,46.332854061826026
2015-02-01,42.38241172551633
2015-02-02,74.16922051965358
2015-02-03,84.76482345103265
2015-02-04,91.38707528314458
2015-02-05,90.0626249167222
2015-02-06,76.81812125249834
2015-02-07,15.893404397068622
2015-02-08,51.65356429047302
2015-02-09,103.30712858094604
2015-02-10,74.16922051965358
2015-02-11,132.44503664223853
2015-02-12,76.81812125249834
2015-02-13,72.84477015323118
2015-02-14,19.866755496335777
2015-02-15,23.840106595602933
2015-02-16,56.951365756162566
2015-02-17,92.71152564956697
2015-02-18,72.84477015323118
2015-02-19,104.63157894736844
2015-02-20,98.00932711525651
2015-02-21,43.70686209193871
2015-02-22,35.7601598934044
2015-02-23,70.19586942038642
2015-02-24,74.16922051965358
2015-02-25,84.76482345103265
2015-02-26,108.60493004663559
2015-02-27,79.46702198534311
2015-02-28,35.7601598934044
2015-03-01,82.73165618448637
2015-03-02,97.97169811320754
2015-03-03,74.0230607966457
2015-03-04,75.11163522012578
2015-03-05,70.75733752620545
2015-03-06,47.897274633123686
2015-03-07,27.214360587002094
2015-03-08,59.87159329140461
2015-03-09,88.1745283018868
2015-03-10,68.58018867924528
2015-03-11,97.97169811320754
2015-03-12,76.20020964360587
2015-03-13,69.66876310272536
2015-03-14,28.30293501048218
2015-03-15,11.974318658280922
2015-03-16,62.04874213836478
2015-03-17,83.82023060796645
2015-03-18,79.46593291404612
2015-03-19,59.87159329140461
2015-03-20,90.35167714884696
2015-03-21,40.2772536687631
2015-03-22,47.897274633123686
2015-03-23,84.90880503144653
2015-03-24,63.13731656184486
2015-03-25,53.340146750524106
2015-03-26,91.44025157232704
2015-03-27,108.85744234800838
2015-03-28,47.897274633123686
2015-03-29,30.480083857442345
2015-03-30,80.5545073375262
2015-03-31,76.20020964360587
2015-04-01,89.74468085106383
2015-04-02,100.65957446808511
2015-04-03,46.08510638297873
2015-04-04,58.21276595744681
2015-04-05,37.59574468085107
2015-04-06,71.55319148936171
2015-04-07,93.38297872340426
2015-04-08,94.59574468085107
2015-04-09,63.06382978723405
2015-04-10,72.76595744680851
2015-04-11,41.23404255319149
2015-04-12,48.51063829787235
2015-04-13,115.21276595744682
2015-04-14,121.27659574468086
2015-04-15,93.38297872340426
2015-04-16,69.12765957446808
2015-04-17,60.63829787234043
2015-04-18,16.97872340425532
2015-04-19,57.00000000000001
2015-04-20,95.80851063829788
2015-04-21,89.74468085106383
2015-04-22,95.80851063829788
2015-04-23,109.14893617021278
2015-04-24,105.51063829787235
2015-04-25,32.74468085106383
2015-04-26,37.59574468085107
2015-04-27,103.08510638297874
2015-04-28,99.4468085106383
2015-04-29,72.76595744680851
2015-04-30,87.31914893617022
2015-05-01,81.62289562289561
2015-05-02,42.58585858585858
2015-05-03,28.390572390572387
2015-05-04,72.15937149270482
2015-05-05,53.23232323232323
2015-05-06,78.07407407407408
2015-05-07,91.08641975308642
2015-05-08,56.781144781144775
2015-05-09,43.768799102132434
2015-05-10,68.61054994388327
2015-05-11,72.15937149270482
2015-05-12,98.18406285072952
2015-05-13,89.90347923681257
2015-05-14,118.29405162738496
2015-05-15,79.25701459034792
2015-05-16,18.927048260381593
2015-05-17,72.15937149270482
2015-05-18,54.41526374859708
2015-05-19,94.63524130190797
2015-05-20,101.73288439955107
2015-05-21,60.329966329966325
2015-05-22,35.48821548821549
2015-05-23,40.21997755331088
2015-05-24,26.02469135802469
2015-05-25,42.58585858585858
2015-05-26,89.90347923681257
2015-05-27,73.34231200897867
2015-05-28,102.91582491582491
2015-05-29,110.01346801346801
2015-05-30,53.23232323232323
2015-05-31,57.96408529741863
2015-06-01,53.36384439359267
2015-06-02,54.37070938215102
2015-06-03,100.68649885583523
2015-06-04,85.58352402745994
2015-06-05,47.322654462242554
2015-06-06,22.15102974828375
2015-06-07,18.12356979405034
2015-06-08,62.42562929061784
2015-06-09,45.30892448512585
2015-06-10,35.24027459954233
2015-06-11,57.39130434782608
2015-06-12,48.32951945080091
2015-06-13,9.06178489702517
2015-06-14,23.157894736842103
2015-06-15,69.4736842105263
2015-06-16,41.28146453089244
2015-06-17,42.2883295194508
2015-06-18,56.38443935926773
2015-06-19,26.178489702517158
2015-06-20,9.06178489702517
2015-06-21,18.12356979405034
2015-06-22,39.26773455377574
2015-06-23,27.18535469107551
2015-06-24,60.41189931350114
2015-06-25,60.41189931350114
2015-06-26,62.42562929061784
2015-06-27,22.15102974828375
2015-06-28,18.12356979405034
2015-06-29,66.45308924485126
2015-06-30,38.260869565217384
2015-07-01,28.47129909365559
2015-07-02,40.571601208459214
2015-07-03,17.08277945619335
2015-07-04,33.45377643504531
2015-07-05,9.964954682779455
2015-07-06,42.70694864048338
2015-07-07,31.318429003021144
2015-07-08,60.50151057401812
2015-07-09,71.17824773413896
2015-07-10,51.24833836858006
2015-07-11,22.77703927492447
2015-07-12,27.047734138972807
2015-07-13,41.99516616314199
2015-07-14,48.401208459214494
2015-07-15,41.99516616314199
2015-07-16,35.58912386706948
2015-07-17,29.183081570996976
2015-07-18,27.759516616314198
2015-07-19,28.47129909365559
2015-07-20,51.24833836858006
2015-07-21,38.436253776435045
2015-07-22,48.401208459214494
2015-07-23,36.300906344410876
2015-07-24,48.401208459214494
2015-07-25,22.77703927492447
2015-07-26,40.571601208459214
2015-07-27,31.318429003021144
2015-07-28,49.11299093655589
2015-07-29,34.877341389728095
2015-07-30,53.383685800604226
2015-07-31,33.45377643504531
2015-08-01,46.74345549738219
2015-08-02,38.66433973240255
2015-08-03,34.04770215241419
2015-08-04,36.93310063990692
2015-08-05,50.20593368237347
2015-08-06,40.395578824898195
2015-08-07,10.38743455497382
2015-08-08,16.73531122745782
2015-08-09,12.695753344968002
2015-08-10,43.28097731239092
2015-08-11,35.778941244909824
2015-08-12,46.74345549738219
2015-08-13,57.70796974985456
2015-08-14,27.122745782431643
2015-08-15,20.77486910994764
2015-08-16,12.695753344968002
2015-08-17,23.083187899941823
2015-08-18,16.158231529959277
2015-08-19,39.2414194299011
2015-08-20,29.431064572425825
2015-08-21,50.20593368237347
2015-08-22,12.118673647469457
2015-08-23,24.81442699243746
2015-08-24,22.50610820244328
2015-08-25,28.85398487492728
2015-08-26,34.624781849912736
2015-08-27,45.01221640488656
2015-08-28,26.545666084933096
2015-08-29,16.73531122745782
2015-08-30,45.01221640488656
2015-08-31,46.74345549738219
2015-09-01,52.15848610289769
2015-09-02,61.72087522176227
2015-09-03,59.98225901833234
2015-09-04,51.289178001182734
2015-09-05,20.863394441159077
2015-09-06,21.732702542874037
2015-09-07,27.81785925487877
2015-09-08,41.726788882318154
2015-09-09,51.289178001182734
2015-09-10,47.811945594322886
2015-09-11,46.94263749260792
2015-09-12,13.039621525724423
2015-09-13,7.823772915434654
2015-09-14,45.204021289178
2015-09-15,54.766410408042574
2015-09-16,86.0615020697812
2015-09-17,60.85156712004731
2015-09-18,46.94263749260792
2015-09-19,20.863394441159077
2015-09-20,33.03370786516854
2015-09-21,72.1525724423418
2015-09-22,68.67534003548197
2015-09-23,84.32288586635127
2015-09-24,86.93081017149615
2015-09-25,59.98225901833234
2015-09-26,17.386162034299232
2015-09-27,33.03370786516854
2015-09-28,59.98225901833234
2015-09-29,73.89118864577173
2015-09-30,61.72087522176227
2015-10-01,50.67462376751427
2015-10-02,51.68811624286456
2015-10-03,24.323819408406848
2015-10-04,40.53969901401142
2015-10-05,70.94447327451998
2015-10-06,84.11987545407369
2015-10-07,89.18733783082511
2015-10-08,49.66113129216399
2015-10-09,78.03892060197198
2015-10-10,29.391281785158277
2015-10-11,25.337311883757135
2015-10-12,63.850025947067984
2015-10-13,80.06590555267255
2015-10-14,73.98495070057083
2015-10-15,60.80954852101713
2015-10-16,94.25480020757654
2015-10-17,20.26984950700571
2015-10-18,58.782563570316555
2015-10-19,80.06590555267255
2015-10-20,66.89050337311883
2015-10-21,74.99844317592112
2015-10-22,69.93098079916969
2015-10-23,72.97145822522054
2015-10-24,52.70160871821484
2015-10-25,35.47223663725999
2015-10-26,78.03892060197198
2015-10-27,99.32226258432797
2015-10-28,101.34924753502854
2015-10-29,72.97145822522054
2015-10-30,57.76907109496627
2015-10-31,44.59366891541256
2015-11-01,46.92263279445727
2015-11-02,82.93302540415704
2015-11-03,62.19976905311778
2015-11-04,87.29792147806003
2015-11-05,94.93648960739029
2015-11-06,81.84180138568128
2015-11-07,28.37182448036951
2015-11-08,37.10161662817551
2015-11-09,105.8487297921478
2015-11-10,89.48036951501153
2015-11-11,56.74364896073902
2015-11-12,106.93995381062355
2015-11-13,82.93302540415704
2015-11-14,37.10161662817551
2015-11-15,49.10508083140877
2015-11-16,69.83833718244803
2015-11-17,77.47690531177828
2015-11-18,75.29445727482678
2015-11-19,88.38914549653579
2015-11-20,82.93302540415704
2015-11-21,50.19630484988452
2015-11-22,24.00692840646651
2015-11-23,55.65242494226327
2015-11-24,74.20323325635103
2015-11-25,39.28406466512702
2015-11-26,20.73325635103926
2015-11-27,12.003464203233255
2015-11-28,37.10161662817551
2015-11-29,24.00692840646651
2015-11-30,109.12240184757505
2015-12-01,117.39344262295083
2015-12-02,115.86885245901641
2015-12-03,123.49180327868854
2015-12-04,74.70491803278689
2015-12-05,28.967213114754102
2015-12-06,54.88524590163935
2015-12-07,132.63934426229508
2015-12-08,126.54098360655739
2015-12-09,106.72131147540985
2015-12-10,152.45901639344262
2015-12-11,99.09836065573771
2015-12-12,24.393442622950822
2015-12-13,33.54098360655738
2015-12-14,100.62295081967214
2015-12-15,71.65573770491804
2015-12-16,76.22950819672131
2015-12-17,91.47540983606558
2015-12-18,64.03278688524591
2015-12-19,30.49180327868853
2015-12-20,18.295081967213115
2015-12-21,53.360655737704924
2015-12-22,47.26229508196722
2015-12-23,25.91803278688525
2015-12-24,21.34426229508197
2015-12-25,15.245901639344265
2015-12-26,9.147540983606557
2015-12-27,21.34426229508197
2015-12-28,10.672131147540984
2015-12-29,25.91803278688525
2015-12-30,36.59016393442623
2015-12-31,42.68852459016394
2016-01-01,34.028361344537814
2016-01-02,36.71481092436974
2016-01-03,36.71481092436974
2016-01-04,65.3702731092437
2016-01-05,56.41544117647059
2016-01-06,68.05672268907563
2016-01-07,75.22058823529412
2016-01-08,59.10189075630252
2016-01-09,16.118697478991596
2016-01-10,48.356092436974784
2016-01-11,37.61029411764706
2016-01-12,62.68382352941176
2016-01-13,44.77415966386554
2016-01-14,60.89285714285714
2016-01-15,77.01155462184873
2016-01-16,33.1328781512605
2016-01-17,38.505777310924366
2016-01-18,29.55094537815126
2016-01-19,57.310924369747895
2016-01-20,88.65283613445378
2016-01-21,66.265756302521
2016-01-22,68.05672268907563
2016-01-23,45.669642857142854
2016-01-24,38.505777310924366
2016-01-25,70.74317226890756
2016-01-26,81.48897058823529
2016-01-27,79.69800420168066
2016-01-28,89.54831932773108
2016-01-29,76.11607142857142
2016-01-30,26.864495798319325
2016-01-31,35.819327731092436
2016-02-01,72.57183297947628
2016-02-02,93.50601556970983
2016-02-03,39.07714083510262
2016-02-04,93.50601556970983
2016-02-05,57.22009907997169
2016-02-06,46.0552016985138
2016-02-07,44.659589525831564
2016-02-08,55.824486907289455
2016-02-09,71.17622080679405
2016-02-10,47.45081387119603
2016-02-11,61.4069355980184
2016-02-12,48.846426043878274
2016-02-13,23.725406935598016
2016-02-14,48.846426043878274
2016-02-15,47.45081387119603
2016-02-16,55.824486907289455
2016-02-17,65.59377211606511
2016-02-18,94.90162774239207
2016-02-19,62.802547770700635
2016-02-20,46.0552016985138
2016-02-21,57.22009907997169
2016-02-22,103.27530077848549
2016-02-23,90.71479122434536
2016-02-24,139.56121726822363
2016-02-25,117.23142250530785
2016-02-26,83.73673036093419
2016-02-27,51.637650389242744
2016-02-28,64.19815994338288
2016-02-29,87.92356687898089
2016-03-01,83.35269709543567
2016-03-02,95.701244813278
2016-03-03,79.23651452282157
2016-03-04,77.17842323651452
2016-03-05,57.626556016597505
2016-03-06,53.5103734439834
2016-03-07,84.3817427385892
2016-03-08,96.73029045643153
2016-03-09,102.90456431535269
2016-03-10,81.29460580912863
2016-03-11,67.91701244813277
2016-03-12,30.871369294605806
2016-03-13,53.5103734439834
2016-03-14,98.78838174273858
2016-03-15,88.49792531120332
2016-03-16,88.49792531120332
2016-03-17,95.701244813278
2016-03-18,63.800829875518666
2016-03-19,30.871369294605806
2016-03-20,36.016597510373444
2016-03-21,60.71369294605809
2016-03-22,81.29460580912863
2016-03-23,61.74273858921161
2016-03-24,86.43983402489626
2016-03-25,49.39419087136929
2016-03-26,33.95850622406638
2016-03-27,60.71369294605809
2016-03-28,69.97510373443983
2016-03-29,100.84647302904563
2016-03-30,95.701244813278
2016-03-31,64.8298755186722
2016-04-01,42.817711328349624
2016-04-02,36.52098907418056
2016-04-03,49.114433582518686
2016-04-04,76.82001150086256
2016-04-05,104.52558941920644
2016-04-06,112.08165612420932
2016-04-07,124.67510063254744
2016-04-08,64.22656699252444
2016-04-09,36.52098907418056
2016-04-10,57.92984473835538
2016-04-11,79.3387004025302
2016-04-12,81.85738930419781
2016-04-13,125.93444508338125
2016-04-14,69.26394479585969
2016-04-15,59.189189189189186
2016-04-16,28.96492236917769
2016-04-17,31.483611270845312
2016-04-18,73.04197814836112
2016-04-19,96.96952271420356
2016-04-20,89.41345600920069
2016-04-21,85.63542265669925
2016-04-22,60.448533640023
2016-04-23,47.85508913168488
2016-04-24,31.483611270845312
2016-04-25,93.19148936170212
2016-04-26,81.85738930419781
2016-04-27,122.15641173087981
2016-04-28,104.52558941920644
2016-04-29,84.37607820586544
2016-04-30,37.78033352501438
2016-05-01,56.514044943820224
2016-05-02,46.23876404494382
2016-05-03,109.1748595505618
2016-05-04,62.93609550561798
2016-05-05,78.34901685393258
2016-05-06,64.22050561797754
2016-05-07,38.532303370786515
2016-05-08,69.35814606741573
2016-05-09,114.3125
2016-05-10,128.44101123595507
2016-05-11,50.09199438202247
2016-05-12,74.49578651685394
2016-05-13,42.38553370786517
2016-05-14,29.541432584269664
2016-05-15,12.844101123595506
2016-05-16,78.34901685393258
2016-05-17,79.63342696629213
2016-05-18,71.92696629213484
2016-05-19,97.61516853932585
2016-05-20,65.50491573033707
2016-05-21,39.81671348314607
2016-05-22,55.22963483146068
2016-05-23,65.50491573033707
2016-05-24,68.07373595505618
2016-05-25,50.09199438202247
2016-05-26,47.52317415730337
2016-05-27,32.11025280898877
2016-05-28,16.697331460674157
2016-05-29,10.275280898876405
2016-05-30,25.68820224719101
2016-05-31,47.52317415730337
2016-06-01,48.8112676056338
2016-06-02,56.51830985915493
2016-06-03,64.22535211267606
2016-06-04,12.845070422535212
2016-06-05,31.47042253521127
2016-06-06,56.51830985915493
2016-06-07,64.22535211267606
2016-06-08,56.51830985915493
2016-06-09,50.095774647887325
2016-06-10,31.47042253521127
2016-06-11,22.47887323943662
2016-06-12,28.901408450704228
2016-06-13,32.75492957746479
2016-06-14,39.819718309859155
2016-06-15,48.8112676056338
2016-06-16,35.96619718309859
2016-06-17,53.949295774647894
2016-06-18,26.974647887323947
2016-06-19,16.698591549295777
2016-06-20,22.47887323943662
2016-06-21,44.31549295774648
2016-06-22,49.45352112676056
2016-06-23,30.185915492957747
2016-06-24,28.259154929577466
2016-06-25,19.909859154929578
2016-06-26,30.185915492957747
2016-06-27,24.4056338028169
2016-06-28,41.10422535211268
2016-06-29,36.608450704225355
2016-06-30,34.03943661971831
2016-07-01,38.406364110589465
2016-07-02,14.55399061032864
2016-07-03,11.319770474700054
2016-07-04,18.1924882629108
2016-07-05,22.639540949400107
2016-07-06,31.12936880542515
2016-07-07,40.42775169535734
2016-07-08,38.002086593635894
2016-07-09,18.1924882629108
2016-07-10,10.91549295774648
2016-07-11,21.83098591549296
2016-07-12,27.89514866979656
2016-07-13,38.406364110589465
2016-07-14,39.21491914449661
2016-07-15,22.235263432446533
2016-07-16,10.91549295774648
2016-07-17,25.873761085028693
2016-07-18,34.363588941053735
2016-07-19,33.95931142410016
2016-07-20,28.703703703703706
2016-07-21,28.703703703703706
2016-07-22,25.873761085028693
2016-07-23,29.10798122065728
2016-07-24,18.1924882629108
2016-07-25,30.725091288471575
2016-07-26,24.660928534167972
2016-07-27,24.660928534167972
2016-07-28,15.362545644235787
2016-07-29,21.83098591549296
2016-07-30,17.788210745957226
2016-07-31,10.91549295774648
2016-08-01,18.783412572636028
2016-08-02,35.53618594823032
2016-08-03,33.50554675118859
2016-08-04,30.967247754886422
2016-08-05,12.183835182250395
2016-08-06,7.107237189646064
2016-08-07,37.566825145272055
2016-08-08,25.382989963021657
2016-08-09,31.474907554146856
2016-08-10,20.306391970417327
2016-08-11,50.765979926043315
2016-08-12,23.86001056524036
2016-08-13,23.352350765979924
2016-08-14,20.306391970417327
2016-08-15,22.84469096671949
2016-08-16,29.444268357105123
2016-08-17,43.65874273639725
2016-08-18,44.67406233491812
2016-08-19,27.41362916006339
2016-08-20,27.921288959323824
2016-08-21,38.074484944532486
2016-08-22,38.074484944532486
2016-08-23,43.15108293713682
2016-08-24,43.15108293713682
2016-08-25,45.68938193343898
2016-08-26,24.875330163761223
2016-08-27,19.29107237189646
2016-08-28,19.29107237189646
2016-08-29,31.982567353407287
2016-08-30,45.18172213417855
2016-08-31,45.18172213417855
2016-09-01,40.52008238928939
2016-09-02,45.16992790937178
2016-09-03,22.58496395468589
2016-09-04,19.927909371781666
2016-09-05,27.899073120494332
2016-09-06,45.83419155509783
2016-09-07,49.819773429454166
2016-09-08,61.77651905252317
2016-09-09,44.50566426364572
2016-09-10,13.285272914521112
2016-09-11,24.577754891864057
2016-09-12,29.227600411946444
2016-09-13,39.85581874356333
2016-09-14,64.4335736354274
2016-09-15,56.462409886714724
2016-09-16,49.819773429454166
2016-09-17,15.942327497425334
2016-09-18,27.234809474768277
2016-09-19,65.7621009268795
2016-09-20,66.42636457260555
2016-09-21,45.16992790937178
2016-09-22,54.46961894953655
2016-09-23,61.11225540679711
2016-09-24,25.90628218331617
2016-09-25,27.899073120494332
2016-09-26,47.826982492276
2016-09-27,56.462409886714724
2016-09-28,55.798146240988665
2016-09-29,48.491246138002055
2016-09-30,55.798146240988665
2016-10-01,8.949340735600277
2016-10-02,24.610687022900763
2016-10-03,68.23872310895212
2016-10-04,63.76405274115197
2016-10-05,78.30673143650242
2016-10-06,74.95072866065232
2016-10-07,52.577376821651626
2016-10-08,12.305343511450381
2016-10-09,33.560027758501036
2016-10-10,41.39070090215128
2016-10-11,62.64538514920194
2016-10-12,66.00138792505204
2016-10-13,41.39070090215128
2016-10-14,45.86537126995142
2016-10-15,22.37335183900069
2016-10-16,36.916030534351144
2016-10-17,49.221374045801525
2016-10-18,59.289382373351835
2016-10-19,93.9680777238029
2016-10-20,57.05204718945176
2016-10-21,60.40804996530187
2016-10-22,16.780013879250518
2016-10-23,36.916030534351144
2016-10-24,76.06939625260236
2016-10-25,60.40804996530187
2016-10-26,111.86675919500347
2016-10-27,81.66273421235253
2016-10-28,48.10270645385149
2016-10-29,34.67869535045107
2016-10-30,45.86537126995142
2016-10-31,45.86537126995142
2016-11-01,58.67689357622244
2016-11-02,46.59635666347076
2016-11-03,69.03163950143816
2016-11-04,56.95110258868648
2016-11-05,20.709491850431448
2016-11-06,34.51581975071908
2016-11-07,60.40268456375839
2016-11-08,65.58005752636626
2016-11-09,43.144774688398854
2016-11-10,70.75743048897412
2016-11-11,46.59635666347076
2016-11-12,41.418983700862896
2016-11-13,50.04793863854267
2016-11-14,82.83796740172579
2016-11-15,82.83796740172579
2016-11-16,172.57909875359542
2016-11-17,70.75743048897412
2016-11-18,62.12847555129434
2016-11-19,24.161073825503358
2016-11-20,25.88686481303931
2016-11-21,74.20901246404603
2016-11-22,81.11217641418985
2016-11-23,48.322147651006716
2016-11-24,32.79002876318313
2016-11-25,24.161073825503358
2016-11-26,39.693192713326944
2016-11-27,48.322147651006716
2016-11-28,77.66059443911793
2016-11-29,89.74113135186961
2016-11-30,98.37008628954938
2016-12-01,93.71624548736462
2016-12-02,80.66714801444043
2016-12-03,35.588447653429604
2016-12-04,45.07870036101083
2016-12-05,85.41227436823104
2016-12-06,109.13790613718412
2016-12-07,104.39277978339351
2016-12-08,110.32418772563177
2016-12-09,85.41227436823104
2016-12-10,42.70613718411552
2016-12-11,36.77472924187725
2016-12-12,118.62815884476534
2016-12-13,86.5985559566787
2016-12-14,75.92202166064982
2016-12-15,72.36317689530686
2016-12-16,67.61805054151624
2016-12-17,15.421660649819493
2016-12-18,33.2158844765343
2016-12-19,56.941516245487364
2016-12-20,26.098194945848377
2016-12-21,46.26498194945848
2016-12-22,28.470758122743682
2016-12-23,16.60794223826715
2016-12-24,3.5588447653429602
2016-12-25,20.166787003610107
2016-12-26,17.794223826714802
2016-12-27,26.098194945848377
2016-12-28,41.51985559566787
2016-12-29,34.40216606498195
2016-12-30,14.235379061371841
2016-12-31,11.862815884476534
2017-01-01,24.08264462809917
2017-01-02,25.802833530106255
2017-01-03,38.70425029515938
2017-01-04,55.90613931523022
2017-01-05,57.62632821723731
2017-01-06,43.86481700118063
2017-01-07,36.12396694214876
2017-01-08,27.52302243211334
2017-01-09,67.94746162927981
2017-01-10,44.72491145218418
2017-01-11,56.76623376623376
2017-01-12,55.04604486422668
2017-01-13,41.28453364817001
2017-01-14,8.600944510035418
2017-01-15,32.68358913813459
2017-01-16,36.12396694214876
2017-01-17,49.02538370720189
2017-01-18,79.12868949232585
2017-01-19,72.24793388429752
2017-01-20,86.00944510035418
2017-01-21,21.502361275088546
2017-01-22,24.08264462809917
2017-01-23,53.3258559622196
2017-01-24,76.54840613931523
2017-01-25,64.50708382526564
2017-01-26,68.80755608028335
2017-01-27,38.70425029515938
2017-01-28,22.36245572609209
2017-01-29,19.782172373081462
2017-01-30,59.34651711924439
2017-01-31,68.80755608028335
2017-02-01,58.53866666666667
2017-02-02,65.85600000000001
2017-02-03,64.81066666666668
2017-02-04,19.861333333333334
2017-02-05,13.589333333333334
2017-02-06,66.90133333333334
2017-02-07,79.44533333333334
2017-02-08,51.22133333333334
2017-02-09,64.81066666666668
2017-02-10,62.720000000000006
2017-02-11,14.634666666666668
2017-02-12,28.224000000000004
2017-02-13,67.94666666666667
2017-02-14,64.81066666666668
2017-02-15,73.17333333333335
2017-02-16,97.21600000000001
2017-02-17,49.13066666666667
2017-02-18,30.31466666666667
2017-02-19,37.632000000000005
2017-02-20,45.994666666666674
2017-02-21,82.58133333333335
2017-02-22,50.176
2017-02-23,66.90133333333334
2017-02-24,61.674666666666674
2017-02-25,30.31466666666667
2017-02-26,44.949333333333335
2017-02-27,70.03733333333334
2017-02-28,104.53333333333335
2017-03-01,73.85574948665298
2017-03-02,76.2905544147844
2017-03-03,62.493326488706366
2017-03-04,22.724845995893226
2017-03-05,20.29004106776181
2017-03-06,80.34856262833677
2017-03-07,81.16016427104724
2017-03-08,75.47895277207392
2017-03-09,63.30492813141684
2017-03-10,62.493326488706366
2017-03-11,17.855236139630392
2017-03-12,23.536447638603697
2017-03-13,57.62371663244353
2017-03-14,42.20328542094456
2017-03-15,60.870123203285424
2017-03-16,54.37731006160165
2017-03-17,44.63809034907597
2017-03-18,30.840862422997947
2017-03-19,30.840862422997947
2017-03-20,43.01488706365503
2017-03-21,77.10215605749487
2017-03-22,56.00051334702259
2017-03-23,54.37731006160165
2017-03-24,68.98613963039014
2017-03-25,23.536447638603697
2017-03-26,23.536447638603697
2017-03-27,38.1452772073922
2017-03-28,47.884496919917865
2017-03-29,68.98613963039014
2017-03-30,65.73973305954826
2017-03-31,32.46406570841889
2017-04-01,23.97188049209139
2017-04-02,21.792618629173994
2017-04-03,58.84007029876978
2017-04-04,57.75043936731108
2017-04-05,81.72231985940248
2017-04-06,93.70826010544816
2017-04-07,66.46748681898067
2017-04-08,32.68892794376099
2017-04-09,21.792618629173994
2017-04-10,69.73637961335677
2017-04-11,70.82601054481547
2017-04-12,70.82601054481547
2017-04-13,80.63268892794378
2017-04-14,49.03339191564148
2017-04-15,30.509666080843587
2017-04-16,26.15114235500879
2017-04-17,77.36379613356767
2017-04-18,90.43936731107206
2017-04-19,82.81195079086118
2017-04-20,65.37785588752197
2017-04-21,82.81195079086118
2017-04-22,27.24077328646749
2017-04-23,46.85413005272408
2017-04-24,81.72231985940248
2017-04-25,106.78383128295256
2017-04-26,108.96309314586996
2017-04-27,59.92970123022848
2017-04-28,100.24604569420036
2017-04-29,38.13708260105449
2017-04-30,34.86818980667839
2017-05-01,79.74399105645612
2017-05-02,102.23588596981554
2017-05-03,93.03465623253214
2017-05-04,66.4533258803801
2017-05-05,93.03465623253214
2017-05-06,42.93907210732253
2017-05-07,37.82727780883175
2017-05-08,93.03465623253214
2017-05-09,77.69927333705981
2017-05-10,75.6545556176635
2017-05-11,67.47568474007826
2017-05-12,69.52040245947457
2017-05-13,41.91671324762437
2017-05-14,44.98378982671884
2017-05-15,84.8557853549469
2017-05-16,85.87814421464506
2017-05-17,44.98378982671884
2017-05-18,53.16266070430408
2017-05-19,74.63219675796535
2017-05-20,24.53661263275573
2017-05-21,24.53661263275573
2017-05-22,53.16266070430408
2017-05-23,54.18501956400224
2017-05-24,48.0508664058133
2017-05-25,76.67691447736166
2017-05-26,35.78256008943544
2017-05-27,19.424818334264952
2017-05-28,35.78256008943544
2017-05-29,20.447177193963107
2017-05-30,50.09558412520962
2017-05-31,57.25209614309671
2017-06-01,31.565881604073837
2017-06-02,55.37873965626989
2017-06-03,9.414385741565882
2017-06-04,24.92043284532145
2017-06-05,48.733290897517506
2017-06-06,30.458306810948443
2017-06-07,45.96435391470401
2017-06-08,46.51814131126671
2017-06-09,19.382558879694464
2017-06-10,15.50604710375557
2017-06-11,19.382558879694464
2017-06-12,35.99618077657543
2017-06-13,30.458306810948443
2017-06-14,35.99618077657543
2017-06-15,34.888605983450034
2017-06-16,32.119669000636534
2017-06-17,6.091661362189688
2017-06-18,22.151495862507957
2017-06-19,38.76511775938893
2017-06-20,34.33481858688734
2017-06-21,34.888605983450034
2017-06-22,19.93634627625716
2017-06-23,17.721196690006366
2017-06-24,12.183322724379376
2017-06-25,22.151495862507957
2017-06-26,31.565881604073837
2017-06-27,27.135582431572246
2017-06-28,24.92043284532145
2017-06-29,33.227243793761936
2017-06-30,28.243157224697647
2017-07-01,15.638216560509553
2017-07-02,28.90700636942675
2017-07-03,28.90700636942675
2017-07-04,9.477707006369426
2017-07-05,27.959235668789805
2017-07-06,18.48152866242038
2017-07-07,16.112101910828024
2017-07-08,15.164331210191081
2017-07-09,15.164331210191081
2017-07-10,26.06369426751592
2017-07-11,36.489171974522286
2017-07-12,36.489171974522286
2017-07-13,34.119745222929936
2017-07-14,24.168152866242036
2017-07-15,6.160509554140127
2017-07-16,12.321019108280254
2017-07-17,36.96305732484076
2017-07-18,28.90700636942675
2017-07-19,47.38853503184713
2017-07-20,15.638216560509553
2017-07-21,35.06751592356687
2017-07-22,24.168152866242036
2017-07-23,15.164331210191081
2017-07-24,28.433121019108277
2017-07-25,33.64585987261146
2017-07-26,38.85859872611464
2017-07-27,23.220382165605095
2017-07-28,15.638216560509553
2017-07-29,18.00764331210191
2017-07-30,15.638216560509553
2017-07-31,15.638216560509553
2017-08-01,27.82281412854661
2017-08-02,23.784018529241457
2017-08-03,27.82281412854661
2017-08-04,23.335263462651994
2017-08-05,26.476548928778225
2017-08-06,9.872611464968152
2017-08-07,16.603937463810073
2017-08-08,8.077591198610307
2017-08-09,30.51534452808338
2017-08-10,38.144180660104226
2017-08-11,17.501447596988996
2017-08-12,16.155182397220614
2017-08-13,16.603937463810073
2017-08-14,39.93920092646207
2017-08-15,36.79791546033584
2017-08-16,17.052692530399536
2017-08-17,34.10538506079907
2017-08-18,25.579038795599303
2017-08-19,13.013896931094383
2017-08-20,6.731325998841922
2017-08-21,31.861609727851764
2017-08-22,44.87550665894614
2017-08-23,25.130283729009843
2017-08-24,25.130283729009843
2017-08-25,42.631731325998835
2017-08-26,19.296467863346844
2017-08-27,9.42385639837869
2017-08-28,25.130283729009843
2017-08-29,26.92530399536769
2017-08-30,43.977996525767225
2017-08-31,24.68152866242038
2017-09-01,19.898348157560356
2017-09-02,19.212198221092756
2017-09-03,17.15374841168996
2017-09-04,28.818297331639137
2017-09-05,20.584498094027953
2017-09-06,35.67979669631512
2017-09-07,38.42439644218551
2017-09-08,25.387547649301144
2017-09-09,18.52604828462516
2017-09-10,10.292249047013977
2017-09-11,22.64294790343075
2017-09-12,27.44599745870394
2017-09-13,54.89199491740788
2017-09-14,32.93519695044473
2017-09-15,61.753494282083864
2017-09-16,33.62134688691233
2017-09-17,19.212198221092756
2017-09-18,48.03049555273189
2017-09-19,34.30749682337992
2017-09-20,68.61499364675984
2017-09-21,60.38119440914866
2017-09-22,64.49809402795425
2017-09-23,14.409148665819568
2017-09-24,19.212198221092756
2017-09-25,60.38119440914866
2017-09-26,57.636594663278274
2017-09-27,32.93519695044473
2017-09-28,67.92884371029226
2017-09-29,33.62134688691233
2017-09-30,31.56289707750953
2017-10-01,18.32576210400478
2017-10-02,38.24506873879259
2017-10-03,37.44829647340107
2017-10-04,64.5385534967125
2017-10-05,62.14823670053796
2017-10-06,41.43215780035864
2017-10-07,5.577405857740586
2017-10-08,20.71607890017932
2017-10-09,54.97728631201434
2017-10-10,43.02570233114166
2017-10-11,48.603108188882246
2017-10-12,48.603108188882246
2017-10-13,34.261207411835024
2017-10-14,13.545128511655708
2017-10-15,31.07411835026898
2017-10-16,48.603108188882246
2017-10-17,55.77405857740586
2017-10-18,79.67722653915122
2017-10-19,66.13209802749552
2017-10-20,39.83861326957561
2017-10-21,19.122534369396295
2017-10-22,23.903167961745368
2017-10-23,61.35146443514644
2017-10-24,76.49013747758518
2017-10-25,48.603108188882246
2017-10-26,59.75791990436342
2017-10-27,36.65152420800956
2017-10-28,15.935445307830244
2017-10-29,18.32576210400478
2017-10-30,56.57083084279737
2017-10-31,63.74178123132098
2017-11-01,67.64629388816645
2017-11-02,59.68790637191157
2017-11-03,62.67230169050715
2017-11-04,22.88036410923277
2017-11-05,13.927178153446034
2017-11-06,52.724317295188555
2017-11-07,59.68790637191157
2017-11-08,47.750325097529256
2017-11-09,62.67230169050715
2017-11-10,41.7815344603381
2017-11-11,16.911573472041614
2017-11-12,29.843953185955787
2017-11-13,63.66710013003901
2017-11-14,89.53185955786736
2017-11-15,69.63589076723017
2017-11-16,82.56827048114434
2017-11-17,61.67750325097529
2017-11-18,19.89596879063719
2017-11-19,33.82314694408323
2017-11-20,59.68790637191157
2017-11-21,43.77113133940182
2017-11-22,32.828348504551364
2017-11-23,22.88036410923277
2017-11-24,31.833550065019505
2017-11-25,32.828348504551364
2017-11-26,13.927178153446034
2017-11-27,64.66189856957087
2017-11-28,80.57867360208063
2017-11-29,88.5370611183355
2017-11-30,99.47984395318595
2017-12-01,52.57387580299786
2017-12-02,56.468236973590294
2017-12-03,34.075660242683796
2017-12-04,97.35902926481084
2017-12-05,94.43825838686652
2017-12-06,68.15132048536759
2017-12-07,81.78158458244111
2017-12-08,70.09850107066381
2017-12-09,25.31334760885082
2017-12-10,31.15488936473947
2017-12-11,73.99286224125625
2017-12-12,76.91363311920057
2017-12-13,85.67594575303355
2017-12-14,65.23054960742327
2017-12-15,49.65310492505353
2017-12-16,14.603854389721628
2017-12-17,20.445396145610278
2017-12-18,53.547466095645966
2017-12-19,46.732334047109205
2017-12-20,63.283369022127054
2017-12-21,34.075660242683796
2017-12-22,24.33975731620271
2017-12-23,14.603854389721628
2017-12-24,5.841541755888651
2017-12-25,19.47180585296217
2017-12-26,16.551034975017846
2017-12-27,26.28693790149893
2017-12-28,24.33975731620271
2017-12-29,13.63026409707352
2017-12-30,11.683083511777301
2017-12-31,11.683083511777301
2018-01-01,8.107098381070983
2018-01-02,35.67123287671233
2018-01-03,42.15691158156912
2018-01-04,28.374844333748445
2018-01-05,47.021170610211705
2018-01-06,21.07845579078456
2018-01-07,25.94271481942715
2018-01-08,58.371108343711086
2018-01-09,55.93897882938979
2018-01-10,73.77459526774595
2018-01-11,45.39975093399751
2018-01-12,41.34620174346202
2018-01-13,32.42839352428393
2018-01-14,10.53922789539228
2018-01-15,21.07845579078456
2018-01-16,35.67123287671233
2018-01-17,47.021170610211705
2018-01-18,68.09962640099627
2018-01-19,62.42465753424658
2018-01-20,16.214196762141967
2018-01-21,30.806973848069738
2018-01-22,42.15691158156912
2018-01-23,51.0747198007472
2018-01-24,47.021170610211705
2018-01-25,62.42465753424658
2018-01-26,36.481942714819425
2018-01-27,29.99626400996264
2018-01-28,26.753424657534246
2018-01-29,47.831880448318806
2018-01-30,81.07098381070983
2018-01-31,69.72104607721046
2018-02-01,73.35167859108421
2018-02-02,50.05173362685746
2018-02-03,16.396257567418825
2018-02-04,49.18877270225647
2018-02-05,68.17391304347827
2018-02-06,83.7072096862961
2018-02-07,58.68134287286737
2018-02-08,73.35167859108421
2018-02-09,68.17391304347827
2018-02-10,34.51843698403963
2018-02-11,25.888827738029722
2018-02-12,65.5850302696753
2018-02-13,63.85910842047331
2018-02-14,75.94056136488719
2018-02-15,54.366538249862415
2018-02-16,55.229499174463406
2018-02-17,21.57402311502477
2018-02-18,55.229499174463406
2018-02-19,57.81838194826638
2018-02-20,48.32581177765548
2018-02-21,60.40726472206935
2018-02-22,57.81838194826638
2018-02-23,52.640616400660434
2018-02-24,86.29609246009908
2018-02-25,29.340671436433684
2018-02-26,56.0924600990644
2018-02-27,79.39240506329115
2018-02-28,46.5998899284535
2018-03-01,78.07407407407408
2018-03-02,44.77777777777778
2018-03-03,26.40740740740741
2018-03-04,21.814814814814813
2018-03-05,114.81481481481481
2018-03-06,73.48148148148148
2018-03-07,80.37037037037037
2018-03-08,68.88888888888889
2018-03-09,70.03703703703704
2018-03-10,16.074074074074073
2018-03-11,34.44444444444444
2018-03-12,59.7037037037037
2018-03-13,58.55555555555556
2018-03-14,35.592592592592595
2018-03-15,68.88888888888889
2018-03-16,52.81481481481482
2018-03-17,26.40740740740741
2018-03-18,35.592592592592595
2018-03-19,111.37037037037037
2018-03-20,57.407407407407405
2018-03-21,53.96296296296296
2018-03-22,39.03703703703704
2018-03-23,87.25925925925925
2018-03-24,27.555555555555557
2018-03-25,25.25925925925926
2018-03-26,67.74074074074073
2018-03-27,57.407407407407405
2018-03-28,83.81481481481481
2018-03-29,49.37037037037037
2018-03-30,44.77777777777778
2018-03-31,33.2962962962963
2018-04-01,30.72096128170895
2018-04-02,61.4419225634179
2018-04-03,62.623497997329785
2018-04-04,66.16822429906543
2018-04-05,57.897196261682254
2018-04-06,50.80774365821095
2018-04-07,31.902536715620833
2018-04-08,27.1762349799733
2018-04-09,70.89452603471297
2018-04-10,76.80240320427238
2018-04-11,64.98664886515355
2018-04-12,89.79973297730308
2018-04-13,55.534045393858484
2018-04-14,8.271028037383179
2018-04-15,23.631508678237655
2018-04-16,66.16822429906543
2018-04-17,77.98397863818425
2018-04-18,76.80240320427238
2018-04-19,75.62082777036049
2018-04-20,41.3551401869159
2018-04-21,34.265687583444596
2018-04-22,38.99198931909213
2018-04-23,101.6154873164219
2018-04-24,118.15754339118827
2018-04-25,69.71295060080108
2018-04-26,77.98397863818425
2018-04-27,60.260347129506016
2018-04-28,28.357810413885183
2018-04-29,35.447263017356484
2018-04-30,88.6181575433912
2018-05-01,92.68791946308724
2018-05-02,73.02684563758389
2018-05-03,87.07046979865771
2018-05-04,77.70805369127517
2018-05-05,16.85234899328859
2018-05-06,19.661073825503355
2018-05-07,93.62416107382549
2018-05-08,67.40939597315436
2018-05-09,70.21812080536913
2018-05-10,78.64429530201342
2018-05-11,76.7718120805369
2018-05-12,22.46979865771812
2018-05-13,26.214765100671137
2018-05-14,58.98322147651006
2018-05-15,73.02684563758389
2018-05-16,71.15436241610738
2018-05-17,76.7718120805369
2018-05-18,41.194630872483216
2018-05-19,25.278523489932883
2018-05-20,22.46979865771812
2018-05-21,42.130872483221474
2018-05-22,80.51677852348993
2018-05-23,35.57718120805369
2018-05-24,71.15436241610738
2018-05-25,29.95973154362416
2018-05-26,20.597315436241608
2018-05-27,23.406040268456373
2018-05-28,29.95973154362416
2018-05-29,42.130872483221474
2018-05-30,76.7718120805369
2018-05-31,50.55704697986577
2018-06-01,47.10144927536232
2018-06-02,6.1231884057971016
2018-06-03,20.724637681159418
2018-06-04,40.97826086956522
2018-06-05,36.268115942028984
2018-06-06,46.630434782608695
2018-06-07,19.782608695652172
2018-06-08,27.789855072463766
2018-06-09,5.6521739130434785
2018-06-10,14.601449275362318
2018-06-11,32.971014492753625
2018-06-12,45.21739130434783
2018-06-13,37.21014492753623
2018-06-14,16.956521739130434
2018-06-15,15.072463768115941
2018-06-16,14.601449275362318
2018-06-17,14.601449275362318
2018-06-18,22.13768115942029
2018-06-19,33.91304347826087
2018-06-20,37.68115942028985
2018-06-21,24.963768115942027
2018-06-22,37.68115942028985
2018-06-23,2.8260869565217392
2018-06-24,29.673913043478258
2018-06-25,29.202898550724637
2018-06-26,42.391304347826086
2018-06-27,19.31159420289855
2018-06-28,24.963768115942027
2018-06-29,12.717391304347826
2018-06-30,20.253623188405797
2018-07-01,25.74064582265505
2018-07-02,9.851358277806254
2018-07-03,27.32957457713993
2018-07-04,8.58021527421835
2018-07-05,31.77857508969759
2018-07-06,21.927216811891338
2018-07-07,16.842644797539723
2018-07-08,28.282931829830858
2018-07-09,16.842644797539723
2018-07-10,28.60071758072783
2018-07-11,29.55407483341876
2018-07-12,27.647360328036903
2018-07-13,25.74064582265505
2018-07-14,17.1604305484367
2018-07-15,13.98257303946694
2018-07-16,17.1604305484367
2018-07-17,31.77857508969759
2018-07-18,27.011788826242952
2018-07-19,20.33828805740646
2018-07-20,17.79600205023065
2018-07-21,5.7201435161455665
2018-07-22,8.58021527421835
2018-07-23,19.702716555612508
2018-07-24,12.075858534085086
2018-07-25,28.91850333162481
2018-07-26,27.32957457713993
2018-07-27,17.79600205023065
2018-07-28,14.300358790363916
2018-07-29,14.935930292157868
2018-07-30,17.1604305484367
2018-07-31,9.533572526909278
2018-08-01,17.145679012345678
2018-08-02,13.930864197530862
2018-08-03,12.323456790123457
2018-08-04,11.251851851851852
2018-08-05,14.466666666666665
2018-08-06,10.180246913580246
2018-08-07,9.644444444444444
2018-08-08,24.646913580246913
2018-08-09,12.323456790123457
2018-08-10,15.002469135802468
2018-08-11,11.251851851851852
2018-08-12,8.572839506172839
2018-08-13,27.325925925925922
2018-08-14,34.291358024691355
2018-08-15,19.82469135802469
2018-08-16,30.004938271604935
2018-08-17,12.323456790123457
2018-08-18,11.787654320987654
2018-08-19,17.145679012345678
2018-08-20,37.50617283950617
2018-08-21,21.9679012345679
2018-08-22,31.612345679012343
2018-08-23,19.82469135802469
2018-08-24,12.323456790123457
2018-08-25,20.360493827160493
2018-08-26,13.930864197530862
2018-08-27,41.25679012345679
2018-08-28,33.75555555555555
2018-08-29,53.58024691358024
2018-08-30,31.612345679012343
2018-08-31,19.82469135802469
2018-09-01,39.45841392649903
2018-09-02,19.729206963249514
2018-09-03,26.963249516441003
2018-09-04,28.278529980657638
2018-09-05,37.48549323017408
2018-09-06,32.22437137330754
2018-09-07,30.25145067698259
2018-09-08,13.81044487427466
2018-09-09,26.963249516441003
2018-09-10,25.64796905222437
2018-09-11,34.19729206963249
2018-09-12,30.25145067698259
2018-09-13,46.69245647969051
2018-09-14,44.719535783365565
2018-09-15,30.909090909090907
2018-09-16,24.99032882011605
2018-09-17,48.66537717601547
2018-09-18,38.80077369439071
2018-09-19,33.539651837524175
2018-09-20,49.32301740812378
2018-09-21,28.936170212765955
2018-09-22,17.098646034816245
2018-09-23,27.62088974854932
2018-09-24,46.69245647969051
2018-09-25,65.76402321083171
2018-09-26,43.40425531914893
2018-09-27,40.11605415860735
2018-09-28,30.909090909090907
2018-09-29,23.0174081237911
2018-09-30,33.539651837524175
2018-10-01,39.439790575916234
2018-10-02,55.50785340314136
2018-10-03,56.968586387434556
2018-10-04,67.92408376963351
2018-10-05,37.97905759162304
2018-10-06,30.67539267015707
2018-10-07,13.87696335078534
2018-10-08,62.08115183246073
2018-10-09,58.42931937172775
2018-10-10,42.361256544502616
2018-10-11,47.473821989528794
2018-10-12,47.473821989528794
2018-10-13,11.68586387434555
2018-10-14,36.518324607329845
2018-10-15,44.55235602094241
2018-10-16,59.159685863874344
2018-10-17,72.30628272251309
2018-10-18,57.69895287958116
2018-10-19,59.159685863874344
2018-10-20,16.798429319371728
2018-10-21,10.955497382198953
2018-10-22,44.55235602094241
2018-10-23,55.50785340314136
2018-10-24,73.03664921465969
2018-10-25,66.46335078534031
2018-10-26,21.910994764397905
2018-10-27,22.641361256544503
2018-10-28,24.832460732984295
2018-10-29,53.31675392670157
2018-10-30,37.97905759162304
2018-10-31,65.73298429319372
2018-11-01,65.0261780104712
2018-11-02,41.74520069808028
2018-11-03,16.858638743455497
2018-11-04,47.36474694589878
2018-11-05,65.0261780104712
2018-11-06,49.77312390924956
2018-11-07,57.80104712041885
2018-11-08,57.80104712041885
2018-11-09,53.7870855148342
2018-11-10,29.703315881326354
2018-11-11,21.675392670157066
2018-11-12,49.77312390924956
2018-11-13,80.27923211169285
2018-11-14,47.36474694589878
2018-11-15,63.42059336823735
2018-11-16,46.56195462478185
2018-11-17,13.647469458987784
2018-11-18,43.35078534031413
2018-11-19,47.36474694589878
2018-11-20,47.36474694589878
2018-11-21,24.88656195462478
2018-11-22,21.675392670157066
2018-11-23,20.069808027923212
2018-11-24,20.87260034904014
2018-11-25,15.25305410122164
2018-11-26,65.0261780104712
2018-11-27,58.603839441535776
2018-11-28,80.27923211169285
2018-11-29,56.19546247818499
2018-11-30,71.44851657940663
2018-12-01,32.86746987951807
2018-12-02,29.879518072289155
2018-12-03,99.59839357429718
2018-12-04,82.66666666666666
2018-12-05,54.77911646586345
2018-12-06,73.70281124497991
2018-12-07,63.7429718875502
2018-12-08,33.86345381526104
2018-12-09,27.88755020080321
2018-12-10,77.6867469879518
2018-12-11,90.63453815261043
2018-12-12,49.79919678714859
2018-12-13,68.72289156626506
2018-12-14,70.714859437751
2018-12-15,22.907630522088354
2018-12-16,16.93172690763052
2018-12-17,43.82329317269076
2018-12-18,47.80722891566265
2018-12-19,46.81124497991968
2018-12-20,27.88755020080321
2018-12-21,28.88353413654618
2018-12-22,14.939759036144578
2018-12-23,20.915662650602407
2018-12-24,17.927710843373493
2018-12-25,2.9879518072289155
2018-12-26,21.91164658634538
2018-12-27,9.959839357429718
2018-12-28,12.947791164658634
2018-12-29,19.919678714859437
2018-12-30,13.943775100401606
2018-12-31,12.947791164658634
2019-01-01,15.710407239819006
2019-01-02,38.294117647058826
2019-01-03,29.457013574660635
2019-01-04,40.2579185520362
2019-01-05,8.83710407239819
2019-01-06,17.67420814479638
2019-01-07,98.19004524886878
2019-01-08,63.82352941176471
2019-01-09,42.22171945701358
2019-01-10,68.73303167420815
2019-01-11,65.78733031674209
2019-01-12,43.203619909502265
2019-01-13,48.113122171945705
2019-01-14,38.294117647058826
2019-01-15,48.113122171945705
2019-01-16,61.859728506787334
2019-01-17,54.00452488687783
2019-01-18,48.113122171945705
2019-01-19,14.728506787330318
2019-01-20,11.782805429864254
2019-01-21,23.56561085972851
2019-01-22,48.113122171945705
2019-01-23,57.93212669683258
2019-01-24,40.2579185520362
2019-01-25,52.040723981900456
2019-01-26,15.710407239819006
2019-01-27,21.601809954751133
2019-01-28,35.34841628959276
2019-01-29,50.07692307692308
2019-01-30,64.8054298642534
2019-01-31,35.34841628959276
2019-02-01,52.04188481675393
2019-02-02,13.193717277486911
2019-02-03,41.047120418848166
2019-02-04,60.83769633507853
2019-02-05,48.37696335078534
2019-02-06,36.64921465968586
2019-02-07,53.50785340314136
2019-02-08,50.575916230366495
2019-02-09,20.523560209424083
2019-02-10,38.1151832460733
2019-02-11,53.50785340314136
2019-02-12,46.910994764397905
2019-02-13,51.30890052356021
2019-02-14,58.638743455497384
2019-02-15,49.84293193717277
2019-02-16,10.261780104712042
2019-02-17,33.717277486910994
2019-02-18,47.64397905759162
2019-02-19,60.83769633507853
2019-02-20,56.43979057591623
2019-02-21,34.45026178010471
2019-02-22,41.78010471204188
2019-02-23,30.05235602094241
2019-02-24,20.523560209424083
2019-02-25,60.83769633507853
2019-02-26,71.83246073298429
2019-02-27,73.29842931937172
2019-02-28,43.246073298429316
2019-03-01,79.60538641686183
2019-03-02,34.24882903981265
2019-03-03,30.54625292740047
2019-03-04,62.943793911007035
2019-03-05,62.943793911007035
2019-03-06,60.1668618266979
2019-03-07,69.42330210772835
2019-03-08,64.79508196721312
2019-03-09,32.39754098360656
2019-03-10,25.91803278688525
2019-03-11,69.42330210772835
2019-03-12,69.42330210772835
2019-03-13,38.87704918032787
2019-03-14,40.72833723653396
2019-03-15,51.8360655737705
2019-03-16,21.289812646370024
2019-03-17,19.438524590163937
2019-03-18,61.09250585480094
2019-03-19,69.42330210772835
2019-03-20,67.57201405152226
2019-03-21,82.38231850117097
2019-03-22,49.05913348946136
2019-03-23,15.735948477751759
2019-03-24,23.141100702576114
2019-03-25,75.90281030444966
2019-03-26,92.56440281030446
2019-03-27,62.943793911007035
2019-03-28,57.389929742388766
2019-03-29,55.53864168618267
2019-03-30,5.553864168618268
2019-03-31,28.694964871194383
2019-04-01,55.84192439862542
2019-04-02,85.91065292096219
2019-04-03,54.982817869415804
2019-04-04,63.57388316151202
2019-04-05,59.27835051546391
2019-04-06,18.900343642611684
2019-04-07,18.04123711340206
2019-04-08,53.26460481099656
2019-04-09,69.58762886597938
2019-04-10,73.88316151202748
2019-04-11,57.56013745704467
2019-04-12,53.26460481099656
2019-04-13,29.209621993127147
2019-04-14,18.04123711340206
2019-04-15,49.82817869415807
2019-04-16,54.123711340206185
2019-04-17,44.67353951890034
2019-04-18,82.4742268041237
2019-04-19,32.64604810996563
2019-04-20,10.309278350515463
2019-04-21,25.773195876288657
2019-04-22,54.123711340206185
2019-04-23,53.26460481099656
2019-04-24,68.72852233676976
2019-04-25,57.56013745704467
2019-04-26,69.58762886597938
2019-04-27,15.463917525773194
2019-04-28,28.350515463917525
2019-04-29,82.4742268041237
2019-04-30,59.27835051546391
2019-05-01,63.90896921017402
2019-05-02,77.60374832663989
2019-05-03,90.38554216867469
2019-05-04,19.172690763052206
2019-05-05,16.433734939759034
2019-05-06,61.17001338688085
2019-05-07,60.257028112449795
2019-05-08,52.953145917001336
2019-05-09,82.16867469879517
2019-05-10,40.17135207496653
2019-05-11,22.82463186077644
2019-05-12,33.78045515394913
2019-05-13,46.56224899598393
2019-05-14,58.43105756358768
2019-05-15,91.29852744310575
2019-05-16,66.6479250334672
2019-05-17,50.21419009370816
2019-05-18,22.82463186077644
2019-05-19,10.95582329317269
2019-05-20,25.56358768406961
2019-05-21,39.25836680053547
2019-05-22,61.17001338688085
2019-05-23,53.866131191432395
2019-05-24,41.997322623828644
2019-05-25,22.82463186077644
2019-05-26,5.477911646586345
2019-05-27,16.433734939759034
2019-05-28,44.73627844712182
2019-05-29,33.78045515394913
2019-05-30,31.95448460508701
2019-05-31,19.172690763052206
2019-06-01,21.563593932322053
2019-06-02,26.46441073512252
2019-06-03,53.90898483080513
2019-06-04,29.4049008168028
2019-06-05,39.206534422403735
2019-06-06,37.246207701283545
2019-06-07,18.623103850641773
2019-06-08,19.603267211201867
2019-06-09,13.722287047841307
2019-06-10,27.444574095682615
2019-06-11,39.206534422403735
2019-06-12,32.34539089848308
2019-06-13,40.186697782963826
2019-06-14,34.305717619603264
2019-06-15,21.563593932322053
2019-06-16,7.841306884480747
2019-06-17,11.76196032672112
2019-06-18,4.900816802800467
2019-06-19,31.365227537922987
2019-06-20,32.34539089848308
2019-06-21,33.32555425904317
2019-06-22,16.662777129521587
2019-06-23,16.662777129521587
2019-06-24,98.01633605600934
2019-06-25,47.04784130688448
2019-06-26,32.34539089848308
2019-06-27,20.58343057176196
2019-06-28,32.34539089848308
