Date,Coal
2013-01-01,0.0
2013-01-02,0.0
2013-01-03,0.0
2013-01-04,150.10526315789477
2013-01-05,0.0
2013-01-06,0.0
2013-01-07,0.0
2013-01-08,0.0
2013-01-09,144.5458089668616
2013-01-10,144.5458089668616
2013-01-11,0.0
2013-01-12,0.0
2013-01-13,172.34307992202733
2013-01-14,138.9863547758285
2013-01-15,138.9863547758285
2013-01-16,138.9863547758285
2013-01-17,144.5458089668616
2013-01-18,150.10526315789477
2013-01-19,0.0
2013-01-20,0.0
2013-01-21,0.0
2013-01-22,0.0
2013-01-23,144.5458089668616
2013-01-24,138.9863547758285
2013-01-25,0.0
2013-01-26,0.0
2013-01-27,0.0
2013-01-28,272.4132553606238
2013-01-29,555.945419103314
2013-01-30,0.0
2013-01-31,416.95906432748546
2013-02-01,0.0
2013-02-02,0.0
2013-02-03,60.21794871794872
2013-02-04,0.0
2013-02-05,49.358974358974365
2013-02-06,0.0
2013-02-07,50.34615384615385
2013-02-08,0.0
2013-02-09,0.0
2013-02-10,0.0
2013-02-11,0.0
2013-02-12,49.358974358974365
2013-02-13,0.0
2013-02-14,0.0
2013-02-15,0.0
2013-02-16,0.0
2013-02-17,0.0
2013-02-18,51.333333333333336
2013-02-19,49.358974358974365
2013-02-20,0.0
2013-02-21,0.0
2013-02-22,51.333333333333336
2013-02-23,59.23076923076923
2013-02-24,0.0
2013-02-25,48.371794871794876
2013-02-26,48.371794871794876
2013-02-27,98.71794871794873
2013-02-28,0.0
2013-03-01,316.32653061224494
2013-03-02,0.0
2013-03-03,0.0
2013-03-04,101.22448979591837
2013-03-05,0.0
2013-03-06,0.0
2013-03-07,101.22448979591837
2013-03-08,104.38775510204083
2013-03-09,0.0
2013-03-10,0.0
2013-03-11,0.0
2013-03-12,0.0
2013-03-13,0.0
2013-03-14,0.0
2013-03-15,104.38775510204083
2013-03-16,0.0
2013-03-17,0.0
2013-03-18,0.0
2013-03-19,0.0
2013-03-20,101.22448979591837
2013-03-21,0.0
2013-03-22,0.0
2013-03-23,0.0
2013-03-24,0.0
2013-03-25,199.2857142857143
2013-03-26,101.22448979591837
2013-03-27,0.0
2013-03-28,0.0
2013-03-29,110.71428571428572
2013-03-30,0.0
2013-03-31,0.0
2013-04-01,0.0
2013-04-02,101.8413021363174
2013-04-03,201.51576805696845
2013-04-04,104.00813835198372
2013-04-05,0.0
2013-04-06,130.01017293997964
2013-04-07,0.0
2013-04-08,0.0
2013-04-09,0.0
2013-04-10,0.0
2013-04-11,104.00813835198372
2013-04-12,0.0
2013-04-13,127.84333672431332
2013-04-14,0.0
2013-04-15,99.67446592065106
2013-04-16,199.34893184130212
2013-04-17,0.0
2013-04-18,201.51576805696845
2013-04-19,208.01627670396743
2013-04-20,127.84333672431332
2013-04-21,0.0
2013-04-22,101.8413021363174
2013-04-23,0.0
2013-04-24,0.0
2013-04-25,104.00813835198372
2013-04-26,216.68362156663275
2013-04-27,0.0
2013-04-28,0.0
2013-04-29,0.0
2013-04-30,101.8413021363174
2013-05-01,0.0
2013-05-02,0.0
2013-05-03,0.0
2013-05-04,0.0
2013-05-05,0.0
2013-05-06,143.43498452012383
2013-05-07,0.0
2013-05-08,0.0
2013-05-09,0.0
2013-05-10,0.0
2013-05-11,0.0
2013-05-12,0.0
2013-05-13,292.7244582043344
2013-05-14,289.79721362229105
2013-05-15,143.43498452012383
2013-05-16,146.3622291021672
2013-05-17,0.0
2013-05-18,0.0
2013-05-19,0.0
2013-05-20,143.43498452012383
2013-05-21,140.5077399380805
2013-05-22,0.0
2013-05-23,149.28947368421052
2013-05-24,0.0
2013-05-25,0.0
2013-05-26,0.0
2013-05-27,0.0
2013-05-28,0.0
2013-05-29,143.43498452012383
2013-05-30,146.3622291021672
2013-05-31,152.21671826625388
2013-06-01,0.0
2013-06-02,0.0
2013-06-03,0.0
2013-06-04,0.0
2013-06-05,88.06611570247934
2013-06-06,0.0
2013-06-07,0.0
2013-06-08,0.0
2013-06-09,0.0
2013-06-10,86.23140495867769
2013-06-11,0.0
2013-06-12,0.0
2013-06-13,0.0
2013-06-14,183.47107438016528
2013-06-15,0.0
2013-06-16,0.0
2013-06-17,88.06611570247934
2013-06-18,0.0
2013-06-19,0.0
2013-06-20,0.0
2013-06-21,0.0
2013-06-22,0.0
2013-06-23,111.91735537190083
2013-06-24,177.96694214876032
2013-06-25,174.29752066115702
2013-06-26,0.0
2013-06-27,88.06611570247934
2013-06-28,0.0
2013-06-29,0.0
2013-06-30,111.91735537190083
2013-07-01,0.0
2013-07-02,0.0
2013-07-03,109.60714285714286
2013-07-04,0.0
2013-07-05,0.0
2013-07-06,0.0
2013-07-07,0.0
2013-07-08,0.0
2013-07-09,0.0
2013-07-10,0.0
2013-07-11,0.0
2013-07-12,0.0
2013-07-13,0.0
2013-07-14,0.0
2013-07-15,0.0
2013-07-16,0.0
2013-07-17,0.0
2013-07-18,0.0
2013-07-19,0.0
2013-07-20,0.0
2013-07-21,0.0
2013-07-22,0.0
2013-07-23,102.96428571428572
2013-07-24,0.0
2013-07-25,106.28571428571429
2013-07-26,332.14285714285717
2013-07-27,0.0
2013-07-28,0.0
2013-07-29,0.0
2013-07-30,0.0
2013-07-31,0.0
2013-08-01,137.18004338394795
2013-08-02,142.55965292841648
2013-08-03,0.0
2013-08-04,0.0
2013-08-05,0.0
2013-08-06,0.0
2013-08-07,137.18004338394795
2013-08-08,0.0
2013-08-09,0.0
2013-08-10,0.0
2013-08-11,0.0
2013-08-12,0.0
2013-08-13,134.49023861171366
2013-08-14,0.0
2013-08-15,139.86984815618223
2013-08-16,142.55965292841648
2013-08-17,0.0
2013-08-18,0.0
2013-08-19,137.18004338394795
2013-08-20,0.0
2013-08-21,0.0
2013-08-22,0.0
2013-08-23,0.0
2013-08-24,0.0
2013-08-25,0.0
2013-08-26,0.0
2013-08-27,0.0
2013-08-28,0.0
2013-08-29,268.98047722342733
2013-08-30,0.0
2013-08-31,0.0
2013-09-01,0.0
2013-09-02,143.58407079646017
2013-09-03,0.0
2013-09-04,124.11504424778761
2013-09-05,124.11504424778761
2013-09-06,0.0
2013-09-07,0.0
2013-09-08,0.0
2013-09-09,0.0
2013-09-10,0.0
2013-09-11,243.36283185840708
2013-09-12,121.68141592920354
2013-09-13,126.54867256637168
2013-09-14,153.31858407079645
2013-09-15,0.0
2013-09-16,0.0
2013-09-17,0.0
2013-09-18,240.92920353982302
2013-09-19,124.11504424778761
2013-09-20,0.0
2013-09-21,0.0
2013-09-22,0.0
2013-09-23,0.0
2013-09-24,0.0
2013-09-25,124.11504424778761
2013-09-26,0.0
2013-09-27,0.0
2013-09-28,0.0
2013-09-29,0.0
2013-09-30,124.11504424778761
2013-10-01,119.09829059829059
2013-10-02,122.94017094017093
2013-10-03,0.0
2013-10-04,0.0
2013-10-05,0.0
2013-10-06,0.0
2013-10-07,0.0
2013-10-08,0.0
2013-10-09,122.94017094017093
2013-10-10,126.78205128205127
2013-10-11,126.78205128205127
2013-10-12,153.67521367521366
2013-10-13,153.67521367521366
2013-10-14,0.0
2013-10-15,0.0
2013-10-16,238.19658119658118
2013-10-17,0.0
2013-10-18,384.1880341880342
2013-10-19,0.0
2013-10-20,0.0
2013-10-21,0.0
2013-10-22,0.0
2013-10-23,0.0
2013-10-24,122.94017094017093
2013-10-25,126.78205128205127
2013-10-26,0.0
2013-10-27,0.0
2013-10-28,0.0
2013-10-29,0.0
2013-10-30,0.0
2013-10-31,0.0
2013-11-01,156.92995529061102
2013-11-02,0.0
2013-11-03,0.0
2013-11-04,0.0
2013-11-05,0.0
2013-11-06,0.0
2013-11-07,142.39940387481371
2013-11-08,148.21162444113264
2013-11-09,177.27272727272728
2013-11-10,174.3666169895678
2013-11-11,0.0
2013-11-12,139.49329359165424
2013-11-13,142.39940387481371
2013-11-14,0.0
2013-11-15,148.21162444113264
2013-11-16,0.0
2013-11-17,0.0
2013-11-18,139.49329359165424
2013-11-19,0.0
2013-11-20,0.0
2013-11-21,0.0
2013-11-22,290.6110283159463
2013-11-23,0.0
2013-11-24,0.0
2013-11-25,0.0
2013-11-26,142.39940387481371
2013-11-27,148.21162444113264
2013-11-28,0.0
2013-11-29,0.0
2013-11-30,0.0
2013-12-01,0.0
2013-12-02,0.0
2013-12-03,0.0
2013-12-04,105.81797752808988
2013-12-05,105.81797752808988
2013-12-06,215.0494382022472
2013-12-07,0.0
2013-12-08,0.0
2013-12-09,0.0
2013-12-10,0.0
2013-12-11,105.81797752808988
2013-12-12,0.0
2013-12-13,112.64494382022473
2013-12-14,0.0
2013-12-15,0.0
2013-12-16,109.2314606741573
2013-12-17,0.0
2013-12-18,0.0
2013-12-19,341.34831460674155
2013-12-20,0.0
2013-12-21,139.95280898876405
2013-12-22,143.36629213483147
2013-12-23,0.0
2013-12-24,0.0
2013-12-25,0.0
2013-12-26,0.0
2013-12-27,0.0
2013-12-28,139.95280898876405
2013-12-29,0.0
2013-12-30,0.0
2013-12-31,0.0
2014-01-01,0.0
2014-01-02,0.0
2014-01-03,0.0
2014-01-04,0.0
2014-01-05,0.0
2014-01-06,0.0
2014-01-07,0.0
2014-01-08,126.04429133858268
2014-01-09,0.0
2014-01-10,130.71259842519686
2014-01-11,0.0
2014-01-12,150.94192913385828
2014-01-13,0.0
2014-01-14,0.0
2014-01-15,0.0
2014-01-16,126.04429133858268
2014-01-17,130.71259842519686
2014-01-18,0.0
2014-01-19,155.61023622047244
2014-01-20,0.0
2014-01-21,0.0
2014-01-22,122.93208661417324
2014-01-23,0.0
2014-01-24,126.04429133858268
2014-01-25,0.0
2014-01-26,150.94192913385828
2014-01-27,119.81988188976379
2014-01-28,118.26377952755907
2014-01-29,122.93208661417324
2014-01-30,0.0
2014-01-31,0.0
2014-02-01,0.0
2014-02-02,0.0
2014-02-03,0.0
2014-02-04,0.0
2014-02-05,0.0
2014-02-06,175.00000000000003
2014-02-07,140.00000000000003
2014-02-08,0.0
2014-02-09,0.0
2014-02-10,0.0
2014-02-11,227.50000000000003
2014-02-12,115.50000000000001
2014-02-13,115.50000000000001
2014-02-14,122.50000000000001
2014-02-15,0.0
2014-02-16,0.0
2014-02-17,122.50000000000001
2014-02-18,0.0
2014-02-19,0.0
2014-02-20,350.00000000000006
2014-02-21,0.0
2014-02-22,0.0
2014-02-23,0.0
2014-02-24,112.00000000000001
2014-02-25,112.00000000000001
2014-02-26,0.0
2014-02-27,115.50000000000001
2014-02-28,0.0
2014-03-01,0.0
2014-03-02,212.01478743068392
2014-03-03,0.0
2014-03-04,0.0
2014-03-05,89.04621072088725
2014-03-06,89.04621072088725
2014-03-07,0.0
2014-03-08,0.0
2014-03-09,0.0
2014-03-10,182.33271719038817
2014-03-11,91.16635859519408
2014-03-12,0.0
2014-03-13,91.16635859519408
2014-03-14,95.40665434380776
2014-03-15,114.48798521256931
2014-03-16,0.0
2014-03-17,0.0
2014-03-18,0.0
2014-03-19,0.0
2014-03-20,0.0
2014-03-21,0.0
2014-03-22,0.0
2014-03-23,0.0
2014-03-24,0.0
2014-03-25,89.04621072088725
2014-03-26,0.0
2014-03-27,0.0
2014-03-28,93.28650646950092
2014-03-29,0.0
2014-03-30,0.0
2014-03-31,0.0
2014-04-01,0.0
2014-04-02,0.0
2014-04-03,103.16270566727606
2014-04-04,106.28884826325411
2014-04-05,0.0
2014-04-06,0.0
2014-04-07,0.0
2014-04-08,100.03656307129799
2014-04-09,103.16270566727606
2014-04-10,0.0
2014-04-11,0.0
2014-04-12,0.0
2014-04-13,134.42413162705668
2014-04-14,206.32541133455211
2014-04-15,0.0
2014-04-16,0.0
2014-04-17,0.0
2014-04-18,115.6672760511883
2014-04-19,0.0
2014-04-20,0.0
2014-04-21,106.28884826325411
2014-04-22,103.16270566727606
2014-04-23,312.6142595978062
2014-04-24,0.0
2014-04-25,218.82998171846435
2014-04-26,0.0
2014-04-27,0.0
2014-04-28,0.0
2014-04-29,100.03656307129799
2014-04-30,0.0
2014-05-01,0.0
2014-05-02,133.59303482587063
2014-05-03,161.81691542288556
2014-05-04,0.0
2014-05-05,0.0
2014-05-06,0.0
2014-05-07,124.18507462686566
2014-05-08,0.0
2014-05-09,133.59303482587063
2014-05-10,161.81691542288556
2014-05-11,0.0
2014-05-12,127.94825870646766
2014-05-13,0.0
2014-05-14,127.94825870646766
2014-05-15,0.0
2014-05-16,0.0
2014-05-17,0.0
2014-05-18,163.69850746268656
2014-05-19,0.0
2014-05-20,129.82985074626865
2014-05-21,143.0009950248756
2014-05-22,144.8825870646766
2014-05-23,0.0
2014-05-24,0.0
2014-05-25,0.0
2014-05-26,0.0
2014-05-27,0.0
2014-05-28,0.0
2014-05-29,0.0
2014-05-30,150.5273631840796
2014-05-31,188.15920398009948
2014-06-01,67.20977596741345
2014-06-02,0.0
2014-06-03,0.0
2014-06-04,52.42362525458248
2014-06-05,52.42362525458248
2014-06-06,0.0
2014-06-07,0.0
2014-06-08,0.0
2014-06-09,52.42362525458248
2014-06-10,52.42362525458248
2014-06-11,0.0
2014-06-12,0.0
2014-06-13,0.0
2014-06-14,0.0
2014-06-15,0.0
2014-06-16,0.0
2014-06-17,0.0
2014-06-18,0.0
2014-06-19,0.0
2014-06-20,0.0
2014-06-21,0.0
2014-06-22,0.0
2014-06-23,0.0
2014-06-24,0.0
2014-06-25,0.0
2014-06-26,0.0
2014-06-27,0.0
2014-06-28,0.0
2014-06-29,0.0
2014-06-30,53.09572301425662
2014-07-01,0.0
2014-07-02,0.0
2014-07-03,0.0
2014-07-04,0.0
2014-07-05,0.0
2014-07-06,0.0
2014-07-07,0.0
2014-07-08,0.0
2014-07-09,0.0
2014-07-10,0.0
2014-07-11,0.0
2014-07-12,0.0
2014-07-13,0.0
2014-07-14,0.0
2014-07-15,0.0
2014-07-16,0.0
2014-07-17,87.34975369458127
2014-07-18,0.0
2014-07-19,0.0
2014-07-20,0.0
2014-07-21,85.66995073891624
2014-07-22,0.0
2014-07-23,0.0
2014-07-24,0.0
2014-07-25,0.0
2014-07-26,0.0
2014-07-27,0.0
2014-07-28,167.98029556650243
2014-07-29,0.0
2014-07-30,0.0
2014-07-31,0.0
2014-08-01,0.0
2014-08-02,0.0
2014-08-03,0.0
2014-08-04,0.0
2014-08-05,0.0
2014-08-06,0.0
2014-08-07,186.88256227758006
2014-08-08,0.0
2014-08-09,0.0
2014-08-10,0.0
2014-08-11,0.0
2014-08-12,0.0
2014-08-13,0.0
2014-08-14,126.20640569395017
2014-08-15,0.0
2014-08-16,0.0
2014-08-17,0.0
2014-08-18,0.0
2014-08-19,0.0
2014-08-20,242.70462633451956
2014-08-21,0.0
2014-08-22,0.0
2014-08-23,0.0
2014-08-24,0.0
2014-08-25,0.0
2014-08-26,0.0
2014-08-27,0.0
2014-08-28,0.0
2014-08-29,126.20640569395017
2014-08-30,0.0
2014-08-31,0.0
2014-09-01,0.0
2014-09-02,0.0
2014-09-03,0.0
2014-09-04,126.77595628415301
2014-09-05,0.0
2014-09-06,158.46994535519124
2014-09-07,0.0
2014-09-08,126.77595628415301
2014-09-09,0.0
2014-09-10,126.77595628415301
2014-09-11,0.0
2014-09-12,0.0
2014-09-13,0.0
2014-09-14,316.9398907103825
2014-09-15,0.0
2014-09-16,0.0
2014-09-17,126.77595628415301
2014-09-18,0.0
2014-09-19,0.0
2014-09-20,0.0
2014-09-21,0.0
2014-09-22,123.60655737704919
2014-09-23,0.0
2014-09-24,126.77595628415301
2014-09-25,0.0
2014-09-26,133.11475409836066
2014-09-27,0.0
2014-09-28,0.0
2014-09-29,126.77595628415301
2014-09-30,247.21311475409837
2014-10-01,0.0
2014-10-02,106.62822252374491
2014-10-03,0.0
2014-10-04,136.70284938941654
2014-10-05,0.0
2014-10-06,0.0
2014-10-07,103.89416553595657
2014-10-08,103.89416553595657
2014-10-09,106.62822252374491
2014-10-10,0.0
2014-10-11,0.0
2014-10-12,0.0
2014-10-13,0.0
2014-10-14,0.0
2014-10-15,0.0
2014-10-16,103.89416553595657
2014-10-17,0.0
2014-10-18,0.0
2014-10-19,136.70284938941654
2014-10-20,213.25644504748982
2014-10-21,205.0542740841248
2014-10-22,0.0
2014-10-23,103.89416553595657
2014-10-24,109.36227951153325
2014-10-25,273.4056987788331
2014-10-26,0.0
2014-10-27,103.89416553595657
2014-10-28,103.89416553595657
2014-10-29,103.89416553595657
2014-10-30,0.0
2014-10-31,0.0
2014-11-01,137.92569659442722
2014-11-02,0.0
2014-11-03,0.0
2014-11-04,100.3095975232198
2014-11-05,0.0
2014-11-06,200.6191950464396
2014-11-07,0.0
2014-11-08,0.0
2014-11-09,0.0
2014-11-10,0.0
2014-11-11,102.8173374613003
2014-11-12,100.3095975232198
2014-11-13,0.0
2014-11-14,0.0
2014-11-15,0.0
2014-11-16,0.0
2014-11-17,100.3095975232198
2014-11-18,0.0
2014-11-19,0.0
2014-11-20,100.3095975232198
2014-11-21,105.32507739938079
2014-11-22,0.0
2014-11-23,0.0
2014-11-24,97.8018575851393
2014-11-25,102.8173374613003
2014-11-26,220.68111455108357
2014-11-27,0.0
2014-11-28,0.0
2014-11-29,0.0
2014-11-30,250.7739938080495
2014-12-01,0.0
2014-12-02,121.86732186732186
2014-12-03,0.0
2014-12-04,380.8353808353808
2014-12-05,258.968058968059
2014-12-06,0.0
2014-12-07,0.0
2014-12-08,247.54299754299754
2014-12-09,251.35135135135135
2014-12-10,0.0
2014-12-11,129.4840294840295
2014-12-12,137.1007371007371
2014-12-13,167.56756756756755
2014-12-14,167.56756756756755
2014-12-15,0.0
2014-12-16,0.0
2014-12-17,0.0
2014-12-18,137.1007371007371
2014-12-19,0.0
2014-12-20,0.0
2014-12-21,178.992628992629
2014-12-22,0.0
2014-12-23,148.5257985257985
2014-12-24,0.0
2014-12-25,0.0
2014-12-26,167.56756756756755
2014-12-27,0.0
2014-12-28,171.37592137592137
2014-12-29,0.0
2014-12-30,285.6265356265356
2014-12-31,148.5257985257985
2015-01-01,0.0
2015-01-02,0.0
2015-01-03,128.67924528301887
2015-01-04,0.0
2015-01-05,0.0
2015-01-06,0.0
2015-01-07,105.08805031446542
2015-01-08,0.0
2015-01-09,105.08805031446542
2015-01-10,0.0
2015-01-11,126.53459119496857
2015-01-12,203.7421383647799
2015-01-13,0.0
2015-01-14,102.9433962264151
2015-01-15,102.9433962264151
2015-01-16,214.46540880503147
2015-01-17,130.8238993710692
2015-01-18,0.0
2015-01-19,109.37735849056605
2015-01-20,0.0
2015-01-21,102.9433962264151
2015-01-22,102.9433962264151
2015-01-23,107.23270440251574
2015-01-24,0.0
2015-01-25,0.0
2015-01-26,100.79874213836479
2015-01-27,0.0
2015-01-28,201.59748427672957
2015-01-29,100.79874213836479
2015-01-30,0.0
2015-01-31,0.0
2015-02-01,0.0
2015-02-02,149.8378378378378
2015-02-03,151.35135135135133
2015-02-04,75.67567567567566
2015-02-05,0.0
2015-02-06,0.0
2015-02-07,0.0
2015-02-08,0.0
2015-02-09,75.67567567567566
2015-02-10,74.16216216216216
2015-02-11,74.16216216216216
2015-02-12,74.16216216216216
2015-02-13,0.0
2015-02-14,0.0
2015-02-15,96.86486486486486
2015-02-16,0.0
2015-02-17,0.0
2015-02-18,77.18918918918918
2015-02-19,77.18918918918918
2015-02-20,0.0
2015-02-21,0.0
2015-02-22,95.35135135135134
2015-02-23,74.16216216216216
2015-02-24,0.0
2015-02-25,75.67567567567566
2015-02-26,0.0
2015-02-27,77.18918918918918
2015-02-28,95.35135135135134
2015-03-01,125.24892086330937
2015-03-02,102.76834532374102
2015-03-03,305.09352517985616
2015-03-04,208.74820143884895
2015-03-05,102.76834532374102
2015-03-06,0.0
2015-03-07,131.67194244604318
2015-03-08,0.0
2015-03-09,0.0
2015-03-10,0.0
2015-03-11,0.0
2015-03-12,0.0
2015-03-13,109.19136690647483
2015-03-14,266.55539568345324
2015-03-15,0.0
2015-03-16,0.0
2015-03-17,321.15107913669067
2015-03-18,211.95971223021584
2015-03-19,0.0
2015-03-20,0.0
2015-03-21,0.0
2015-03-22,131.67194244604318
2015-03-23,0.0
2015-03-24,0.0
2015-03-25,0.0
2015-03-26,0.0
2015-03-27,109.19136690647483
2015-03-28,0.0
2015-03-29,0.0
2015-03-30,105.97985611510792
2015-03-31,0.0
2015-04-01,265.0
2015-04-02,0.0
2015-04-03,144.7938144329897
2015-04-04,0.0
2015-04-05,0.0
2015-04-06,0.0
2015-04-07,0.0
2015-04-08,0.0
2015-04-09,128.4020618556701
2015-04-10,273.1958762886598
2015-04-11,0.0
2015-04-12,0.0
2015-04-13,128.4020618556701
2015-04-14,0.0
2015-04-15,0.0
2015-04-16,0.0
2015-04-17,0.0
2015-04-18,0.0
2015-04-19,0.0
2015-04-20,0.0
2015-04-21,0.0
2015-04-22,128.4020618556701
2015-04-23,133.8659793814433
2015-04-24,0.0
2015-04-25,0.0
2015-04-26,0.0
2015-04-27,128.4020618556701
2015-04-28,128.4020618556701
2015-04-29,131.1340206185567
2015-04-30,0.0
2015-05-01,103.48785046728973
2015-05-02,0.0
2015-05-03,0.0
2015-05-04,0.0
2015-05-05,0.0
2015-05-06,99.08411214953271
2015-05-07,0.0
2015-05-08,0.0
2015-05-09,134.31401869158879
2015-05-10,0.0
2015-05-11,101.28598130841122
2015-05-12,101.28598130841122
2015-05-13,0.0
2015-05-14,103.48785046728973
2015-05-15,0.0
2015-05-16,0.0
2015-05-17,0.0
2015-05-18,101.28598130841122
2015-05-19,0.0
2015-05-20,0.0
2015-05-21,213.58130841121496
2015-05-22,0.0
2015-05-23,0.0
2015-05-24,0.0
2015-05-25,0.0
2015-05-26,0.0
2015-05-27,0.0
2015-05-28,0.0
2015-05-29,220.1869158878505
2015-05-30,0.0
2015-05-31,0.0
2015-06-01,0.0
2015-06-02,125.57788944723617
2015-06-03,128.14070351758792
2015-06-04,0.0
2015-06-05,0.0
2015-06-06,0.0
2015-06-07,0.0
2015-06-08,125.57788944723617
2015-06-09,125.57788944723617
2015-06-10,125.57788944723617
2015-06-11,0.0
2015-06-12,0.0
2015-06-13,0.0
2015-06-14,0.0
2015-06-15,0.0
2015-06-16,0.0
2015-06-17,0.0
2015-06-18,0.0
2015-06-19,0.0
2015-06-20,0.0
2015-06-21,0.0
2015-06-22,0.0
2015-06-23,0.0
2015-06-24,0.0
2015-06-25,0.0
2015-06-26,133.26633165829145
2015-06-27,0.0
2015-06-28,0.0
2015-06-29,0.0
2015-06-30,256.28140703517585
2015-07-01,0.0
2015-07-02,146.51347517730497
2015-07-03,0.0
2015-07-04,0.0
2015-07-05,0.0
2015-07-06,137.89503546099291
2015-07-07,137.89503546099291
2015-07-08,142.20425531914896
2015-07-09,137.89503546099291
2015-07-10,0.0
2015-07-11,176.67801418439717
2015-07-12,0.0
2015-07-13,137.89503546099291
2015-07-14,275.79007092198583
2015-07-15,0.0
2015-07-16,137.89503546099291
2015-07-17,146.51347517730497
2015-07-18,180.9872340425532
2015-07-19,0.0
2015-07-20,430.92198581560285
2015-07-21,137.89503546099291
2015-07-22,137.89503546099291
2015-07-23,0.0
2015-07-24,146.51347517730497
2015-07-25,0.0
2015-07-26,0.0
2015-07-27,137.89503546099291
2015-07-28,0.0
2015-07-29,0.0
2015-07-30,0.0
2015-07-31,288.7177304964539
2015-08-01,0.0
2015-08-02,158.37445573294627
2015-08-03,0.0
2015-08-04,248.35994194484758
2015-08-05,0.0
2015-08-06,0.0
2015-08-07,0.0
2015-08-08,0.0
2015-08-09,0.0
2015-08-10,122.38026124818578
2015-08-11,244.76052249637155
2015-08-12,248.35994194484758
2015-08-13,0.0
2015-08-14,0.0
2015-08-15,0.0
2015-08-16,0.0
2015-08-17,0.0
2015-08-18,122.38026124818578
2015-08-19,122.38026124818578
2015-08-20,122.38026124818578
2015-08-21,251.95936139332363
2015-08-22,0.0
2015-08-23,0.0
2015-08-24,359.9419448476052
2015-08-25,118.78084179970972
2015-08-26,118.78084179970972
2015-08-27,118.78084179970972
2015-08-28,122.38026124818578
2015-08-29,0.0
2015-08-30,0.0
2015-08-31,0.0
2015-09-01,273.1155192532089
2015-09-02,0.0
2015-09-03,0.0
2015-09-04,290.54842473745623
2015-09-05,0.0
2015-09-06,0.0
2015-09-07,0.0
2015-09-08,136.55775962660445
2015-09-09,0.0
2015-09-10,133.65227537922988
2015-09-11,0.0
2015-09-12,0.0
2015-09-13,171.4235705950992
2015-09-14,273.1155192532089
2015-09-15,136.55775962660445
2015-09-16,136.55775962660445
2015-09-17,133.65227537922988
2015-09-18,0.0
2015-09-19,0.0
2015-09-20,0.0
2015-09-21,0.0
2015-09-22,133.65227537922988
2015-09-23,0.0
2015-09-24,136.55775962660445
2015-09-25,139.463243873979
2015-09-26,0.0
2015-09-27,0.0
2015-09-28,133.65227537922988
2015-09-29,130.7467911318553
2015-09-30,130.7467911318553
2015-10-01,0.0
2015-10-02,135.0366492146597
2015-10-03,0.0
2015-10-04,0.0
2015-10-05,0.0
2015-10-06,129.84293193717278
2015-10-07,129.84293193717278
2015-10-08,0.0
2015-10-09,0.0
2015-10-10,0.0
2015-10-11,176.58638743455498
2015-10-12,0.0
2015-10-13,0.0
2015-10-14,519.3717277486911
2015-10-15,0.0
2015-10-16,0.0
2015-10-17,0.0
2015-10-18,0.0
2015-10-19,0.0
2015-10-20,0.0
2015-10-21,503.7905759162304
2015-10-22,0.0
2015-10-23,0.0
2015-10-24,0.0
2015-10-25,0.0
2015-10-26,0.0
2015-10-27,254.49214659685865
2015-10-28,0.0
2015-10-29,0.0
2015-10-30,135.0366492146597
2015-10-31,0.0
2015-11-01,0.0
2015-11-02,0.0
2015-11-03,80.69967707212056
2015-11-04,161.39935414424113
2015-11-05,164.69321851453176
2015-11-06,0.0
2015-11-07,0.0
2015-11-08,0.0
2015-11-09,0.0
2015-11-10,0.0
2015-11-11,85.64047362755652
2015-11-12,83.9935414424112
2015-11-13,0.0
2015-11-14,0.0
2015-11-15,0.0
2015-11-16,164.69321851453176
2015-11-17,161.39935414424113
2015-11-18,0.0
2015-11-19,82.34660925726588
2015-11-20,0.0
2015-11-21,0.0
2015-11-22,0.0
2015-11-23,0.0
2015-11-24,83.9935414424112
2015-11-25,92.22820236813779
2015-11-26,110.34445640473628
2015-11-27,0.0
2015-11-28,0.0
2015-11-29,105.40365984930033
2015-11-30,153.16469321851454
2015-12-01,245.41666666666666
2015-12-02,125.2125850340136
2015-12-03,0.0
2015-12-04,0.0
2015-12-05,165.28061224489795
2015-12-06,0.0
2015-12-07,0.0
2015-12-08,375.6377551020408
2015-12-09,500.8503401360544
2015-12-10,125.2125850340136
2015-12-11,260.4421768707483
2015-12-12,0.0
2015-12-13,0.0
2015-12-14,250.4251700680272
2015-12-15,0.0
2015-12-16,0.0
2015-12-17,0.0
2015-12-18,0.0
2015-12-19,0.0
2015-12-20,175.29761904761904
2015-12-21,280.4761904761905
2015-12-22,140.23809523809524
2015-12-23,0.0
2015-12-24,0.0
2015-12-25,0.0
2015-12-26,0.0
2015-12-27,0.0
2015-12-28,0.0
2015-12-29,0.0
2015-12-30,145.24659863945578
2015-12-31,155.26360544217687
2016-01-01,0.0
2016-01-02,0.0
2016-01-03,0.0
2016-01-04,0.0
2016-01-05,174.2964118564743
2016-01-06,174.2964118564743
2016-01-07,0.0
2016-01-08,0.0
2016-01-09,102.5273010920437
2016-01-10,0.0
2016-01-11,0.0
2016-01-12,84.58502340093605
2016-01-13,87.14820592823715
2016-01-14,82.02184087363496
2016-01-15,0.0
2016-01-16,0.0
2016-01-17,0.0
2016-01-18,0.0
2016-01-19,169.1700468018721
2016-01-20,87.14820592823715
2016-01-21,256.31825273010924
2016-01-22,87.14820592823715
2016-01-23,0.0
2016-01-24,0.0
2016-01-25,169.1700468018721
2016-01-26,84.58502340093605
2016-01-27,0.0
2016-01-28,84.58502340093605
2016-01-29,0.0
2016-01-30,0.0
2016-01-31,0.0
2016-02-01,0.0
2016-02-02,0.0
2016-02-03,464.25438596491233
2016-02-04,92.85087719298247
2016-02-05,0.0
2016-02-06,0.0
2016-02-07,111.42105263157896
2016-02-08,185.70175438596493
2016-02-09,0.0
2016-02-10,0.0
2016-02-11,92.85087719298247
2016-02-12,194.98684210526318
2016-02-13,0.0
2016-02-14,111.42105263157896
2016-02-15,97.49342105263159
2016-02-16,0.0
2016-02-17,0.0
2016-02-18,190.34429824561406
2016-02-19,0.0
2016-02-20,0.0
2016-02-21,111.42105263157896
2016-02-22,92.85087719298247
2016-02-23,92.85087719298247
2016-02-24,92.85087719298247
2016-02-25,185.70175438596493
2016-02-26,0.0
2016-02-27,0.0
2016-02-28,0.0
2016-02-29,0.0
2016-03-01,85.51724137931035
2016-03-02,0.0
2016-03-03,0.0
2016-03-04,0.0
2016-03-05,102.62068965517241
2016-03-06,0.0
2016-03-07,171.0344827586207
2016-03-08,85.51724137931035
2016-03-09,0.0
2016-03-10,0.0
2016-03-11,0.0
2016-03-12,0.0
2016-03-13,0.0
2016-03-14,88.36781609195403
2016-03-15,0.0
2016-03-16,173.88505747126436
2016-03-17,0.0
2016-03-18,0.0
2016-03-19,0.0
2016-03-20,208.09195402298852
2016-03-21,0.0
2016-03-22,0.0
2016-03-23,88.36781609195403
2016-03-24,91.2183908045977
2016-03-25,285.05747126436785
2016-03-26,0.0
2016-03-27,0.0
2016-03-28,91.2183908045977
2016-03-29,88.36781609195403
2016-03-30,88.36781609195403
2016-03-31,88.36781609195403
2016-04-01,0.0
2016-04-02,0.0
2016-04-03,0.0
2016-04-04,0.0
2016-04-05,0.0
2016-04-06,113.00448430493273
2016-04-07,113.00448430493273
2016-04-08,0.0
2016-04-09,0.0
2016-04-10,403.58744394618833
2016-04-11,221.97309417040358
2016-04-12,113.00448430493273
2016-04-13,0.0
2016-04-14,0.0
2016-04-15,117.04035874439462
2016-04-16,0.0
2016-04-17,0.0
2016-04-18,0.0
2016-04-19,339.0134529147982
2016-04-20,226.00896860986546
2016-04-21,108.96860986547085
2016-04-22,117.04035874439462
2016-04-23,0.0
2016-04-24,137.21973094170403
2016-04-25,113.00448430493273
2016-04-26,217.9372197309417
2016-04-27,221.97309417040358
2016-04-28,0.0
2016-04-29,0.0
2016-04-30,137.21973094170403
2016-05-01,123.78694158075602
2016-05-02,0.0
2016-05-03,0.0
2016-05-04,309.46735395189006
2016-05-05,106.10309278350516
2016-05-06,442.0962199312715
2016-05-07,128.20790378006873
2016-05-08,128.20790378006873
2016-05-09,0.0
2016-05-10,0.0
2016-05-11,106.10309278350516
2016-05-12,110.52405498281787
2016-05-13,0.0
2016-05-14,0.0
2016-05-15,0.0
2016-05-16,216.62714776632305
2016-05-17,106.10309278350516
2016-05-18,106.10309278350516
2016-05-19,0.0
2016-05-20,110.52405498281787
2016-05-21,0.0
2016-05-22,0.0
2016-05-23,0.0
2016-05-24,106.10309278350516
2016-05-25,110.52405498281787
2016-05-26,110.52405498281787
2016-05-27,114.94501718213058
2016-05-28,0.0
2016-05-29,137.04982817869416
2016-05-30,0.0
2016-05-31,0.0
2016-06-01,0.0
2016-06-02,0.0
2016-06-03,0.0
2016-06-04,0.0
2016-06-05,0.0
2016-06-06,230.2325581395349
2016-06-07,0.0
2016-06-08,348.83720930232556
2016-06-09,0.0
2016-06-10,0.0
2016-06-11,0.0
2016-06-12,0.0
2016-06-13,233.72093023255815
2016-06-14,0.0
2016-06-15,0.0
2016-06-16,0.0
2016-06-17,0.0
2016-06-18,0.0
2016-06-19,0.0
2016-06-20,118.6046511627907
2016-06-21,0.0
2016-06-22,118.6046511627907
2016-06-23,0.0
2016-06-24,0.0
2016-06-25,0.0
2016-06-26,0.0
2016-06-27,0.0
2016-06-28,0.0
2016-06-29,0.0
2016-06-30,0.0
2016-07-01,0.0
2016-07-02,0.0
2016-07-03,0.0
2016-07-04,0.0
2016-07-05,200.18450184501845
2016-07-06,0.0
2016-07-07,0.0
2016-07-08,96.08856088560884
2016-07-09,0.0
2016-07-10,0.0
2016-07-11,0.0
2016-07-12,0.0
2016-07-13,0.0
2016-07-14,186.17158671586714
2016-07-15,0.0
2016-07-16,0.0
2016-07-17,0.0
2016-07-18,0.0
2016-07-19,0.0
2016-07-20,196.18081180811808
2016-07-21,0.0
2016-07-22,198.18265682656826
2016-07-23,112.10332103321032
2016-07-24,0.0
2016-07-25,0.0
2016-07-26,0.0
2016-07-27,0.0
2016-07-28,0.0
2016-07-29,96.08856088560884
2016-07-30,0.0
2016-07-31,0.0
2016-08-01,0.0
2016-08-02,0.0
2016-08-03,82.66666666666667
2016-08-04,167.05555555555557
2016-08-05,0.0
2016-08-06,0.0
2016-08-07,0.0
2016-08-08,0.0
2016-08-09,0.0
2016-08-10,0.0
2016-08-11,0.0
2016-08-12,0.0
2016-08-13,98.16666666666667
2016-08-14,0.0
2016-08-15,0.0
2016-08-16,0.0
2016-08-17,0.0
2016-08-18,0.0
2016-08-19,0.0
2016-08-20,0.0
2016-08-21,0.0
2016-08-22,172.22222222222223
2016-08-23,0.0
2016-08-24,84.3888888888889
2016-08-25,0.0
2016-08-26,0.0
2016-08-27,0.0
2016-08-28,0.0
2016-08-29,0.0
2016-08-30,0.0
2016-08-31,77.5
2016-09-01,0.0
2016-09-02,0.0
2016-09-03,0.0
2016-09-04,0.0
2016-09-05,0.0
2016-09-06,101.95876288659794
2016-09-07,99.58762886597938
2016-09-08,0.0
2016-09-09,0.0
2016-09-10,0.0
2016-09-11,0.0
2016-09-12,0.0
2016-09-13,99.58762886597938
2016-09-14,99.58762886597938
2016-09-15,0.0
2016-09-16,0.0
2016-09-17,237.11340206185568
2016-09-18,225.2577319587629
2016-09-19,0.0
2016-09-20,0.0
2016-09-21,99.58762886597938
2016-09-22,101.95876288659794
2016-09-23,0.0
2016-09-24,0.0
2016-09-25,116.18556701030928
2016-09-26,0.0
2016-09-27,0.0
2016-09-28,99.58762886597938
2016-09-29,99.58762886597938
2016-09-30,0.0
2016-10-01,0.0
2016-10-02,115.59219512195122
2016-10-03,192.65365853658537
2016-10-04,0.0
2016-10-05,192.65365853658537
2016-10-06,293.42634146341464
2016-10-07,100.77268292682926
2016-10-08,118.55609756097562
2016-10-09,0.0
2016-10-10,296.390243902439
2016-10-11,97.80878048780488
2016-10-12,100.77268292682926
2016-10-13,198.58146341463416
2016-10-14,0.0
2016-10-15,0.0
2016-10-16,115.59219512195122
2016-10-17,97.80878048780488
2016-10-18,97.80878048780488
2016-10-19,97.80878048780488
2016-10-20,296.390243902439
2016-10-21,0.0
2016-10-22,0.0
2016-10-23,0.0
2016-10-24,97.80878048780488
2016-10-25,0.0
2016-10-26,97.80878048780488
2016-10-27,97.80878048780488
2016-10-28,0.0
2016-10-29,118.55609756097562
2016-10-30,115.59219512195122
2016-10-31,97.80878048780488
2016-11-01,186.97478991596637
2016-11-02,177.00280112044814
2016-11-03,87.2549019607843
2016-11-04,92.2408963585434
2016-11-05,109.69187675070026
2016-11-06,0.0
2016-11-07,87.2549019607843
2016-11-08,84.76190476190474
2016-11-09,142.10084033613444
2016-11-10,92.2408963585434
2016-11-11,94.73389355742296
2016-11-12,0.0
2016-11-13,0.0
2016-11-14,177.00280112044814
2016-11-15,177.00280112044814
2016-11-16,89.74789915966385
2016-11-17,181.98879551820724
2016-11-18,92.2408963585434
2016-11-19,0.0
2016-11-20,104.70588235294116
2016-11-21,89.74789915966385
2016-11-22,0.0
2016-11-23,0.0
2016-11-24,107.19887955182071
2016-11-25,0.0
2016-11-26,0.0
2016-11-27,0.0
2016-11-28,162.04481792717084
2016-11-29,249.29971988795515
2016-11-30,84.76190476190474
2016-12-01,81.62934362934362
2016-12-02,0.0
2016-12-03,0.0
2016-12-04,91.52380952380952
2016-12-05,71.73487773487773
2016-12-06,230.04633204633203
2016-12-07,0.0
2016-12-08,0.0
2016-12-09,0.0
2016-12-10,0.0
2016-12-11,93.99742599742599
2016-12-12,155.83783783783784
2016-12-13,0.0
2016-12-14,81.62934362934362
2016-12-15,247.36164736164733
2016-12-16,0.0
2016-12-17,0.0
2016-12-18,98.94465894465894
2016-12-19,0.0
2016-12-20,86.57657657657657
2016-12-21,89.05019305019304
2016-12-22,185.5212355212355
2016-12-23,0.0
2016-12-24,103.89189189189189
2016-12-25,113.78635778635778
2016-12-26,98.94465894465894
2016-12-27,0.0
2016-12-28,0.0
2016-12-29,0.0
2016-12-30,91.52380952380952
2016-12-31,0.0
2017-01-01,110.17124735729386
2017-01-02,0.0
2017-01-03,268.7103594080338
2017-01-04,0.0
2017-01-05,0.0
2017-01-06,0.0
2017-01-07,0.0
2017-01-08,102.10993657505286
2017-01-09,0.0
2017-01-10,0.0
2017-01-11,0.0
2017-01-12,0.0
2017-01-13,0.0
2017-01-14,0.0
2017-01-15,0.0
2017-01-16,0.0
2017-01-17,85.98731501057082
2017-01-18,0.0
2017-01-19,0.0
2017-01-20,0.0
2017-01-21,0.0
2017-01-22,0.0
2017-01-23,166.60042283298097
2017-01-24,85.98731501057082
2017-01-25,85.98731501057082
2017-01-26,0.0
2017-01-27,88.67441860465117
2017-01-28,0.0
2017-01-29,104.7970401691332
2017-01-30,0.0
2017-01-31,171.97463002114165
2017-02-01,0.0
2017-02-02,0.0
2017-02-03,252.2413793103448
2017-02-04,99.56896551724137
2017-02-05,0.0
2017-02-06,0.0
2017-02-07,0.0
2017-02-08,0.0
2017-02-09,82.97413793103448
2017-02-10,86.29310344827586
2017-02-11,0.0
2017-02-12,0.0
2017-02-13,0.0
2017-02-14,165.94827586206895
2017-02-15,82.97413793103448
2017-02-16,0.0
2017-02-17,331.8965517241379
2017-02-18,99.56896551724137
2017-02-19,0.0
2017-02-20,86.29310344827586
2017-02-21,79.6551724137931
2017-02-22,79.6551724137931
2017-02-23,0.0
2017-02-24,0.0
2017-02-25,0.0
2017-02-26,92.9310344827586
2017-02-27,0.0
2017-02-28,0.0
2017-03-01,97.13629842180775
2017-03-02,201.21090387374463
2017-03-03,0.0
2017-03-04,0.0
2017-03-05,0.0
2017-03-06,0.0
2017-03-07,97.13629842180775
2017-03-08,0.0
2017-03-09,0.0
2017-03-10,0.0
2017-03-11,0.0
2017-03-12,346.91535150645626
2017-03-13,97.13629842180775
2017-03-14,104.07460545193688
2017-03-15,104.07460545193688
2017-03-16,104.07460545193688
2017-03-17,218.55667144906744
2017-03-18,0.0
2017-03-19,0.0
2017-03-20,0.0
2017-03-21,0.0
2017-03-22,208.14921090387375
2017-03-23,104.07460545193688
2017-03-24,0.0
2017-03-25,0.0
2017-03-26,0.0
2017-03-27,104.07460545193688
2017-03-28,104.07460545193688
2017-03-29,315.6929698708752
2017-03-30,211.6183644189383
2017-03-31,0.0
2017-04-01,107.39231664726425
2017-04-02,110.01164144353899
2017-04-03,86.43771827706635
2017-04-04,0.0
2017-04-05,178.11408614668218
2017-04-06,0.0
2017-04-07,0.0
2017-04-08,0.0
2017-04-09,220.02328288707798
2017-04-10,91.67636786961583
2017-04-11,91.67636786961583
2017-04-12,0.0
2017-04-13,91.67636786961583
2017-04-14,0.0
2017-04-15,0.0
2017-04-16,0.0
2017-04-17,0.0
2017-04-18,0.0
2017-04-19,178.11408614668218
2017-04-20,180.7334109429569
2017-04-21,94.29569266589057
2017-04-22,0.0
2017-04-23,0.0
2017-04-24,89.05704307334109
2017-04-25,178.11408614668218
2017-04-26,261.9324796274738
2017-04-27,89.05704307334109
2017-04-28,91.67636786961583
2017-04-29,0.0
2017-04-30,110.01164144353899
2017-05-01,164.53846153846155
2017-05-02,164.53846153846155
2017-05-03,84.0974358974359
2017-05-04,85.92564102564103
2017-05-05,0.0
2017-05-06,104.20769230769231
2017-05-07,0.0
2017-05-08,0.0
2017-05-09,0.0
2017-05-10,0.0
2017-05-11,87.75384615384615
2017-05-12,0.0
2017-05-13,0.0
2017-05-14,0.0
2017-05-15,179.1641025641026
2017-05-16,91.41025641025642
2017-05-17,0.0
2017-05-18,182.82051282051285
2017-05-19,0.0
2017-05-20,0.0
2017-05-21,0.0
2017-05-22,91.41025641025642
2017-05-23,0.0
2017-05-24,91.41025641025642
2017-05-25,0.0
2017-05-26,98.72307692307693
2017-05-27,0.0
2017-05-28,0.0
2017-05-29,0.0
2017-05-30,0.0
2017-05-31,0.0
2017-06-01,0.0
2017-06-02,0.0
2017-06-03,139.4472361809045
2017-06-04,0.0
2017-06-05,0.0
2017-06-06,0.0
2017-06-07,112.95226130653265
2017-06-08,0.0
2017-06-09,0.0
2017-06-10,0.0
2017-06-11,0.0
2017-06-12,112.95226130653265
2017-06-13,0.0
2017-06-14,0.0
2017-06-15,117.13567839195979
2017-06-16,118.53015075376884
2017-06-17,139.4472361809045
2017-06-18,0.0
2017-06-19,0.0
2017-06-20,0.0
2017-06-21,0.0
2017-06-22,0.0
2017-06-23,0.0
2017-06-24,0.0
2017-06-25,0.0
2017-06-26,0.0
2017-06-27,0.0
2017-06-28,122.71356783919597
2017-06-29,122.71356783919597
2017-06-30,124.10804020100501
2017-07-01,0.0
2017-07-02,0.0
2017-07-03,0.0
2017-07-04,0.0
2017-07-05,0.0
2017-07-06,0.0
2017-07-07,0.0
2017-07-08,0.0
2017-07-09,0.0
2017-07-10,0.0
2017-07-11,0.0
2017-07-12,0.0
2017-07-13,87.59002770083103
2017-07-14,0.0
2017-07-15,0.0
2017-07-16,0.0
2017-07-17,0.0
2017-07-18,0.0
2017-07-19,0.0
2017-07-20,0.0
2017-07-21,0.0
2017-07-22,0.0
2017-07-23,0.0
2017-07-24,85.87257617728532
2017-07-25,0.0
2017-07-26,0.0
2017-07-27,85.87257617728532
2017-07-28,87.59002770083103
2017-07-29,0.0
2017-07-30,101.32963988919668
2017-07-31,171.74515235457065
2017-08-01,0.0
2017-08-02,0.0
2017-08-03,0.0
2017-08-04,0.0
2017-08-05,0.0
2017-08-06,102.1489971346705
2017-08-07,83.7621776504298
2017-08-08,0.0
2017-08-09,0.0
2017-08-10,88.86962750716333
2017-08-11,0.0
2017-08-12,0.0
2017-08-13,0.0
2017-08-14,0.0
2017-08-15,0.0
2017-08-16,0.0
2017-08-17,0.0
2017-08-18,86.82664756446992
2017-08-19,0.0
2017-08-20,0.0
2017-08-21,81.7191977077364
2017-08-22,84.78366762177652
2017-08-23,0.0
2017-08-24,0.0
2017-08-25,86.82664756446992
2017-08-26,98.06303724928367
2017-08-27,0.0
2017-08-28,0.0
2017-08-29,0.0
2017-08-30,0.0
2017-08-31,0.0
2017-09-01,104.67084639498434
2017-09-02,118.49529780564264
2017-09-03,0.0
2017-09-04,0.0
2017-09-05,96.77115987460816
2017-09-06,94.79623824451411
2017-09-07,0.0
2017-09-08,0.0
2017-09-09,0.0
2017-09-10,0.0
2017-09-11,96.77115987460816
2017-09-12,0.0
2017-09-13,0.0
2017-09-14,0.0
2017-09-15,0.0
2017-09-16,0.0
2017-09-17,116.52037617554859
2017-09-18,96.77115987460816
2017-09-19,0.0
2017-09-20,0.0
2017-09-21,0.0
2017-09-22,0.0
2017-09-23,120.47021943573668
2017-09-24,118.49529780564264
2017-09-25,197.4921630094044
2017-09-26,98.7460815047022
2017-09-27,0.0
2017-09-28,0.0
2017-09-29,0.0
2017-09-30,0.0
2017-10-01,107.72928176795581
2017-10-02,0.0
2017-10-03,0.0
2017-10-04,0.0
2017-10-05,90.83057090239411
2017-10-06,0.0
2017-10-07,107.72928176795581
2017-10-08,211.23388581952122
2017-10-09,88.71823204419891
2017-10-10,88.71823204419891
2017-10-11,0.0
2017-10-12,0.0
2017-10-13,0.0
2017-10-14,0.0
2017-10-15,0.0
2017-10-16,0.0
2017-10-17,0.0
2017-10-18,0.0
2017-10-19,92.94290976058933
2017-10-20,0.0
2017-10-21,0.0
2017-10-22,0.0
2017-10-23,0.0
2017-10-24,0.0
2017-10-25,90.83057090239411
2017-10-26,179.548802946593
2017-10-27,0.0
2017-10-28,0.0
2017-10-29,0.0
2017-10-30,88.71823204419891
2017-10-31,0.0
2017-11-01,0.0
2017-11-02,270.9251101321586
2017-11-03,0.0
2017-11-04,0.0
2017-11-05,0.0
2017-11-06,0.0
2017-11-07,92.11453744493392
2017-11-08,0.0
2017-11-09,92.11453744493392
2017-11-10,0.0
2017-11-11,111.07929515418502
2017-11-12,0.0
2017-11-13,89.40528634361233
2017-11-14,0.0
2017-11-15,92.11453744493392
2017-11-16,0.0
2017-11-17,0.0
2017-11-18,0.0
2017-11-19,0.0
2017-11-20,94.8237885462555
2017-11-21,0.0
2017-11-22,100.24229074889868
2017-11-23,0.0
2017-11-24,0.0
2017-11-25,108.37004405286343
2017-11-26,0.0
2017-11-27,0.0
2017-11-28,178.81057268722466
2017-11-29,0.0
2017-11-30,0.0
2017-12-01,0.0
2017-12-02,0.0
2017-12-03,0.0
2017-12-04,0.0
2017-12-05,0.0
2017-12-06,0.0
2017-12-07,0.0
2017-12-08,0.0
2017-12-09,81.04575163398692
2017-12-10,0.0
2017-12-11,64.83660130718954
2017-12-12,64.83660130718954
2017-12-13,0.0
2017-12-14,202.6143790849673
2017-12-15,0.0
2017-12-16,0.0
2017-12-17,0.0
2017-12-18,0.0
2017-12-19,68.88888888888889
2017-12-20,143.85620915032678
2017-12-21,0.0
2017-12-22,153.98692810457516
2017-12-23,0.0
2017-12-24,0.0
2017-12-25,0.0
2017-12-26,0.0
2017-12-27,74.9673202614379
2017-12-28,0.0
2017-12-29,74.9673202614379
2017-12-30,0.0
2017-12-31,0.0
2018-01-01,0.0
2018-01-02,0.0
2018-01-03,0.0
2018-01-04,0.0
2018-01-05,0.0
2018-01-06,0.0
2018-01-07,92.07692307692308
2018-01-08,0.0
2018-01-09,79.15384615384616
2018-01-10,80.76923076923077
2018-01-11,0.0
2018-01-12,80.76923076923077
2018-01-13,0.0
2018-01-14,0.0
2018-01-15,0.0
2018-01-16,0.0
2018-01-17,0.0
2018-01-18,0.0
2018-01-19,0.0
2018-01-20,0.0
2018-01-21,0.0
2018-01-22,77.53846153846155
2018-01-23,0.0
2018-01-24,0.0
2018-01-25,0.0
2018-01-26,161.53846153846155
2018-01-27,0.0
2018-01-28,0.0
2018-01-29,0.0
2018-01-30,0.0
2018-01-31,79.15384615384616
2018-02-01,80.57046979865773
2018-02-02,0.0
2018-02-03,0.0
2018-02-04,93.72483221476512
2018-02-05,0.0
2018-02-06,0.0
2018-02-07,157.85234899328862
2018-02-08,161.14093959731545
2018-02-09,164.4295302013423
2018-02-10,0.0
2018-02-11,0.0
2018-02-12,0.0
2018-02-13,0.0
2018-02-14,80.57046979865773
2018-02-15,0.0
2018-02-16,0.0
2018-02-17,0.0
2018-02-18,0.0
2018-02-19,0.0
2018-02-20,0.0
2018-02-21,0.0
2018-02-22,0.0
2018-02-23,0.0
2018-02-24,0.0
2018-02-25,0.0
2018-02-26,0.0
2018-02-27,161.14093959731545
2018-02-28,80.57046979865773
2018-03-01,0.0
2018-03-02,0.0
2018-03-03,0.0
2018-03-04,0.0
2018-03-05,0.0
2018-03-06,0.0
2018-03-07,0.0
2018-03-08,82.48337028824832
2018-03-09,171.840354767184
2018-03-10,0.0
2018-03-11,0.0
2018-03-12,0.0
2018-03-13,0.0
2018-03-14,166.6851441241685
2018-03-15,0.0
2018-03-16,0.0
2018-03-17,0.0
2018-03-18,0.0
2018-03-19,82.48337028824832
2018-03-20,0.0
2018-03-21,84.20177383592016
2018-03-22,0.0
2018-03-23,0.0
2018-03-24,101.38580931263857
2018-03-25,0.0
2018-03-26,85.920177383592
2018-03-27,0.0
2018-03-28,0.0
2018-03-29,0.0
2018-03-30,0.0
2018-03-31,0.0
2018-04-01,0.0
2018-04-02,0.0
2018-04-03,70.79136690647482
2018-04-04,72.2661870503597
2018-04-05,147.4820143884892
2018-04-06,72.2661870503597
2018-04-07,0.0
2018-04-08,0.0
2018-04-09,0.0
2018-04-10,143.05755395683454
2018-04-11,0.0
2018-04-12,72.2661870503597
2018-04-13,0.0
2018-04-14,0.0
2018-04-15,0.0
2018-04-16,140.10791366906474
2018-04-17,0.0
2018-04-18,0.0
2018-04-19,0.0
2018-04-20,0.0
2018-04-21,0.0
2018-04-22,0.0
2018-04-23,0.0
2018-04-24,141.58273381294964
2018-04-25,138.63309352517985
2018-04-26,0.0
2018-04-27,72.2661870503597
2018-04-28,88.48920863309353
2018-04-29,0.0
2018-04-30,70.79136690647482
2018-05-01,0.0
2018-05-02,0.0
2018-05-03,0.0
2018-05-04,0.0
2018-05-05,221.7444279346211
2018-05-06,0.0
2018-05-07,0.0
2018-05-08,267.16196136701336
2018-05-09,0.0
2018-05-10,90.83506686478454
2018-05-11,189.68499257057948
2018-05-12,112.20802377414562
2018-05-13,114.87964338781575
2018-05-14,0.0
2018-05-15,0.0
2018-05-16,0.0
2018-05-17,0.0
2018-05-18,96.17830609212481
2018-05-19,0.0
2018-05-20,0.0
2018-05-21,93.50668647845467
2018-05-22,0.0
2018-05-23,0.0
2018-05-24,0.0
2018-05-25,0.0
2018-05-26,0.0
2018-05-27,114.87964338781575
2018-05-28,219.07280832095094
2018-05-29,0.0
2018-05-30,184.34175334323922
2018-05-31,93.50668647845467
2018-06-01,112.07006369426753
2018-06-02,134.04458598726114
2018-06-03,0.0
2018-06-04,219.74522292993632
2018-06-05,0.0
2018-06-06,0.0
2018-06-07,0.0
2018-06-08,0.0
2018-06-09,0.0
2018-06-10,0.0
2018-06-11,0.0
2018-06-12,0.0
2018-06-13,0.0
2018-06-14,0.0
2018-06-15,0.0
2018-06-16,0.0
2018-06-17,0.0
2018-06-18,0.0
2018-06-19,109.87261146496816
2018-06-20,0.0
2018-06-21,0.0
2018-06-22,0.0
2018-06-23,0.0
2018-06-24,0.0
2018-06-25,0.0
2018-06-26,0.0
2018-06-27,0.0
2018-06-28,114.26751592356689
2018-06-29,0.0
2018-06-30,0.0
2018-07-01,0.0
2018-07-02,0.0
2018-07-03,0.0
2018-07-04,0.0
2018-07-05,32.804232804232804
2018-07-06,30.507936507936506
2018-07-07,0.0
2018-07-08,0.0
2018-07-09,0.0
2018-07-10,0.0
2018-07-11,0.0
2018-07-12,31.16402116402116
2018-07-13,0.0
2018-07-14,0.0
2018-07-15,0.0
2018-07-16,0.0
2018-07-17,0.0
2018-07-18,0.0
2018-07-19,0.0
2018-07-20,0.0
2018-07-21,0.0
2018-07-22,0.0
2018-07-23,0.0
2018-07-24,0.0
2018-07-25,0.0
2018-07-26,0.0
2018-07-27,0.0
2018-07-28,0.0
2018-07-29,0.0
2018-07-30,0.0
2018-07-31,29.523809523809522
2018-08-01,0.0
2018-08-02,0.0
2018-08-03,87.45957446808511
2018-08-04,0.0
2018-08-05,97.74893617021276
2018-08-06,0.0
2018-08-07,0.0
2018-08-08,0.0
2018-08-09,0.0
2018-08-10,0.0
2018-08-11,97.74893617021276
2018-08-12,0.0
2018-08-13,0.0
2018-08-14,0.0
2018-08-15,0.0
2018-08-16,0.0
2018-08-17,0.0
2018-08-18,0.0
2018-08-19,0.0
2018-08-20,171.48936170212764
2018-08-21,168.0595744680851
2018-08-22,0.0
2018-08-23,0.0
2018-08-24,0.0
2018-08-25,99.46382978723403
2018-08-26,0.0
2018-08-27,84.02978723404254
2018-08-28,0.0
2018-08-29,0.0
2018-08-30,0.0
2018-08-31,0.0
2018-09-01,0.0
2018-09-02,0.0
2018-09-03,0.0
2018-09-04,207.65027322404373
2018-09-05,101.74863387978142
2018-09-06,0.0
2018-09-07,101.74863387978142
2018-09-08,120.43715846994536
2018-09-09,0.0
2018-09-10,0.0
2018-09-11,99.672131147541
2018-09-12,0.0
2018-09-13,101.74863387978142
2018-09-14,0.0
2018-09-15,0.0
2018-09-16,0.0
2018-09-17,101.74863387978142
2018-09-18,0.0
2018-09-19,0.0
2018-09-20,0.0
2018-09-21,0.0
2018-09-22,0.0
2018-09-23,0.0
2018-09-24,0.0
2018-09-25,205.5737704918033
2018-09-26,99.672131147541
2018-09-27,0.0
2018-09-28,0.0
2018-09-29,0.0
2018-09-30,0.0
2018-10-01,0.0
2018-10-02,0.0
2018-10-03,0.0
2018-10-04,0.0
2018-10-05,0.0
2018-10-06,0.0
2018-10-07,0.0
2018-10-08,0.0
2018-10-09,221.90889370932757
2018-10-10,113.17353579175706
2018-10-11,0.0
2018-10-12,0.0
2018-10-13,0.0
2018-10-14,0.0
2018-10-15,0.0
2018-10-16,0.0
2018-10-17,110.95444685466379
2018-10-18,0.0
2018-10-19,0.0
2018-10-20,0.0
2018-10-21,133.14533622559654
2018-10-22,0.0
2018-10-23,219.68980477223428
2018-10-24,108.73535791757051
2018-10-25,0.0
2018-10-26,0.0
2018-10-27,0.0
2018-10-28,0.0
2018-10-29,0.0
2018-10-30,0.0
2018-10-31,115.39262472885034
2018-11-01,82.10526315789474
2018-11-02,157.89473684210526
2018-11-03,0.0
2018-11-04,0.0
2018-11-05,0.0
2018-11-06,0.0
2018-11-07,0.0
2018-11-08,0.0
2018-11-09,78.94736842105263
2018-11-10,0.0
2018-11-11,0.0
2018-11-12,0.0
2018-11-13,0.0
2018-11-14,77.36842105263158
2018-11-15,0.0
2018-11-16,78.94736842105263
2018-11-17,0.0
2018-11-18,0.0
2018-11-19,0.0
2018-11-20,80.52631578947368
2018-11-21,0.0
2018-11-22,93.15789473684211
2018-11-23,0.0
2018-11-24,0.0
2018-11-25,0.0
2018-11-26,71.05263157894737
2018-11-27,74.21052631578948
2018-11-28,75.78947368421052
2018-11-29,0.0
2018-11-30,0.0
2018-12-01,0.0
2018-12-02,0.0
2018-12-03,0.0
2018-12-04,0.0
2018-12-05,82.27882037533512
2018-12-06,0.0
2018-12-07,87.76407506702412
2018-12-08,0.0
2018-12-09,0.0
2018-12-10,0.0
2018-12-11,85.02144772117961
2018-12-12,0.0
2018-12-13,85.02144772117961
2018-12-14,0.0
2018-12-15,0.0
2018-12-16,0.0
2018-12-17,79.53619302949062
2018-12-18,82.27882037533512
2018-12-19,88.67828418230562
2018-12-20,0.0
2018-12-21,0.0
2018-12-22,0.0
2018-12-23,0.0
2018-12-24,0.0
2018-12-25,0.0
2018-12-26,0.0
2018-12-27,0.0
2018-12-28,91.42091152815013
2018-12-29,0.0
2018-12-30,0.0
2018-12-31,0.0
2019-01-01,113.29558011049723
2019-01-02,0.0
2019-01-03,95.3121546961326
2019-01-04,95.3121546961326
2019-01-05,0.0
2019-01-06,0.0
2019-01-07,89.9171270718232
2019-01-08,0.0
2019-01-09,0.0
2019-01-10,179.8342541436464
2019-01-11,91.71546961325966
2019-01-12,0.0
2019-01-13,104.30386740331491
2019-01-14,0.0
2019-01-15,89.9171270718232
2019-01-16,0.0
2019-01-17,89.9171270718232
2019-01-18,88.11878453038673
2019-01-19,0.0
2019-01-20,0.0
2019-01-21,0.0
2019-01-22,176.23756906077347
2019-01-23,0.0
2019-01-24,0.0
2019-01-25,0.0
2019-01-26,0.0
2019-01-27,0.0
2019-01-28,88.11878453038673
2019-01-29,0.0
2019-01-30,0.0
2019-01-31,0.0
2019-02-01,87.03839732888147
2019-02-02,0.0
2019-02-03,0.0
2019-02-04,0.0
2019-02-05,88.81469115191987
2019-02-06,0.0
2019-02-07,85.26210350584307
2019-02-08,177.62938230383975
2019-02-09,104.80133555926544
2019-02-10,0.0
2019-02-11,0.0
2019-02-12,0.0
2019-02-13,0.0
2019-02-14,87.03839732888147
2019-02-15,0.0
2019-02-16,0.0
2019-02-17,0.0
2019-02-18,0.0
2019-02-19,87.03839732888147
2019-02-20,0.0
2019-02-21,172.30050083472455
2019-02-22,0.0
2019-02-23,0.0
2019-02-24,0.0
2019-02-25,0.0
2019-02-26,0.0
2019-02-27,0.0
2019-02-28,174.07679465776295
2019-03-01,0.0
2019-03-02,0.0
2019-03-03,0.0
2019-03-04,0.0
2019-03-05,0.0
2019-03-06,250.80906148867314
2019-03-07,130.42071197411005
2019-03-08,132.92880258899677
2019-03-09,0.0
2019-03-10,0.0
2019-03-11,0.0
2019-03-12,130.42071197411005
2019-03-13,0.0
2019-03-14,130.42071197411005
2019-03-15,0.0
2019-03-16,0.0
2019-03-17,0.0
2019-03-18,0.0
2019-03-19,0.0
2019-03-20,0.0
2019-03-21,0.0
2019-03-22,0.0
2019-03-23,0.0
2019-03-24,0.0
2019-03-25,0.0
2019-03-26,0.0
2019-03-27,0.0
2019-03-28,0.0
2019-03-29,0.0
2019-03-30,0.0
2019-03-31,0.0
2019-04-01,73.17073170731707
2019-04-02,74.6341463414634
2019-04-03,76.09756097560975
2019-04-04,0.0
2019-04-05,77.5609756097561
2019-04-06,0.0
2019-04-07,0.0
2019-04-08,73.17073170731707
2019-04-09,146.34146341463415
2019-04-10,74.6341463414634
2019-04-11,0.0
2019-04-12,0.0
2019-04-13,0.0
2019-04-14,90.73170731707317
2019-04-15,0.0
2019-04-16,0.0
2019-04-17,0.0
2019-04-18,77.5609756097561
2019-04-19,81.95121951219512
2019-04-20,0.0
2019-04-21,98.04878048780488
2019-04-22,77.5609756097561
2019-04-23,0.0
2019-04-24,76.09756097560975
2019-04-25,74.6341463414634
2019-04-26,74.6341463414634
2019-04-27,0.0
2019-04-28,0.0
2019-04-29,0.0
2019-04-30,73.17073170731707
2019-05-01,0.0
2019-05-02,0.0
2019-05-03,0.0
2019-05-04,0.0
2019-05-05,108.67032967032966
2019-05-06,89.93406593406593
2019-05-07,0.0
2019-05-08,0.0
2019-05-09,0.0
2019-05-10,187.36263736263737
2019-05-11,0.0
2019-05-12,0.0
2019-05-13,0.0
2019-05-14,0.0
2019-05-15,0.0
2019-05-16,91.8076923076923
2019-05-17,0.0
2019-05-18,0.0
2019-05-19,110.54395604395604
2019-05-20,0.0
2019-05-21,0.0
2019-05-22,0.0
2019-05-23,0.0
2019-05-24,0.0
2019-05-25,0.0
2019-05-26,0.0
2019-05-27,0.0
2019-05-28,0.0
2019-05-29,0.0
2019-05-30,0.0
2019-05-31,93.68131868131869
2019-06-01,0.0
2019-06-02,0.0
2019-06-03,0.0
2019-06-04,116.19999999999999
2019-06-05,117.6
2019-06-06,0.0
2019-06-07,0.0
2019-06-08,0.0
2019-06-09,0.0
2019-06-10,0.0
2019-06-11,117.6
2019-06-12,0.0
2019-06-13,0.0
2019-06-14,117.6
2019-06-15,0.0
2019-06-16,140.0
2019-06-17,118.99999999999999
2019-06-18,0.0
2019-06-19,0.0
2019-06-20,0.0
2019-06-21,0.0
2019-06-22,0.0
2019-06-23,0.0
2019-06-24,0.0
2019-06-25,0.0
2019-06-26,0.0
2019-06-27,0.0
2019-06-28,0.0
