Date,Copper
2013-01-01,44.966348568558516
2013-01-02,118.33249623304873
2013-01-03,69.81617277749875
2013-01-04,95.84932194876947
2013-01-05,88.74937217478654
2013-01-06,74.5494726268207
2013-01-07,62.71622300351583
2013-01-08,89.93269713711703
2013-01-09,85.1993972877951
2013-01-10,62.71622300351583
2013-01-11,93.4826720241085
2013-01-12,54.43294826720242
2013-01-13,67.44952285283777
2013-01-14,93.4826720241085
2013-01-15,82.83274736313412
2013-01-16,49.69964841788047
2013-01-17,84.0160723254646
2013-01-18,75.73279758915119
2013-01-19,48.51632345554998
2013-01-20,48.51632345554998
2013-01-21,92.29934706177801
2013-01-22,76.91612255148168
2013-01-23,118.33249623304873
2013-01-24,78.09944751381217
2013-01-25,74.5494726268207
2013-01-26,60.34957307885485
2013-01-27,80.46609743847314
2013-01-28,69.81617277749875
2013-01-29,114.78252134605727
2013-01-30,43.783023606228035
2013-01-31,55.61627322953291
2013-02-01,93.45527638190956
2013-02-02,66.10251256281408
2013-02-03,52.42613065326634
2013-02-04,80.91859296482413
2013-02-05,112.83015075376886
2013-02-06,107.1316582914573
2013-02-07,75.22010050251257
2013-02-08,83.19798994974876
2013-02-09,59.264321608040206
2013-02-10,78.63919597989951
2013-02-11,62.683417085427145
2013-02-12,79.77889447236181
2013-02-13,100.29346733668343
2013-02-14,82.05829145728644
2013-02-15,75.22010050251257
2013-02-16,52.42613065326634
2013-02-17,53.56582914572865
2013-02-18,66.10251256281408
2013-02-19,105.99195979899498
2013-02-20,74.08040201005026
2013-02-21,69.52160804020102
2013-02-22,104.85226130653268
2013-02-23,77.4994974874372
2013-02-24,63.82311557788945
2013-02-25,109.41105527638192
2013-02-26,98.0140703517588
2013-02-27,69.52160804020102
2013-02-28,113.96984924623116
2013-03-01,68.60834590246355
2013-03-02,50.902966314731025
2013-03-03,28.77124183006536
2013-03-04,66.39517345399699
2013-03-05,52.00955253896431
2013-03-06,94.05982905982907
2013-03-07,89.63348416289594
2013-03-08,91.8466566113625
2013-03-09,80.78079436902966
2013-03-10,50.902966314731025
2013-03-11,77.46103569632982
2013-03-12,76.35444947209653
2013-03-13,82.99396681749623
2013-03-14,102.91251885369533
2013-03-15,86.31372549019608
2013-03-16,28.77124183006536
2013-03-17,110.65862242332831
2013-03-18,94.05982905982907
2013-03-19,53.11613876319759
2013-03-20,101.80593262946205
2013-03-21,77.46103569632982
2013-03-22,49.79638009049774
2013-03-23,58.649069884364
2013-03-24,79.67420814479638
2013-03-25,70.82151835093012
2013-03-26,95.16641528406235
2013-03-27,36.51734539969834
2013-03-28,94.05982905982907
2013-03-29,73.03469079939669
2013-03-30,54.22272498743087
2013-03-31,23.238310708898947
2013-04-01,87.08590679393599
2013-04-02,118.75350926445817
2013-04-03,90.25266704098821
2013-04-04,66.50196518809658
2013-04-05,101.33632790567097
2013-04-06,53.8349241998877
2013-04-07,61.75182481751825
2013-04-08,96.58618753509265
2013-04-09,101.33632790567097
2013-04-10,90.25266704098821
2013-04-11,82.33576642335767
2013-04-12,95.00280741156654
2013-04-13,47.50140370578327
2013-04-14,107.6698483997754
2013-04-15,120.33688938798427
2013-04-16,125.08702975856261
2013-04-17,150.42111173498034
2013-04-18,117.17012914093206
2013-04-19,93.41942728804042
2013-04-20,80.75238629983156
2013-04-21,55.418304323413814
2013-04-22,96.58618753509265
2013-04-23,121.92026951151038
2013-04-24,158.3380123526109
2013-04-25,110.83660864682763
2013-04-26,120.33688938798427
2013-04-27,41.167883211678834
2013-04-28,41.167883211678834
2013-04-29,90.25266704098821
2013-04-30,96.58618753509265
2013-05-01,109.02265542676501
2013-05-02,122.1053740779768
2013-05-03,117.74446786090621
2013-05-04,82.8572181243414
2013-05-05,97.39357218124341
2013-05-06,145.36354056902002
2013-05-07,127.9199157007376
2013-05-08,79.949947312961
2013-05-09,129.3735511064278
2013-05-10,79.949947312961
2013-05-11,61.0526870389884
2013-05-12,50.877239199157
2013-05-13,82.8572181243414
2013-05-14,104.6617492096944
2013-05-15,49.4236037934668
2013-05-16,116.290832455216
2013-05-17,75.58904109589041
2013-05-18,62.5063224446786
2013-05-19,33.433614330874605
2013-05-20,87.21812434141201
2013-05-21,85.7644889357218
2013-05-22,75.58904109589041
2013-05-23,135.1880927291886
2013-05-24,93.0326659641728
2013-05-25,78.49631190727081
2013-05-26,59.5990516332982
2013-05-27,94.48630136986301
2013-05-28,98.8472075869336
2013-05-29,81.40358271865121
2013-05-30,66.86722866174921
2013-05-31,74.1354056902002
2013-06-01,75.14950166112958
2013-06-02,60.89700996677741
2013-06-03,81.62790697674419
2013-06-04,59.60132890365449
2013-06-05,107.54152823920266
2013-06-06,60.89700996677741
2013-06-07,44.053156146179404
2013-06-08,68.67109634551495
2013-06-09,27.209302325581397
2013-06-10,95.88039867109634
2013-06-11,69.96677740863788
2013-06-12,129.56810631229237
2013-06-13,66.0797342192691
2013-06-14,90.69767441860465
2013-06-15,104.95016611295681
2013-06-16,28.50498338870432
2013-06-17,81.62790697674419
2013-06-18,76.44518272425249
2013-06-19,66.0797342192691
2013-06-20,123.08970099667775
2013-06-21,79.03654485049834
2013-06-22,76.44518272425249
2013-06-23,41.461794019933556
2013-06-24,120.4983388704319
2013-06-25,119.20265780730898
2013-06-26,86.81063122923588
2013-06-27,93.2890365448505
2013-06-28,62.19269102990033
2013-06-29,73.85382059800665
2013-06-30,68.67109634551495
2013-07-01,65.77603143418467
2013-07-02,60.84282907662082
2013-07-03,77.28683693516699
2013-07-04,69.0648330058939
2013-07-05,124.97445972495088
2013-07-06,46.04322200392927
2013-07-07,67.42043222003929
2013-07-08,42.75442043222004
2013-07-09,90.44204322200392
2013-07-10,83.86444007858546
2013-07-11,60.84282907662082
2013-07-12,133.19646365422395
2013-07-13,67.42043222003929
2013-07-14,36.17681728880157
2013-07-15,133.19646365422395
2013-07-16,101.95284872298625
2013-07-17,72.35363457760315
2013-07-18,67.42043222003929
2013-07-19,82.22003929273085
2013-07-20,75.64243614931237
2013-07-21,37.82121807465619
2013-07-22,101.95284872298625
2013-07-23,70.70923379174852
2013-07-24,73.99803536345776
2013-07-25,73.99803536345776
2013-07-26,97.01964636542239
2013-07-27,82.22003929273085
2013-07-28,92.08644400785855
2013-07-29,72.35363457760315
2013-07-30,164.4400785854617
2013-07-31,85.50884086444007
2013-08-01,73.0277918140475
2013-08-02,86.9378473976756
2013-08-03,96.211217786761
2013-08-04,63.7544214249621
2013-08-05,45.20768064679131
2013-08-06,93.89287518948964
2013-08-07,106.64375947448207
2013-08-08,77.6644770085902
2013-08-09,51.00353713996968
2013-08-10,90.41536129358262
2013-08-11,83.46033350176857
2013-08-12,105.48458817584638
2013-08-13,70.70944921677615
2013-08-14,73.0277918140475
2013-08-15,68.3911066195048
2013-08-16,115.91712986356745
2013-08-17,69.55027791814048
2013-08-18,62.59525012632643
2013-08-19,67.23193532086913
2013-08-20,71.86862051541182
2013-08-21,61.43607882769075
2013-08-22,67.23193532086913
2013-08-23,57.95856493178373
2013-08-24,48.68519454269833
2013-08-25,27.82011116725619
2013-08-26,53.321879737241034
2013-08-27,79.98281960586155
2013-08-28,81.14199090449722
2013-08-29,115.91712986356745
2013-08-30,74.18696311268317
2013-08-31,53.321879737241034
2013-09-01,34.002361275088546
2013-09-02,55.53719008264462
2013-09-03,54.403778040141674
2013-09-04,54.403778040141674
2013-09-05,113.34120425029515
2013-09-06,45.33648170011806
2013-09-07,46.46989374262101
2013-09-08,45.33648170011806
2013-09-09,53.27036599763872
2013-09-10,73.67178276269185
2013-09-11,63.471074380165284
2013-09-12,74.8051948051948
2013-09-13,66.87131050767414
2013-09-14,32.86894923258559
2013-09-15,70.27154663518299
2013-09-16,99.74025974025973
2013-09-17,26.068476977567883
2013-09-18,99.74025974025973
2013-09-19,64.60448642266823
2013-09-20,56.670602125147575
2013-09-21,66.87131050767414
2013-09-22,52.136953955135766
2013-09-23,102.00708382526564
2013-09-24,102.00708382526564
2013-09-25,43.069657615112156
2013-09-26,109.94096812278629
2013-09-27,52.136953955135766
2013-09-28,62.33766233766233
2013-09-29,34.002361275088546
2013-09-30,64.60448642266823
2013-10-01,82.42675511332229
2013-10-02,64.60475400773909
2013-10-03,64.60475400773909
2013-10-04,89.11000552791599
2013-10-05,26.733001658374796
2013-10-06,72.40187949143174
2013-10-07,57.92150359314539
2013-10-08,70.17412935323384
2013-10-09,85.76838032061914
2013-10-10,54.579878385848545
2013-10-11,61.26312880044224
2013-10-12,47.896627971254844
2013-10-13,26.733001658374796
2013-10-14,60.14925373134329
2013-10-15,67.94637921503595
2013-10-16,73.5157545605307
2013-10-17,43.44112769485904
2013-10-18,101.36263128800444
2013-10-19,60.14925373134329
2013-10-20,46.78275290215589
2013-10-21,79.08512990602544
2013-10-22,76.85737976782754
2013-10-23,111.38750690989498
2013-10-24,70.17412935323384
2013-10-25,55.69375345494749
2013-10-26,33.4162520729685
2013-10-27,20.049751243781095
2013-10-28,67.94637921503595
2013-10-29,93.56550580431178
2013-10-30,67.94637921503595
2013-10-31,81.31288004422333
2013-11-01,70.04310344827587
2013-11-02,84.98563218390805
2013-11-03,13.074712643678163
2013-11-04,53.23275862068966
2013-11-05,93.39080459770116
2013-11-06,57.90229885057472
2013-11-07,79.38218390804599
2013-11-08,60.704022988505756
2013-11-09,40.1580459770115
2013-11-10,52.29885057471265
2013-11-11,84.05172413793105
2013-11-12,93.39080459770116
2013-11-13,73.77873563218391
2013-11-14,69.10919540229885
2013-11-15,65.37356321839081
2013-11-16,77.51436781609196
2013-11-17,88.7212643678161
2013-11-18,51.36494252873564
2013-11-19,82.18390804597702
2013-11-20,62.571839080459775
2013-11-21,79.38218390804599
2013-11-22,59.77011494252874
2013-11-23,91.52298850574714
2013-11-24,38.29022988505748
2013-11-25,68.17528735632185
2013-11-26,73.77873563218391
2013-11-27,43.89367816091954
2013-11-28,20.545977011494255
2013-11-29,44.827586206896555
2013-11-30,76.58045977011496
2013-12-01,46.86046511627907
2013-12-02,53.55481727574751
2013-12-03,111.57253599114065
2013-12-04,90.37375415282393
2013-12-05,85.9108527131783
2013-12-06,98.18383167220378
2013-12-07,55.78626799557033
2013-12-08,42.397563676633446
2013-12-09,55.78626799557033
2013-12-10,50.20764119601329
2013-12-11,76.98504983388705
2013-12-12,73.63787375415284
2013-12-13,53.55481727574751
2013-12-14,63.59634551495017
2013-12-15,18.96733111849391
2013-12-16,56.901993355481736
2013-12-17,66.9435215946844
2013-12-18,84.79512735326689
2013-12-19,92.60520487264674
2013-12-20,73.63787375415284
2013-12-21,60.249169435215954
2013-12-22,69.1749723145072
2013-12-23,46.86046511627907
2013-12-24,71.40642303433002
2013-12-25,70.29069767441861
2013-12-26,55.78626799557033
2013-12-27,60.249169435215954
2013-12-28,40.166112956810636
2013-12-29,58.01771871539314
2013-12-30,44.62901439645626
2013-12-31,85.9108527131783
2014-01-01,54.95691102406267
2014-01-02,66.19809736989367
2014-01-03,92.42753217683267
2014-01-04,106.16675993284834
2014-01-05,74.94124230554
2014-01-06,78.688304420817
2014-01-07,82.43536653609401
2014-01-08,119.905987688864
2014-01-09,53.707890318970335
2014-01-10,86.18242865137101
2014-01-11,44.964745383324
2014-01-12,49.96082820369334
2014-01-13,62.45103525461667
2014-01-14,124.90207050923334
2014-01-15,83.68438724118634
2014-01-16,73.69222160044767
2014-01-17,64.94907666480134
2014-01-18,77.43928371572467
2014-01-19,51.20984890878567
2014-01-20,43.71572467823167
2014-01-21,92.42753217683267
2014-01-22,66.19809736989367
2014-01-23,31.225517627308335
2014-01-24,57.45495243424734
2014-01-25,51.20984890878567
2014-01-26,37.47062115277
2014-01-27,64.94907666480134
2014-01-28,98.67263570229434
2014-01-29,66.19809736989367
2014-01-30,72.44320089535533
2014-01-31,101.17067711247901
2014-02-01,47.869742198100404
2014-02-02,82.44233378561736
2014-02-03,77.12347354138399
2014-02-04,66.48575305291723
2014-02-05,25.264586160108546
2014-02-06,87.76119402985074
2014-02-07,87.76119402985074
2014-02-08,53.18860244233378
2014-02-09,59.8371777476255
2014-02-10,62.49660786974219
2014-02-11,132.97150610583446
2014-02-12,53.18860244233378
2014-02-13,93.08005427408412
2014-02-14,91.75033921302578
2014-02-15,55.84803256445047
2014-02-16,73.13432835820895
2014-02-17,91.75033921302578
2014-02-18,67.81546811397557
2014-02-19,77.12347354138399
2014-02-20,63.82632293080054
2014-02-21,86.4314789687924
2014-02-22,30.583446404341924
2014-02-23,35.902306648575305
2014-02-24,95.73948439620081
2014-02-25,62.49660786974219
2014-02-26,43.88059701492537
2014-02-27,78.45318860244232
2014-02-28,75.79375848032564
2014-03-01,68.37683664649957
2014-03-02,30.65168539325843
2014-03-03,77.80812445980986
2014-03-04,77.80812445980986
2014-03-05,49.514261019879
2014-03-06,70.73465859982714
2014-03-07,84.88159031979258
2014-03-08,89.59723422644771
2014-03-09,44.798617113223855
2014-03-10,99.028522039758
2014-03-11,99.028522039758
2014-03-12,235.78219533275714
2014-03-13,181.552290406223
2014-03-14,157.9740708729473
2014-03-15,66.019014693172
2014-03-16,49.514261019879
2014-03-17,91.95505617977528
2014-03-18,108.4598098530683
2014-03-19,113.17545375972344
2014-03-20,150.90060501296458
2014-03-21,113.17545375972344
2014-03-22,33.009507346586
2014-03-23,49.514261019879
2014-03-24,134.39585133967157
2014-03-25,49.514261019879
2014-03-26,77.80812445980986
2014-03-27,73.09248055315472
2014-03-28,75.45030250648229
2014-03-29,42.44079515989629
2014-03-30,75.45030250648229
2014-03-31,56.58772687986172
2014-04-01,58.41614906832297
2014-04-02,59.44099378881987
2014-04-03,50.21739130434782
2014-04-04,56.366459627329185
2014-04-05,69.6894409937888
2014-04-06,74.81366459627328
2014-04-07,33.81987577639751
2014-04-08,77.88819875776396
2014-04-09,79.93788819875775
2014-04-10,102.48447204968943
2014-04-11,84.03726708074532
2014-04-12,38.94409937888198
2014-04-13,51.242236024844715
2014-04-14,59.44099378881987
2014-04-15,58.41614906832297
2014-04-16,69.6894409937888
2014-04-17,81.98757763975154
2014-04-18,72.7639751552795
2014-04-19,38.94409937888198
2014-04-20,55.34161490683229
2014-04-21,71.7391304347826
2014-04-22,74.81366459627328
2014-04-23,74.81366459627328
2014-04-24,79.93788819875775
2014-04-25,95.31055900621116
2014-04-26,58.41614906832297
2014-04-27,50.21739130434782
2014-04-28,64.56521739130433
2014-04-29,71.7391304347826
2014-04-30,64.56521739130433
2014-05-01,78.09645177411295
2014-05-02,104.4952523738131
2014-05-03,53.897551224387804
2014-05-04,72.59670164917542
2014-05-05,57.197401299350325
2014-05-06,36.29835082458771
2014-05-07,57.197401299350325
2014-05-08,101.19540229885058
2014-05-09,49.497751124437784
2014-05-10,47.29785107446277
2014-05-11,75.89655172413794
2014-05-12,63.79710144927537
2014-05-13,67.09695152423788
2014-05-14,79.19640179910046
2014-05-15,69.2968515742129
2014-05-16,65.99700149925037
2014-05-17,109.99500249875062
2014-05-18,74.79660169915043
2014-05-19,80.29635182408796
2014-05-20,102.29535232383809
2014-05-21,53.897551224387804
2014-05-22,103.3953023488256
2014-05-23,51.6976511744128
2014-05-24,56.09745127436282
2014-05-25,59.39730134932534
2014-05-26,30.798600699650176
2014-05-27,101.19540229885058
2014-05-28,71.49675162418791
2014-05-29,67.09695152423788
2014-05-30,81.39630184907547
2014-05-31,78.09645177411295
2014-06-01,46.63834951456311
2014-06-02,59.963592233009706
2014-06-03,89.94538834951456
2014-06-04,78.84101941747574
2014-06-05,43.307038834951456
2014-06-06,51.08009708737864
2014-06-07,78.84101941747574
2014-06-08,32.202669902912625
2014-06-09,67.7366504854369
2014-06-10,79.95145631067962
2014-06-11,111.04368932038835
2014-06-12,67.7366504854369
2014-06-13,69.95752427184466
2014-06-14,63.29490291262136
2014-06-15,48.859223300970875
2014-06-16,37.75485436893204
2014-06-17,92.16626213592232
2014-06-18,55.521844660194176
2014-06-19,56.63228155339806
2014-06-20,32.202669902912625
2014-06-21,64.40533980582525
2014-06-22,32.202669902912625
2014-06-23,67.7366504854369
2014-06-24,62.18446601941748
2014-06-25,73.28883495145631
2014-06-26,18.87742718446602
2014-06-27,91.05582524271844
2014-06-28,46.63834951456311
2014-06-29,47.74878640776699
2014-06-30,62.18446601941748
2014-07-01,67.67821782178217
2014-07-02,76.13799504950495
2014-07-03,65.26113861386138
2014-07-04,39.88180693069307
2014-07-05,60.4269801980198
2014-07-06,79.76361386138613
2014-07-07,79.76361386138613
2014-07-08,54.384282178217816
2014-07-09,42.29888613861386
2014-07-10,80.97215346534652
2014-07-11,50.75866336633663
2014-07-12,105.14294554455445
2014-07-13,53.17574257425742
2014-07-14,78.55507425742573
2014-07-15,65.26113861386138
2014-07-16,73.72091584158416
2014-07-17,49.55012376237623
2014-07-18,58.009900990099005
2014-07-19,31.422029702970296
2014-07-20,24.17079207920792
2014-07-21,67.67821782178217
2014-07-22,42.29888613861386
2014-07-23,43.507425742574256
2014-07-24,31.422029702970296
2014-07-25,70.09529702970296
2014-07-26,30.2134900990099
2014-07-27,31.422029702970296
2014-07-28,120.8539603960396
2014-07-29,78.55507425742573
2014-07-30,108.76856435643563
2014-07-31,91.8490099009901
2014-08-01,67.2027972027972
2014-08-02,65.03496503496504
2014-08-03,29.265734265734267
2014-08-04,86.71328671328672
2014-08-05,57.44755244755245
2014-08-06,98.63636363636364
2014-08-07,79.12587412587413
2014-08-08,43.35664335664336
2014-08-09,73.7062937062937
2014-08-10,59.61538461538462
2014-08-11,72.62237762237763
2014-08-12,60.6993006993007
2014-08-13,108.3916083916084
2014-08-14,70.45454545454545
2014-08-15,72.62237762237763
2014-08-16,72.62237762237763
2014-08-17,36.85314685314685
2014-08-18,75.87412587412588
2014-08-19,74.79020979020979
2014-08-20,62.86713286713287
2014-08-21,52.02797202797203
2014-08-22,59.61538461538462
2014-08-23,49.86013986013986
2014-08-24,78.04195804195804
2014-08-25,68.2867132867133
2014-08-26,72.62237762237763
2014-08-27,44.44055944055944
2014-08-28,50.94405594405595
2014-08-29,70.45454545454545
2014-08-30,35.769230769230774
2014-08-31,65.03496503496504
2014-09-01,60.84602368866328
2014-09-02,73.43485617597293
2014-09-03,67.1404399323181
2014-09-04,45.10998307952622
2014-09-05,53.502538071065985
2014-09-06,35.66835871404399
2014-09-07,55.60067681895093
2014-09-08,73.43485617597293
2014-09-09,71.33671742808798
2014-09-10,50.35532994923858
2014-09-11,61.89509306260575
2014-09-12,104.90693739424704
2014-09-13,50.35532994923858
2014-09-14,35.66835871404399
2014-09-15,89.17089678510997
2014-09-16,77.6311336717428
2014-09-17,84.9746192893401
2014-09-18,72.38578680203045
2014-09-19,76.58206429780033
2014-09-20,22.03045685279188
2014-09-21,49.30626057529611
2014-09-22,72.38578680203045
2014-09-23,61.89509306260575
2014-09-24,57.69881556683587
2014-09-25,80.77834179357022
2014-09-26,71.33671742808798
2014-09-27,36.71742808798646
2014-09-28,22.03045685279188
2014-09-29,68.18950930626058
2014-09-30,77.6311336717428
2014-10-01,61.023622047244096
2014-10-02,62.24409448818898
2014-10-03,64.68503937007874
2014-10-04,43.93700787401575
2014-10-05,65.90551181102363
2014-10-06,68.34645669291339
2014-10-07,39.05511811023622
2014-10-08,84.21259842519686
2014-10-09,51.259842519685044
2014-10-10,59.803149606299215
2014-10-11,65.90551181102363
2014-10-12,36.61417322834646
2014-10-13,57.36220472440945
2014-10-14,100.07874015748033
2014-10-15,84.21259842519686
2014-10-16,101.2992125984252
2014-10-17,64.68503937007874
2014-10-18,29.291338582677167
2014-10-19,29.291338582677167
2014-10-20,17.086614173228348
2014-10-21,76.88976377952756
2014-10-22,104.96062992125985
2014-10-23,50.03937007874016
2014-10-24,35.39370078740158
2014-10-25,95.19685039370079
2014-10-26,36.61417322834646
2014-10-27,100.07874015748033
2014-10-28,67.1259842519685
2014-10-29,122.04724409448819
2014-10-30,56.14173228346457
2014-10-31,84.21259842519686
2014-11-01,54.56692913385827
2014-11-02,73.16929133858268
2014-11-03,69.44881889763779
2014-11-04,101.69291338582677
2014-11-05,49.60629921259843
2014-11-06,124.01574803149606
2014-11-07,83.09055118110237
2014-11-08,29.763779527559056
2014-11-09,14.881889763779528
2014-11-10,62.00787401574803
2014-11-11,86.81102362204724
2014-11-12,95.49212598425197
2014-11-13,60.767716535433074
2014-11-14,64.48818897637796
2014-11-15,57.04724409448819
2014-11-16,7.440944881889764
2014-11-17,66.96850393700788
2014-11-18,73.16929133858268
2014-11-19,81.85039370078741
2014-11-20,45.88582677165354
2014-11-21,40.925196850393704
2014-11-22,35.96456692913386
2014-11-23,49.60629921259843
2014-11-24,71.92913385826772
2014-11-25,74.40944881889764
2014-11-26,80.61023622047244
2014-11-27,37.20472440944882
2014-11-28,55.80708661417323
2014-11-29,85.57086614173228
2014-11-30,55.80708661417323
2014-12-01,84.24000000000001
2014-12-02,103.68
2014-12-03,53.46
2014-12-04,66.42
2014-12-05,61.56
2014-12-06,46.980000000000004
2014-12-07,46.980000000000004
2014-12-08,81.0
2014-12-09,85.86
2014-12-10,81.0
2014-12-11,84.24000000000001
2014-12-12,76.14
2014-12-13,93.96000000000001
2014-12-14,35.64
2014-12-15,90.72
2014-12-16,124.74000000000001
2014-12-17,92.34
2014-12-18,59.940000000000005
2014-12-19,55.080000000000005
2014-12-20,37.260000000000005
2014-12-21,45.36
2014-12-22,142.56
2014-12-23,84.24000000000001
2014-12-24,113.4
2014-12-25,50.220000000000006
2014-12-26,100.44000000000001
2014-12-27,87.48
2014-12-28,43.74
2014-12-29,162.0
2014-12-30,123.12
2014-12-31,97.2
2015-01-01,42.28284278535535
2015-01-02,71.21320890165111
2015-01-03,51.18449389806174
2015-01-04,82.34027279253411
2015-01-05,115.72146446518306
2015-01-06,62.311557788944725
2015-01-07,115.72146446518306
2015-01-08,77.8894472361809
2015-01-09,102.36898779612348
2015-01-10,91.2419239052405
2015-01-11,44.50825556353195
2015-01-12,86.79109834888729
2015-01-13,71.21320890165111
2015-01-14,222.54127781765973
2015-01-15,198.06173725771717
2015-01-16,113.49605168700646
2015-01-17,66.76238334529792
2015-01-18,111.27063890882987
2015-01-19,144.65183058147883
2015-01-20,129.07394113424266
2015-01-21,169.1313711414214
2015-01-22,93.46733668341709
2015-01-23,113.49605168700646
2015-01-24,77.8894472361809
2015-01-25,37.832017229002155
2015-01-26,106.81981335247667
2015-01-27,131.29935391241924
2015-01-28,102.36898779612348
2015-01-29,113.49605168700646
2015-01-30,109.04522613065328
2015-01-31,44.50825556353195
2015-02-01,66.71567567567568
2015-02-02,90.87135135135135
2015-02-03,86.27027027027027
2015-02-04,65.5654054054054
2015-02-05,108.1254054054054
2015-02-06,94.32216216216216
2015-02-07,97.77297297297298
2015-02-08,47.16108108108108
2015-02-09,108.1254054054054
2015-02-10,74.76756756756757
2015-02-11,90.87135135135135
2015-02-12,74.76756756756757
2015-02-13,69.01621621621622
2015-02-14,34.50810810810811
2015-02-15,48.311351351351355
2015-02-16,28.756756756756758
2015-02-17,104.6745945945946
2015-02-18,55.21297297297298
2015-02-19,115.02702702702703
2015-02-20,62.11459459459459
2015-02-21,55.21297297297298
2015-02-22,20.704864864864867
2015-02-23,79.36864864864864
2015-02-24,101.22378378378379
2015-02-25,65.5654054054054
2015-02-26,110.42594594594595
2015-02-27,104.6745945945946
2015-02-28,67.86594594594595
2015-03-01,33.497630331753555
2015-03-02,48.38546603475513
2015-03-03,101.7335439705108
2015-03-04,54.58873091100579
2015-03-05,32.25697735650342
2015-03-06,101.7335439705108
2015-03-07,40.94154818325434
2015-03-08,49.62611901000527
2015-03-09,66.99526066350711
2015-03-10,99.25223802001054
2015-03-11,105.4555028962612
2015-03-12,105.4555028962612
2015-03-13,58.31068983675619
2015-03-14,42.182201158504476
2015-03-15,35.97893628225382
2015-03-16,101.7335439705108
2015-03-17,55.829383886255926
2015-03-18,121.5839915745129
2015-03-19,100.49289099526067
2015-03-20,57.070036861506054
2015-03-21,76.92048446550817
2015-03-22,69.47656661400737
2015-03-23,99.25223802001054
2015-03-24,71.95787256450764
2015-03-25,110.41811479726171
2015-03-26,93.04897314375987
2015-03-27,109.17746182201158
2015-03-28,31.01632438125329
2015-03-29,45.90416008425487
2015-03-30,124.06529752501316
2015-03-31,111.65876777251185
2015-04-01,72.04972375690606
2015-04-02,106.35911602209943
2015-04-03,42.314917127071816
2015-04-04,57.18232044198894
2015-04-05,51.46408839779005
2015-04-06,50.32044198895027
2015-04-07,107.50276243093921
2015-04-08,65.18784530386739
2015-04-09,37.7403314917127
2015-04-10,91.4917127071823
2015-04-11,49.17679558011049
2015-04-12,56.038674033149164
2015-04-13,53.75138121546961
2015-04-14,93.77900552486187
2015-04-15,97.2099447513812
2015-04-16,32.02209944751381
2015-04-17,104.07182320441987
2015-04-18,50.32044198895027
2015-04-19,28.59116022099447
2015-04-20,74.33701657458563
2015-04-21,42.314917127071816
2015-04-22,85.77348066298342
2015-04-23,105.21546961325966
2015-04-24,114.36464088397788
2015-04-25,105.21546961325966
2015-04-26,50.32044198895027
2015-04-27,70.90607734806629
2015-04-28,32.02209944751381
2015-04-29,81.1988950276243
2015-04-30,61.756906077348056
2015-05-01,93.91543624161075
2015-05-02,45.68859060402685
2015-05-03,22.844295302013425
2015-05-04,74.87852348993289
2015-05-05,62.18724832214766
2015-05-06,79.95503355704699
2015-05-07,115.49060402684565
2015-05-08,72.34026845637585
2015-05-09,30.459060402684567
2015-05-10,39.34295302013423
2015-05-11,126.91275167785237
2015-05-12,69.8020134228188
2015-05-13,29.189932885906043
2015-05-14,64.7255033557047
2015-05-15,59.64899328859061
2015-05-16,46.957718120805374
2015-05-17,45.68859060402685
2015-05-18,45.68859060402685
2015-05-19,81.22416107382551
2015-05-20,63.456375838926185
2015-05-21,72.34026845637585
2015-05-22,63.456375838926185
2015-05-23,48.2268456375839
2015-05-24,40.61208053691276
2015-05-25,59.64899328859061
2015-05-26,59.64899328859061
2015-05-27,52.03422818791947
2015-05-28,64.7255033557047
2015-05-29,74.87852348993289
2015-05-30,45.68859060402685
2015-05-31,39.34295302013423
2015-06-01,43.8
2015-06-02,78.84
2015-06-03,68.62
2015-06-04,105.12
2015-06-05,36.5
2015-06-06,67.16
2015-06-07,23.36
2015-06-08,68.62
2015-06-09,102.2
2015-06-10,86.14
2015-06-11,87.6
2015-06-12,73.0
2015-06-13,59.86
2015-06-14,30.66
2015-06-15,45.26
2015-06-16,86.14
2015-06-17,68.62
2015-06-18,46.72
2015-06-19,78.84
2015-06-20,81.75999999999999
2015-06-21,67.16
2015-06-22,100.74
2015-06-23,62.78
2015-06-24,58.4
2015-06-25,146.0
2015-06-26,108.03999999999999
2015-06-27,65.7
2015-06-28,90.52
2015-06-29,75.92
2015-06-30,75.92
2015-07-01,48.97805642633229
2015-07-02,82.21316614420063
2015-07-03,29.73667711598746
2015-07-04,17.49216300940439
2015-07-05,61.22257053291536
2015-07-06,117.1974921630094
2015-07-07,174.92163009404388
2015-07-08,129.44200626959247
2015-07-09,111.94984326018809
2015-07-10,101.45454545454545
2015-07-11,31.4858934169279
2015-07-12,62.9717868338558
2015-07-13,61.22257053291536
2015-07-14,83.96238244514106
2015-07-15,85.7115987460815
2015-07-16,92.70846394984326
2015-07-17,89.21003134796238
2015-07-18,55.974921630094045
2015-07-19,99.70532915360502
2015-07-20,89.21003134796238
2015-07-21,97.95611285266457
2015-07-22,143.43573667711598
2015-07-23,124.19435736677116
2015-07-24,76.96551724137932
2015-07-25,62.9717868338558
2015-07-26,78.71473354231975
2015-07-27,157.4294670846395
2015-07-28,97.95611285266457
2015-07-29,54.225705329153605
2015-07-30,141.68652037617554
2015-07-31,127.69278996865204
2015-08-01,103.64202531645569
2015-08-02,74.44708860759494
2015-08-03,94.88354430379746
2015-08-04,105.10177215189873
2015-08-05,110.94075949367088
2015-08-06,52.550886075949364
2015-08-07,96.34329113924049
2015-08-08,36.49367088607595
2015-08-09,75.90683544303796
2015-08-10,81.74582278481012
2015-08-11,90.50430379746835
2015-08-12,81.74582278481012
2015-08-13,112.40050632911391
2015-08-14,94.88354430379746
2015-08-15,72.9873417721519
2015-08-16,65.6886075949367
2015-08-17,109.48101265822784
2015-08-18,84.6653164556962
2015-08-19,96.34329113924049
2015-08-20,103.64202531645569
2015-08-21,110.94075949367088
2015-08-22,71.52759493670885
2015-08-23,109.48101265822784
2015-08-24,145.9746835443038
2015-08-25,122.61873417721517
2015-08-26,143.0551898734177
2015-08-27,78.82632911392405
2015-08-28,70.06784810126581
2015-08-29,100.72253164556962
2015-08-30,71.52759493670885
2015-08-31,113.86025316455695
2015-09-01,104.6183953033268
2015-09-02,49.13894324853229
2015-09-03,72.91585127201566
2015-09-04,63.40508806262231
2015-09-05,64.99021526418787
2015-09-06,22.19178082191781
2015-09-07,68.16046966731898
2015-09-08,66.57534246575342
2015-09-09,118.88454011741683
2015-09-10,107.78864970645793
2015-09-11,96.69275929549902
2015-09-12,114.12915851272015
2015-09-13,47.55381604696673
2015-09-14,98.27788649706459
2015-09-15,76.08610567514677
2015-09-16,69.74559686888455
2015-09-17,87.18199608610567
2015-09-18,90.3522504892368
2015-09-19,71.3307240704501
2015-09-20,42.79843444227006
2015-09-21,58.64970645792564
2015-09-22,117.29941291585128
2015-09-23,158.5127201565558
2015-09-24,71.3307240704501
2015-09-25,79.2563600782779
2015-09-26,42.79843444227006
2015-09-27,63.40508806262231
2015-09-28,122.05479452054794
2015-09-29,84.01174168297456
2015-09-30,99.86301369863014
2015-10-01,61.44230769230769
2015-10-02,68.26923076923077
2015-10-03,50.519230769230774
2015-10-04,50.519230769230774
2015-10-05,54.61538461538461
2015-10-06,94.21153846153847
2015-10-07,125.61538461538461
2015-10-08,54.61538461538461
2015-10-09,121.51923076923077
2015-10-10,51.88461538461539
2015-10-11,51.88461538461539
2015-10-12,136.53846153846155
2015-10-13,71.0
2015-10-14,65.53846153846155
2015-10-15,49.15384615384615
2015-10-16,69.63461538461539
2015-10-17,43.69230769230769
2015-10-18,49.15384615384615
2015-10-19,76.46153846153847
2015-10-20,86.01923076923077
2015-10-21,90.11538461538461
2015-10-22,54.61538461538461
2015-10-23,113.32692307692308
2015-10-24,42.32692307692308
2015-10-25,49.15384615384615
2015-10-26,75.09615384615385
2015-10-27,58.71153846153846
2015-10-28,68.26923076923077
2015-10-29,64.17307692307692
2015-10-30,102.40384615384616
2015-10-31,50.519230769230774
2015-11-01,42.64705882352941
2015-11-02,82.3529411764706
2015-11-03,67.64705882352942
2015-11-04,73.52941176470588
2015-11-05,58.82352941176471
2015-11-06,114.70588235294119
2015-11-07,27.94117647058824
2015-11-08,75.0
2015-11-09,88.23529411764707
2015-11-10,113.23529411764707
2015-11-11,44.117647058823536
2015-11-12,130.8823529411765
2015-11-13,116.1764705882353
2015-11-14,76.47058823529412
2015-11-15,13.23529411764706
2015-11-16,85.29411764705883
2015-11-17,125.00000000000001
2015-11-18,83.82352941176471
2015-11-19,79.41176470588236
2015-11-20,132.3529411764706
2015-11-21,89.70588235294119
2015-11-22,47.05882352941177
2015-11-23,147.05882352941177
2015-11-24,91.1764705882353
2015-11-25,82.3529411764706
2015-11-26,70.58823529411765
2015-11-27,58.82352941176471
2015-11-28,47.05882352941177
2015-11-29,41.1764705882353
2015-11-30,94.11764705882354
2015-12-01,91.2967032967033
2015-12-02,66.76923076923077
2015-12-03,104.92307692307692
2015-12-04,102.1978021978022
2015-12-05,42.24175824175824
2015-12-06,34.065934065934066
2015-12-07,88.57142857142857
2015-12-08,72.21978021978022
2015-12-09,125.36263736263737
2015-12-10,136.26373626373626
2015-12-11,92.65934065934066
2015-12-12,88.57142857142857
2015-12-13,54.50549450549451
2015-12-14,88.57142857142857
2015-12-15,69.4945054945055
2015-12-16,109.01098901098902
2015-12-17,133.53846153846155
2015-12-18,76.3076923076923
2015-12-19,58.5934065934066
2015-12-20,58.5934065934066
2015-12-21,76.3076923076923
2015-12-22,77.67032967032968
2015-12-23,81.75824175824177
2015-12-24,49.05494505494506
2015-12-25,65.4065934065934
2015-12-26,59.956043956043956
2015-12-27,62.681318681318686
2015-12-28,89.93406593406594
2015-12-29,79.03296703296704
2015-12-30,49.05494505494506
2015-12-31,95.38461538461539
2016-01-01,68.73913043478261
2016-01-02,64.69565217391305
2016-01-03,48.52173913043478
2016-01-04,72.78260869565217
2016-01-05,105.13043478260869
2016-01-06,82.21739130434783
2016-01-07,134.7826086956522
2016-01-08,82.21739130434783
2016-01-09,79.52173913043478
2016-01-10,53.91304347826087
2016-01-11,132.08695652173913
2016-01-12,106.47826086956522
2016-01-13,113.21739130434783
2016-01-14,86.26086956521739
2016-01-15,106.47826086956522
2016-01-16,74.13043478260869
2016-01-17,72.78260869565217
2016-01-18,94.34782608695652
2016-01-19,98.3913043478261
2016-01-20,107.82608695652173
2016-01-21,88.95652173913044
2016-01-22,105.13043478260869
2016-01-23,106.47826086956522
2016-01-24,31.0
2016-01-25,70.08695652173913
2016-01-26,101.08695652173913
2016-01-27,106.47826086956522
2016-01-28,79.52173913043478
2016-01-29,87.6086956521739
2016-01-30,76.82608695652173
2016-01-31,59.30434782608695
2016-02-01,65.15384615384616
2016-02-02,73.44615384615385
2016-02-03,68.70769230769231
2016-02-04,92.4
2016-02-05,107.8
2016-02-06,68.70769230769231
2016-02-07,35.53846153846154
2016-02-08,80.55384615384615
2016-02-09,93.58461538461539
2016-02-10,73.44615384615385
2016-02-11,118.46153846153847
2016-02-12,94.76923076923077
2016-02-13,46.2
2016-02-14,67.52307692307693
2016-02-15,86.47692307692307
2016-02-16,100.6923076923077
2016-02-17,61.6
2016-02-18,104.24615384615385
2016-02-19,58.04615384615385
2016-02-20,36.723076923076924
2016-02-21,52.12307692307692
2016-02-22,90.03076923076924
2016-02-23,114.90769230769232
2016-02-24,60.41538461538462
2016-02-25,107.8
2016-02-26,77.0
2016-02-27,62.784615384615385
2016-02-28,42.646153846153844
2016-02-29,91.21538461538462
2016-03-01,91.96607245543416
2016-03-02,87.84818861414607
2016-03-03,105.6923519263945
2016-03-04,78.23979298447384
2016-03-05,75.49453709028178
2016-03-06,59.02300172512939
2016-03-07,83.73030477285798
2016-03-08,137.26279470960324
2016-03-09,39.806210465784936
2016-03-10,112.55549166187465
2016-03-11,46.6693502012651
2016-03-12,43.924094307073034
2016-03-13,57.650373778033355
2016-03-14,67.25876940770559
2016-03-15,72.74928119608971
2016-03-16,116.67337550316275
2016-03-17,105.6923519263945
2016-03-18,90.59344450833814
2016-03-19,49.41460609545716
2016-03-20,37.06095457159287
2016-03-21,104.31972397929846
2016-03-22,63.14088556641749
2016-03-23,72.74928119608971
2016-03-24,79.61242093156987
2016-03-25,49.41460609545716
2016-03-26,43.924094307073034
2016-03-27,39.806210465784936
2016-03-28,93.3387004025302
2016-03-29,82.35767682576194
2016-03-30,105.6923519263945
2016-03-31,93.3387004025302
2016-04-01,68.64406779661017
2016-04-02,73.22033898305085
2016-04-03,25.93220338983051
2016-04-04,70.16949152542372
2016-04-05,74.7457627118644
2016-04-06,100.6779661016949
2016-04-07,102.20338983050847
2016-04-08,50.33898305084745
2016-04-09,51.86440677966102
2016-04-10,36.610169491525426
2016-04-11,86.94915254237287
2016-04-12,56.440677966101696
2016-04-13,109.83050847457626
2016-04-14,74.7457627118644
2016-04-15,73.22033898305085
2016-04-16,21.35593220338983
2016-04-17,38.13559322033898
2016-04-18,79.32203389830508
2016-04-19,91.52542372881355
2016-04-20,152.54237288135593
2016-04-21,68.64406779661017
2016-04-22,62.54237288135593
2016-04-23,59.49152542372881
2016-04-24,27.457627118644066
2016-04-25,90.0
2016-04-26,93.05084745762711
2016-04-27,73.22033898305085
2016-04-28,51.86440677966102
2016-04-29,99.15254237288136
2016-04-30,96.10169491525423
2016-05-01,25.687081832218215
2016-05-02,52.490993309315485
2016-05-03,87.11271230056613
2016-05-04,61.42563046834791
2016-05-05,85.99588265568707
2016-05-06,83.76222336592896
2016-05-07,75.9444158517756
2016-05-08,16.752444673185792
2016-05-09,80.4117344312918
2016-05-10,101.63149768399381
2016-05-11,111.6829644879053
2016-05-12,78.1780751415337
2016-05-13,79.29490478641276
2016-05-14,54.72465259907359
2016-05-15,65.89294904786412
2016-05-16,50.25733401955738
2016-05-17,88.22954194544518
2016-05-18,80.4117344312918
2016-05-19,63.65928975810601
2016-05-20,85.99588265568707
2016-05-21,55.84148224395265
2016-05-22,37.9722079258878
2016-05-23,82.64539372104991
2016-05-24,90.46320123520329
2016-05-25,78.1780751415337
2016-05-26,75.9444158517756
2016-05-27,68.12660833762223
2016-05-28,51.37416366443643
2016-05-29,63.65928975810601
2016-05-30,43.556356150283065
2016-05-31,92.6968605249614
2016-06-01,115.46349942062574
2016-06-02,78.66743916570105
2016-06-03,57.09733487833141
2016-06-04,48.215527230590965
2016-06-05,53.290845886442646
2016-06-06,82.47392815758981
2016-06-07,63.44148319814601
2016-06-08,82.47392815758981
2016-06-09,93.89339513325609
2016-06-10,53.290845886442646
2016-06-11,32.98957126303593
2016-06-12,60.903823870220165
2016-06-13,41.871378910776365
2016-06-14,91.35573580533026
2016-06-15,64.71031286210894
2016-06-16,83.74275782155273
2016-06-17,82.47392815758981
2016-06-18,50.75318655851681
2016-06-19,16.494785631517964
2016-06-20,46.946697566628046
2016-06-21,126.88296639629202
2016-06-22,85.01158748551565
2016-06-23,83.74275782155273
2016-06-24,95.16222479721901
2016-06-25,106.58169177288529
2016-06-26,68.51680185399769
2016-06-27,83.74275782155273
2016-06-28,65.97914252607185
2016-06-29,72.32329084588645
2016-06-30,101.50637311703362
2016-07-01,116.19023136246787
2016-07-02,45.90231362467866
2016-07-03,11.475578406169666
2016-07-04,57.37789203084833
2016-07-05,143.44473007712082
2016-07-06,87.5012853470437
2016-07-07,83.19794344473007
2016-07-08,64.55012853470437
2016-07-09,45.90231362467866
2016-07-10,51.64010282776349
2016-07-11,97.54241645244215
2016-07-12,88.9357326478149
2016-07-13,96.10796915167094
2016-07-14,109.01799485861183
2016-07-15,90.37017994858611
2016-07-16,51.64010282776349
2016-07-17,51.64010282776349
2016-07-18,68.85347043701799
2016-07-19,53.0745501285347
2016-07-20,104.7146529562982
2016-07-21,64.55012853470437
2016-07-22,71.72236503856041
2016-07-23,51.64010282776349
2016-07-24,45.90231362467866
2016-07-25,73.15681233933162
2016-07-26,81.76349614395886
2016-07-27,97.54241645244215
2016-07-28,43.03341902313625
2016-07-29,58.81233933161953
2016-07-30,67.41902313624678
2016-07-31,57.37789203084833
2016-08-01,103.39873417721518
2016-08-02,62.261603375527415
2016-08-03,48.919831223628684
2016-08-04,98.95147679324893
2016-08-05,73.37974683544303
2016-08-06,42.24894514767932
2016-08-07,53.36708860759493
2016-08-08,34.46624472573839
2016-08-09,78.93881856540084
2016-08-10,70.04430379746834
2016-08-11,62.261603375527415
2016-08-12,62.261603375527415
2016-08-13,57.814345991561176
2016-08-14,47.80801687763712
2016-08-15,65.5970464135021
2016-08-16,106.73417721518986
2016-08-17,41.13713080168776
2016-08-18,83.38607594936708
2016-08-19,57.814345991561176
2016-08-20,78.93881856540084
2016-08-21,72.26793248945147
2016-08-22,81.16244725738396
2016-08-23,85.6097046413502
2016-08-24,64.48523206751054
2016-08-25,65.5970464135021
2016-08-26,53.36708860759493
2016-08-27,72.26793248945147
2016-08-28,11.118143459915611
2016-08-29,87.83333333333333
2016-08-30,73.37974683544303
2016-08-31,111.1814345991561
2016-09-01,52.718609865470846
2016-09-02,69.36659192825111
2016-09-03,47.16928251121076
2016-09-04,49.01905829596412
2016-09-05,75.84080717488789
2016-09-06,39.770179372197305
2016-09-07,55.493273542600896
2016-09-08,43.469730941704036
2016-09-09,40.695067264573986
2016-09-10,42.544843049327355
2016-09-11,24.9719730941704
2016-09-12,64.74215246636771
2016-09-13,56.41816143497758
2016-09-14,39.770179372197305
2016-09-15,92.48878923766816
2016-09-16,62.892376681614344
2016-09-17,31.446188340807172
2016-09-18,44.39461883408072
2016-09-19,60.1177130044843
2016-09-20,73.99103139013452
2016-09-21,64.74215246636771
2016-09-22,70.2914798206278
2016-09-23,90.6390134529148
2016-09-24,58.26793721973094
2016-09-25,20.347533632286993
2016-09-26,35.1457399103139
2016-09-27,56.41816143497758
2016-09-28,35.1457399103139
2016-09-29,78.61547085201794
2016-09-30,73.06614349775785
2016-10-01,61.17553191489362
2016-10-02,26.54787234042553
2016-10-03,49.63297872340426
2016-10-04,91.18617021276596
2016-10-05,99.26595744680851
2016-10-06,73.87234042553192
2016-10-07,84.26063829787235
2016-10-08,33.47340425531915
2016-10-09,75.02659574468085
2016-10-10,69.25531914893617
2016-10-11,83.1063829787234
2016-10-12,60.02127659574468
2016-10-13,115.42553191489363
2016-10-14,57.71276595744681
2016-10-15,40.398936170212764
2016-10-16,75.02659574468085
2016-10-17,100.42021276595744
2016-10-18,91.18617021276596
2016-10-19,73.87234042553192
2016-10-20,78.48936170212767
2016-10-21,61.17553191489362
2016-10-22,86.56914893617021
2016-10-23,55.40425531914894
2016-10-24,72.71808510638299
2016-10-25,85.41489361702128
2016-10-26,45.015957446808514
2016-10-27,58.86702127659574
2016-10-28,80.79787234042553
2016-10-29,72.71808510638299
2016-10-30,43.861702127659576
2016-10-31,68.10106382978724
2016-11-01,72.34042553191489
2016-11-02,42.198581560283685
2016-11-03,50.23640661938534
2016-11-04,58.274231678487
2016-11-05,32.15130023640662
2016-11-06,52.24586288416076
2016-11-07,88.4160756501182
2016-11-08,112.52955082742317
2016-11-09,106.50118203309692
2016-11-10,160.7565011820331
2016-11-11,200.94562647754137
2016-11-12,88.4160756501182
2016-11-13,46.21749408983452
2016-11-14,124.58628841607565
2016-11-15,104.49172576832152
2016-11-16,100.47281323877068
2016-11-17,128.60520094562648
2016-11-18,82.38770685579196
2016-11-19,64.30260047281324
2016-11-20,52.24586288416076
2016-11-21,100.47281323877068
2016-11-22,72.34042553191489
2016-11-23,62.29314420803782
2016-11-24,42.198581560283685
2016-11-25,86.4066193853428
2016-11-26,60.283687943262414
2016-11-27,60.283687943262414
2016-11-28,94.44444444444444
2016-11-29,116.548463356974
2016-11-30,86.4066193853428
2016-12-01,107.10539845758355
2016-12-02,67.57840616966581
2016-12-03,63.75321336760925
2016-12-04,51.0025706940874
2016-12-05,77.7789203084833
2016-12-06,127.5064267352185
2016-12-07,89.25449871465295
2016-12-08,102.0051413881748
2016-12-09,94.3547557840617
2016-12-10,81.60411311053984
2016-12-11,62.47814910025706
2016-12-12,71.40359897172236
2016-12-13,56.102827763496144
2016-12-14,98.17994858611824
2016-12-15,100.73007712082261
2016-12-16,73.95372750642673
2016-12-17,40.80205655526992
2016-12-18,59.9280205655527
2016-12-19,81.60411311053984
2016-12-20,114.75578406169666
2016-12-21,90.52956298200513
2016-12-22,98.17994858611824
2016-12-23,66.30334190231362
2016-12-24,73.95372750642673
2016-12-25,62.47814910025706
2016-12-26,59.9280205655527
2016-12-27,80.32904884318766
2016-12-28,109.65552699228792
2016-12-29,79.05398457583547
2016-12-30,70.12853470437018
2016-12-31,67.57840616966581
2017-01-01,36.13579576317219
2017-01-02,49.842476914720265
2017-01-03,79.74796306355242
2017-01-04,118.37588267246062
2017-01-05,87.22433460076046
2017-01-06,59.810972297664314
2017-01-07,58.564910374796305
2017-01-08,43.61216730038023
2017-01-09,57.318848451928304
2017-01-10,66.04128191200435
2017-01-11,90.96252036936448
2017-01-12,71.02552960347637
2017-01-13,76.00977729494839
2017-01-14,63.54915806626833
2017-01-15,66.04128191200435
2017-01-16,63.54915806626833
2017-01-17,109.65344921238457
2017-01-18,64.79521998913634
2017-01-19,77.2558392178164
2017-01-20,84.73221075502444
2017-01-21,95.9467680608365
2017-01-22,51.08853883758827
2017-01-23,89.71645844649647
2017-01-24,48.59641499185226
2017-01-25,117.12982074959261
2017-01-26,124.60619228680065
2017-01-27,99.68495382944053
2017-01-28,48.59641499185226
2017-01-29,58.564910374796305
2017-01-30,54.826724606192286
2017-01-31,80.99402498642043
2017-02-01,92.63610639501981
2017-02-02,65.66610073571024
2017-02-03,117.26089417091114
2017-02-04,46.904357668364455
2017-02-05,46.904357668364455
2017-02-06,83.2552348613469
2017-02-07,69.18392756083757
2017-02-08,70.35653650254669
2017-02-09,110.22524052065647
2017-02-10,73.87436332767402
2017-02-11,58.63044708545557
2017-02-12,52.76740237691001
2017-02-13,103.18958687040181
2017-02-14,82.0826259196378
2017-02-15,79.73740803621958
2017-02-16,98.49915110356537
2017-02-17,99.67176004527447
2017-02-18,70.35653650254669
2017-02-19,53.94001131861913
2017-02-20,82.0826259196378
2017-02-21,58.63044708545557
2017-02-22,84.42784380305602
2017-02-23,77.39219015280136
2017-02-24,96.15393322014714
2017-02-25,42.21392190152801
2017-02-26,31.660441426146008
2017-02-27,72.7017543859649
2017-02-28,51.594793435200906
2017-03-01,90.8867247565351
2017-03-02,89.85392106611994
2017-03-03,69.1978472578165
2017-03-04,48.541773449513066
2017-03-05,19.62327011788826
2017-03-06,53.705791901588924
2017-03-07,67.13223987698615
2017-03-08,64.03382880574064
2017-03-09,103.28036904151716
2017-03-10,60.935417734495125
2017-03-11,52.67298821117375
2017-03-12,30.98411071245515
2017-03-13,75.39466940030752
2017-03-14,64.03382880574064
2017-03-15,56.80420297283444
2017-03-16,77.46027678113788
2017-03-17,54.738595592004096
2017-03-18,23.754484879548947
2017-03-19,9.295233213736545
2017-03-20,92.95233213736545
2017-03-21,80.55868785238339
2017-03-22,101.21476166068682
2017-03-23,66.09943618657098
2017-03-24,58.86981035366478
2017-03-25,73.32906201947719
2017-03-26,43.37775499743721
2017-03-27,83.6570989236289
2017-03-28,65.06663249615582
2017-03-29,69.1978472578165
2017-03-30,90.8867247565351
2017-03-31,77.46027678113788
2017-04-01,43.78457059679767
2017-04-02,48.44250363901019
2017-04-03,78.2532751091703
2017-04-04,79.1848617176128
2017-04-05,31.673944687045122
2017-04-06,79.1848617176128
2017-04-07,86.63755458515284
2017-04-08,19.563318777292576
2017-04-09,43.78457059679767
2017-04-10,72.66375545851528
2017-04-11,68.93740902474526
2017-04-12,68.93740902474526
2017-04-13,49.37409024745269
2017-04-14,66.14264919941776
2017-04-15,40.05822416302765
2017-04-16,52.1688500727802
2017-04-17,60.55312954876273
2017-04-18,86.63755458515284
2017-04-19,87.56914119359534
2017-04-20,92.22707423580786
2017-04-21,67.07423580786026
2017-04-22,68.93740902474526
2017-04-23,48.44250363901019
2017-04-24,54.96360989810771
2017-04-25,86.63755458515284
2017-04-26,93.15866084425036
2017-04-27,83.84279475982532
2017-04-28,68.93740902474526
2017-04-29,39.12663755458515
2017-04-30,53.1004366812227
2017-05-01,94.04171494785632
2017-05-02,26.869061413673233
2017-05-03,87.9351100811124
2017-05-04,69.61529548088065
2017-05-05,105.03360370799537
2017-05-06,29.3117033603708
2017-05-07,50.074159907300114
2017-05-08,94.04171494785632
2017-05-09,73.279258400927
2017-05-10,61.06604866743916
2017-05-11,70.83661645422943
2017-05-12,64.73001158748552
2017-05-13,67.17265353418308
2017-05-14,41.52491309385863
2017-05-15,73.279258400927
2017-05-16,95.2630359212051
2017-05-17,43.9675550405562
2017-05-18,122.13209733487832
2017-05-19,53.738122827346466
2017-05-20,58.6234067207416
2017-05-21,37.860950173812284
2017-05-22,69.61529548088065
2017-05-23,89.15643105446118
2017-05-24,83.04982618771726
2017-05-25,106.25492468134415
2017-05-26,57.40208574739282
2017-05-27,39.082271147161066
2017-05-28,10.99188876013905
2017-05-29,72.05793742757821
2017-05-30,86.71378910776362
2017-05-31,73.279258400927
2017-06-01,59.94809688581315
2017-06-02,81.74740484429066
2017-06-03,35.96885813148789
2017-06-04,70.8477508650519
2017-06-05,58.858131487889274
2017-06-06,49.048442906574394
2017-06-07,66.4878892733564
2017-06-08,105.72664359861592
2017-06-09,71.93771626297578
2017-06-10,92.64705882352942
2017-06-11,31.60899653979239
2017-06-12,46.86851211072665
2017-06-13,91.55709342560554
2017-06-14,58.858131487889274
2017-06-15,61.03806228373703
2017-06-16,65.39792387543253
2017-06-17,51.22837370242215
2017-06-18,41.418685121107266
2017-06-19,46.86851211072665
2017-06-20,76.29757785467129
2017-06-21,90.46712802768167
2017-06-22,44.688581314878896
2017-06-23,45.77854671280277
2017-06-24,64.30795847750865
2017-06-25,41.418685121107266
2017-06-26,56.67820069204153
2017-06-27,53.4083044982699
2017-06-28,108.99653979238755
2017-06-29,50.13840830449827
2017-06-30,69.75778546712803
2017-07-01,16.424874191229332
2017-07-02,38.822429906542055
2017-07-03,68.68583752695902
2017-07-04,47.781452192667146
2017-07-05,38.822429906542055
2017-07-06,80.6312005751258
2017-07-07,31.356578001437814
2017-07-08,77.64485981308411
2017-07-09,47.781452192667146
2017-07-10,85.11071171818836
2017-07-11,103.02875629043854
2017-07-12,49.27462257368799
2017-07-13,76.15168943206326
2017-07-14,55.24730409777139
2017-07-15,52.26096333572969
2017-07-16,47.781452192667146
2017-07-17,62.71315600287563
2017-07-18,94.06973400431345
2017-07-19,94.06973400431345
2017-07-20,61.21998562185478
2017-07-21,68.68583752695902
2017-07-22,56.74047447879224
2017-07-23,31.356578001437814
2017-07-24,58.23364485981308
2017-07-25,89.5902228612509
2017-07-26,149.31703810208484
2017-07-27,110.49460819554278
2017-07-28,76.15168943206326
2017-07-29,35.83608914450036
2017-07-30,47.781452192667146
2017-07-31,123.93314162473041
2017-08-01,59.91662455785751
2017-08-02,74.01465386558868
2017-08-03,81.06366851945428
2017-08-04,57.56695300656898
2017-08-05,61.09146033350177
2017-08-06,51.69277412834766
2017-08-07,84.58817584638707
2017-08-08,90.4623547246084
2017-08-09,82.23850429509854
2017-08-10,117.48357756442648
2017-08-11,71.66498231430016
2017-08-12,30.545730166750886
2017-08-13,45.81859525012633
2017-08-14,75.18948964123295
2017-08-15,65.79080343607883
2017-08-16,78.71399696816574
2017-08-17,78.71399696816574
2017-08-18,96.33653360282972
2017-08-19,56.39211723092471
2017-08-20,50.51793835270339
2017-08-21,86.9378473976756
2017-08-22,117.48357756442648
2017-08-23,74.01465386558868
2017-08-24,98.68620515411826
2017-08-25,105.73521980798384
2017-08-26,24.671551288529564
2017-08-27,57.56695300656898
2017-08-28,95.16169782718545
2017-08-29,101.03587670540678
2017-08-30,59.91662455785751
2017-08-31,93.9868620515412
2017-09-01,83.77358490566037
2017-09-02,43.0188679245283
2017-09-03,48.679245283018865
2017-09-04,89.43396226415094
2017-09-05,88.30188679245283
2017-09-06,48.679245283018865
2017-09-07,84.90566037735849
2017-09-08,74.71698113207547
2017-09-09,69.05660377358491
2017-09-10,49.81132075471698
2017-09-11,97.35849056603773
2017-09-12,86.0377358490566
2017-09-13,113.20754716981132
2017-09-14,112.0754716981132
2017-09-15,69.05660377358491
2017-09-16,75.84905660377358
2017-09-17,18.11320754716981
2017-09-18,70.18867924528301
2017-09-19,70.18867924528301
2017-09-20,81.50943396226415
2017-09-21,78.11320754716981
2017-09-22,76.98113207547169
2017-09-23,43.0188679245283
2017-09-24,32.83018867924528
2017-09-25,87.16981132075472
2017-09-26,63.39622641509434
2017-09-27,63.39622641509434
2017-09-28,50.943396226415096
2017-09-29,76.98113207547169
2017-09-30,53.20754716981132
2017-10-01,34.962406015037594
2017-10-02,69.92481203007519
2017-10-03,75.5187969924812
2017-10-04,79.71428571428572
2017-10-05,110.4812030075188
2017-10-06,39.15789473684211
2017-10-07,50.34586466165413
2017-10-08,54.54135338345865
2017-10-09,100.69172932330827
2017-10-10,86.70676691729324
2017-10-11,83.90977443609023
2017-10-12,79.71428571428572
2017-10-13,109.0827067669173
2017-10-14,46.150375939849624
2017-10-15,54.54135338345865
2017-10-16,139.84962406015038
2017-10-17,110.4812030075188
2017-10-18,100.69172932330827
2017-10-19,113.2781954887218
2017-10-20,102.09022556390978
2017-10-21,67.12781954887218
2017-10-22,54.54135338345865
2017-10-23,111.8796992481203
2017-10-24,74.1203007518797
2017-10-25,92.30075187969925
2017-10-26,71.32330827067669
2017-10-27,69.92481203007519
2017-10-28,20.977443609022558
2017-10-29,40.55639097744361
2017-10-30,86.70676691729324
2017-10-31,86.70676691729324
2017-11-01,95.19713261648747
2017-11-02,66.52329749103944
2017-11-03,82.58064516129033
2017-11-04,33.26164874551972
2017-11-05,22.939068100358426
2017-11-06,114.69534050179213
2017-11-07,63.08243727598567
2017-11-08,58.49462365591398
2017-11-09,79.13978494623657
2017-11-10,42.43727598566309
2017-11-11,48.172043010752695
2017-11-12,47.02508960573478
2017-11-13,58.49462365591398
2017-11-14,82.58064516129033
2017-11-15,91.7562724014337
2017-11-16,51.61290322580646
2017-11-17,49.31899641577061
2017-11-18,81.43369175627241
2017-11-19,37.84946236559141
2017-11-20,73.40501792114696
2017-11-21,71.11111111111111
2017-11-22,34.40860215053764
2017-11-23,81.43369175627241
2017-11-24,45.87813620071685
2017-11-25,42.43727598566309
2017-11-26,69.9641577060932
2017-11-27,59.64157706093191
2017-11-28,65.37634408602152
2017-11-29,66.52329749103944
2017-11-30,103.22580645161293
2017-12-01,80.18589444184961
2017-12-02,54.48528724894909
2017-12-03,40.092947220924806
2017-12-04,62.70948155067726
2017-12-05,58.59738439981317
2017-12-06,75.0457730032695
2017-12-07,82.24194301728164
2017-12-08,65.79355441382532
2017-12-09,50.37319009808501
2017-12-10,50.37319009808501
2017-12-11,99.718355908454
2017-12-12,89.4381130312938
2017-12-13,74.01774871555348
2017-12-14,77.10182157870155
2017-12-15,87.38206445586175
2017-12-16,87.38206445586175
2017-12-17,41.12097150864082
2017-12-18,85.32601588042971
2017-12-19,66.82157870154134
2017-12-20,85.32601588042971
2017-12-21,91.49416160672584
2017-12-22,83.26996730499766
2017-12-23,43.177020084072865
2017-12-24,54.48528724894909
2017-12-25,37.00887435777674
2017-12-26,71.96170014012144
2017-12-27,77.10182157870155
2017-12-28,93.55021018215787
2017-12-29,102.80242877160207
2017-12-30,82.24194301728164
2017-12-31,50.37319009808501
2018-01-01,14.420573509330906
2018-01-02,81.3732362312244
2018-01-03,100.94401456531634
2018-01-04,64.89258079198908
2018-01-05,73.13290851160673
2018-01-06,69.0127446517979
2018-01-07,54.592171142467
2018-01-08,92.70368684569868
2018-01-09,84.46335912608102
2018-01-10,66.95266272189349
2018-01-11,54.592171142467
2018-01-12,47.38188438780155
2018-01-13,70.04278561675011
2018-01-14,49.44196631770596
2018-01-15,70.04278561675011
2018-01-16,57.68229403732362
2018-01-17,95.7938097405553
2018-01-18,78.28311333636778
2018-01-19,83.43331816112881
2018-01-20,64.89258079198908
2018-01-21,62.83249886208466
2018-01-22,87.55348202093764
2018-01-23,103.00409649522075
2018-01-24,73.13290851160673
2018-01-25,92.70368684569868
2018-01-26,79.31315430131998
2018-01-27,64.89258079198908
2018-01-28,55.62221210741921
2018-01-29,79.31315430131998
2018-01-30,101.97405553026854
2018-01-31,88.58352298588984
2018-02-01,80.45531914893617
2018-02-02,59.79787234042553
2018-02-03,64.1468085106383
2018-02-04,44.57659574468085
2018-02-05,96.76382978723404
2018-02-06,98.93829787234043
2018-02-07,108.72340425531914
2018-02-08,42.40212765957447
2018-02-09,85.89148936170213
2018-02-10,81.54255319148936
2018-02-11,63.0595744680851
2018-02-12,83.71702127659574
2018-02-13,83.71702127659574
2018-02-14,77.1936170212766
2018-02-15,63.0595744680851
2018-02-16,75.01914893617021
2018-02-17,52.187234042553186
2018-02-18,50.01276595744681
2018-02-19,59.79787234042553
2018-02-20,68.49574468085106
2018-02-21,72.84468085106383
2018-02-22,88.06595744680851
2018-02-23,82.62978723404255
2018-02-24,45.66382978723404
2018-02-25,64.1468085106383
2018-02-26,75.01914893617021
2018-02-27,83.71702127659574
2018-02-28,92.41489361702128
2018-03-01,97.74388947927736
2018-03-02,77.28586609989372
2018-03-03,82.96865037194473
2018-03-04,68.19341126461211
2018-03-05,68.19341126461211
2018-03-06,56.82784272051009
2018-03-07,72.73963868225292
2018-03-08,93.19766206163655
2018-03-09,96.60733262486715
2018-03-10,47.73538788522848
2018-03-11,37.50637619553666
2018-03-12,39.779489904357064
2018-03-13,81.83209351753453
2018-03-14,56.82784272051009
2018-03-15,87.51487778958554
2018-03-16,65.9202975557917
2018-03-17,53.418172157279486
2018-03-18,39.779489904357064
2018-03-19,44.32571732199787
2018-03-20,63.6471838469713
2018-03-21,48.87194473963868
2018-03-22,82.96865037194473
2018-03-23,77.28586609989372
2018-03-24,113.65568544102018
2018-03-25,50.00850159404888
2018-03-26,79.55897980871413
2018-03-27,70.46652497343251
2018-03-28,50.00850159404888
2018-03-29,60.2375132837407
2018-03-30,98.88044633368756
2018-03-31,75.01275239107332
2018-04-01,44.963592233009706
2018-04-02,69.8118932038835
2018-04-03,81.64441747572815
2018-04-04,82.82766990291262
2018-04-05,118.3252427184466
2018-04-06,108.85922330097087
2018-04-07,23.66504854368932
2018-04-08,33.131067961165044
2018-04-09,59.1626213592233
2018-04-10,84.01092233009709
2018-04-11,82.82766990291262
2018-04-12,68.62864077669903
2018-04-13,78.09466019417475
2018-04-14,37.86407766990291
2018-04-15,31.94781553398058
2018-04-16,57.97936893203883
2018-04-17,66.26213592233009
2018-04-18,70.99514563106796
2018-04-19,75.72815533980582
2018-04-20,60.345873786407765
2018-04-21,63.89563106796116
2018-04-22,28.398058252427184
2018-04-23,104.126213592233
2018-04-24,89.92718446601941
2018-04-25,57.97936893203883
2018-04-26,42.59708737864078
2018-04-27,60.345873786407765
2018-04-28,57.97936893203883
2018-04-29,37.86407766990291
2018-04-30,69.8118932038835
2018-05-01,53.2
2018-05-02,73.73333333333333
2018-05-03,93.33333333333333
2018-05-04,52.266666666666666
2018-05-05,42.93333333333334
2018-05-06,47.6
2018-05-07,73.73333333333333
2018-05-08,76.53333333333333
2018-05-09,57.86666666666667
2018-05-10,70.93333333333334
2018-05-11,41.06666666666667
2018-05-12,43.86666666666667
2018-05-13,28.933333333333334
2018-05-14,64.4
2018-05-15,50.4
2018-05-16,70.0
2018-05-17,70.93333333333334
2018-05-18,73.73333333333333
2018-05-19,32.666666666666664
2018-05-20,14.0
2018-05-21,35.46666666666667
2018-05-22,62.53333333333333
2018-05-23,56.93333333333334
2018-05-24,74.66666666666667
2018-05-25,60.666666666666664
2018-05-26,39.2
2018-05-27,29.866666666666667
2018-05-28,56.0
2018-05-29,68.13333333333334
2018-05-30,67.2
2018-05-31,53.2
2018-06-01,65.87344510546242
2018-06-02,44.294213088155765
2018-06-03,29.52947539210384
2018-06-04,39.75121687398594
2018-06-05,84.04542996214171
2018-06-06,89.72417522985398
2018-06-07,98.81016765819362
2018-06-08,88.58842617631153
2018-06-09,28.393726338561386
2018-06-10,67.00919415900488
2018-06-11,94.2671714440238
2018-06-12,56.78745267712277
2018-06-13,85.18117901568417
2018-06-14,64.73769605191997
2018-06-15,97.67441860465117
2018-06-16,53.38020551649541
2018-06-17,39.75121687398594
2018-06-18,98.81016765819362
2018-06-19,76.09518658734451
2018-06-20,91.99567333693889
2018-06-21,86.31692806922662
2018-06-22,62.46619794483505
2018-06-23,61.3304488912926
2018-06-24,54.51595457003786
2018-06-25,113.57490535424554
2018-06-26,73.8236884802596
2018-06-27,69.28069226608979
2018-06-28,99.94591671173609
2018-06-29,55.65170362358032
2018-06-30,28.393726338561386
2018-07-01,48.579929988331386
2018-07-02,62.8681446907818
2018-07-03,58.581680280046676
2018-07-04,34.29171528588098
2018-07-05,77.15635939323221
2018-07-06,100.01750291715285
2018-07-07,52.86639439906651
2018-07-08,38.578179696616104
2018-07-09,122.87864644107351
2018-07-10,101.4463243873979
2018-07-11,97.15985997666277
2018-07-12,81.44282380396733
2018-07-13,114.30571761960326
2018-07-14,68.58343057176197
2018-07-15,75.72753792298717
2018-07-16,84.30046674445741
2018-07-17,108.5904317386231
2018-07-18,54.29521586931155
2018-07-19,121.44982497082847
2018-07-20,100.01750291715285
2018-07-21,58.581680280046676
2018-07-22,48.579929988331386
2018-07-23,84.30046674445741
2018-07-24,104.30396732788797
2018-07-25,94.30221703617269
2018-07-26,110.01925320886814
2018-07-27,142.8821470245041
2018-07-28,44.293465577596265
2018-07-29,25.718786464410734
2018-07-30,80.01400233372229
2018-07-31,52.86639439906651
2018-08-01,105.36787564766838
2018-08-02,105.36787564766838
2018-08-03,102.97315120113046
2018-08-04,59.86811116344795
2018-08-05,44.30240226095148
2018-08-06,76.63118228921337
2018-08-07,104.17051342439943
2018-08-08,71.84173339613753
2018-08-09,112.55204898728213
2018-08-10,99.38106453132359
2018-08-11,62.26283560998586
2018-08-12,39.512953367875646
2018-08-13,110.15732454074421
2018-08-14,71.84173339613753
2018-08-15,114.94677343382006
2018-08-16,111.35468676401318
2018-08-17,68.24964672633065
2018-08-18,59.86811116344795
2018-08-19,69.44700894959962
2018-08-20,119.7362223268959
2018-08-21,75.43382006594442
2018-08-22,70.64437117286857
2018-08-23,89.80216674517192
2018-08-24,99.38106453132359
2018-08-25,39.512953367875646
2018-08-26,28.736693358455014
2018-08-27,99.38106453132359
2018-08-28,87.407442298634
2018-08-29,92.19689119170984
2018-08-30,65.85492227979275
2018-08-31,83.81535562882712
2018-09-01,47.74468085106383
2018-09-02,29.297872340425535
2018-09-03,51.00000000000001
2018-09-04,102.00000000000001
2018-09-05,56.425531914893625
2018-09-06,90.06382978723406
2018-09-07,67.27659574468086
2018-09-08,66.19148936170214
2018-09-09,64.0212765957447
2018-09-10,47.74468085106383
2018-09-11,79.21276595744682
2018-09-12,71.61702127659575
2018-09-13,68.36170212765958
2018-09-14,77.04255319148938
2018-09-15,47.74468085106383
2018-09-16,56.425531914893625
2018-09-17,64.0212765957447
2018-09-18,79.21276595744682
2018-09-19,77.04255319148938
2018-09-20,60.765957446808514
2018-09-21,45.57446808510639
2018-09-22,68.36170212765958
2018-09-23,56.425531914893625
2018-09-24,92.2340425531915
2018-09-25,108.51063829787235
2018-09-26,82.46808510638299
2018-09-27,88.97872340425533
2018-09-28,103.08510638297874
2018-09-29,62.936170212765965
2018-09-30,28.212765957446813
2018-10-01,73.28523862375138
2018-10-02,69.62097669256381
2018-10-03,50.07824639289678
2018-10-04,106.2635960044395
2018-10-05,84.27802441731409
2018-10-06,42.74972253052164
2018-10-07,59.849611542730294
2018-10-08,47.635405105438394
2018-10-09,58.628190899001105
2018-10-10,100.15649278579356
2018-10-11,63.51387347391786
2018-10-12,103.82075471698113
2018-10-13,57.406770255271915
2018-10-14,42.74972253052164
2018-10-15,79.39234184239733
2018-10-16,74.50665926748057
2018-10-17,85.49944506104328
2018-10-18,80.61376248612652
2018-10-19,45.192563817980016
2018-10-20,51.29966703662597
2018-10-21,56.185349611542726
2018-10-22,78.17092119866814
2018-10-23,108.70643729189788
2018-10-24,76.94950055493895
2018-10-25,67.17813540510544
2018-10-26,62.29245283018867
2018-10-27,32.978357380688124
2018-10-28,42.74972253052164
2018-10-29,73.28523862375138
2018-10-30,103.82075471698113
2018-10-31,122.14206437291897
2018-11-01,67.21337579617835
2018-11-02,68.21656050955414
2018-11-03,67.21337579617835
2018-11-04,63.20063694267517
2018-11-05,69.21974522292994
2018-11-06,78.2484076433121
2018-11-07,55.175159235668794
2018-11-08,100.31847133757962
2018-11-09,68.21656050955414
2018-11-10,37.11783439490446
2018-11-11,37.11783439490446
2018-11-12,71.22611464968153
2018-11-13,35.11146496815287
2018-11-14,51.162420382165614
2018-11-15,23.073248407643316
2018-11-16,32.10191082802548
2018-11-17,43.13694267515924
2018-11-18,47.14968152866243
2018-11-19,69.21974522292994
2018-11-20,82.2611464968153
2018-11-21,82.2611464968153
2018-11-22,51.162420382165614
2018-11-23,87.27707006369428
2018-11-24,49.15605095541402
2018-11-25,59.18789808917198
2018-11-26,83.26433121019109
2018-11-27,75.23885350318473
2018-11-28,62.19745222929937
2018-11-29,89.28343949044587
2018-11-30,85.27070063694268
2018-12-01,50.22727272727273
2018-12-02,54.166666666666664
2018-12-03,73.86363636363636
2018-12-04,59.09090909090909
2018-12-05,69.92424242424242
2018-12-06,56.13636363636364
2018-12-07,49.24242424242424
2018-12-08,52.196969696969695
2018-12-09,55.151515151515156
2018-12-10,70.9090909090909
2018-12-11,56.13636363636364
2018-12-12,60.07575757575758
2018-12-13,83.71212121212122
2018-12-14,86.66666666666667
2018-12-15,54.166666666666664
2018-12-16,63.03030303030303
2018-12-17,89.62121212121212
2018-12-18,92.57575757575758
2018-12-19,91.5909090909091
2018-12-20,93.56060606060606
2018-12-21,48.25757575757576
2018-12-22,95.53030303030303
2018-12-23,30.53030303030303
2018-12-24,59.09090909090909
2018-12-25,49.24242424242424
2018-12-26,98.48484848484848
2018-12-27,87.65151515151516
2018-12-28,47.27272727272727
2018-12-29,43.333333333333336
2018-12-30,58.10606060606061
2018-12-31,35.45454545454545
2019-01-01,43.130434782608695
2019-01-02,94.67656415694591
2019-01-03,97.83244962884412
2019-01-04,105.19618239660657
2019-01-05,49.44220572640509
2019-01-06,31.558854718981973
2019-01-07,57.857900318133616
2019-01-08,79.949098621421
2019-01-09,90.46871686108166
2019-01-10,76.7932131495228
2019-01-11,58.90986214209968
2019-01-12,27.35100742311771
2019-01-13,57.857900318133616
2019-01-14,50.49416755037116
2019-01-15,68.37751855779428
2019-01-16,50.49416755037116
2019-01-17,53.650053022269354
2019-01-18,72.58536585365853
2019-01-19,45.23435843054083
2019-01-20,59.96182396606575
2019-01-21,63.117709437963946
2019-01-22,90.46871686108166
2019-01-23,64.16967126193
2019-01-24,49.44220572640509
2019-01-25,82.05302226935312
2019-01-26,68.37751855779428
2019-01-27,59.96182396606575
2019-01-28,23.143160127253445
2019-01-29,59.96182396606575
2019-01-30,52.59809119830329
2019-01-31,98.88441145281018
2019-02-01,60.26354319180088
2019-02-02,57.68081991215227
2019-02-03,56.8199121522694
2019-02-04,47.349926793557835
2019-02-05,68.0117130307467
2019-02-06,40.46266471449488
2019-02-07,77.48169838945827
2019-02-08,68.87262079062958
2019-02-09,76.62079062957541
2019-02-10,48.210834553440705
2019-02-11,49.932650073206446
2019-02-12,51.65446559297218
2019-02-13,40.46266471449488
2019-02-14,56.8199121522694
2019-02-15,62.84626647144949
2019-02-16,54.23718887262079
2019-02-17,54.23718887262079
2019-02-18,55.09809663250366
2019-02-19,63.70717423133236
2019-02-20,78.34260614934115
2019-02-21,85.2298682284041
2019-02-22,79.20351390922401
2019-02-23,60.26354319180088
2019-02-24,49.932650073206446
2019-02-25,79.20351390922401
2019-02-26,86.09077598828698
2019-02-27,83.50805270863836
2019-02-28,71.45534407027819
2019-03-01,68.41379310344827
2019-03-02,35.275862068965516
2019-03-03,35.275862068965516
2019-03-04,106.89655172413792
2019-03-05,91.93103448275862
2019-03-06,55.58620689655172
2019-03-07,65.20689655172413
2019-03-08,74.82758620689654
2019-03-09,73.75862068965516
2019-03-10,26.72413793103448
2019-03-11,53.44827586206896
2019-03-12,95.13793103448275
2019-03-13,45.96551724137931
2019-03-14,69.48275862068965
2019-03-15,73.75862068965516
2019-03-16,27.79310344827586
2019-03-17,42.75862068965517
2019-03-18,39.55172413793103
2019-03-19,60.93103448275862
2019-03-20,83.37931034482757
2019-03-21,58.79310344827586
2019-03-22,39.55172413793103
2019-03-23,68.41379310344827
2019-03-24,34.206896551724135
2019-03-25,89.79310344827586
2019-03-26,86.58620689655172
2019-03-27,63.068965517241374
2019-03-28,63.068965517241374
2019-03-29,43.82758620689655
2019-03-30,23.51724137931034
2019-03-31,32.068965517241374
2019-04-01,63.49559813568099
2019-04-02,51.00466079751424
2019-04-03,68.70015535991715
2019-04-04,90.55929570170896
2019-04-05,66.61833247022268
2019-04-06,48.92283790781978
2019-04-07,58.291040911444846
2019-04-08,59.33195235629208
2019-04-09,62.45468669083377
2019-04-10,67.65924391506991
2019-04-11,94.72294148109788
2019-04-12,65.57742102537546
2019-04-13,78.0683583635422
2019-04-14,29.145520455722423
2019-04-15,63.49559813568099
2019-04-16,47.88192646297255
2019-04-17,82.23200414293112
2019-04-18,65.57742102537546
2019-04-19,56.20921802175039
2019-04-20,68.70015535991715
2019-04-21,79.10926980838944
2019-04-22,104.09114448472295
2019-04-23,77.02744691869498
2019-04-24,57.25012946659762
2019-04-25,51.00466079751424
2019-04-26,75.98653547384775
2019-04-27,53.0864836872087
2019-04-28,62.45468669083377
2019-04-29,71.82288969445882
2019-04-30,89.51838425686174
2019-05-01,79.48489208633093
2019-05-02,62.80287769784172
2019-05-03,76.5410071942446
2019-05-04,42.19568345323741
2019-05-05,33.364028776978415
2019-05-06,70.65323741007194
2019-05-07,62.80287769784172
2019-05-08,40.233093525179854
2019-05-09,67.70935251798561
2019-05-10,66.72805755395683
2019-05-11,75.55971223021582
2019-05-12,35.32661870503597
2019-05-13,73.59712230215827
2019-05-14,69.67194244604316
2019-05-15,86.35395683453237
2019-05-16,68.69064748201438
2019-05-17,53.97122302158273
2019-05-18,34.34532374100719
2019-05-19,68.69064748201438
2019-05-20,92.24172661870503
2019-05-21,80.46618705035971
2019-05-22,82.42877697841726
2019-05-23,98.12949640287769
2019-05-24,90.27913669064748
2019-05-25,71.63453237410071
2019-05-26,71.63453237410071
2019-05-27,38.2705035971223
2019-05-28,41.21438848920863
2019-05-29,48.08345323741007
2019-05-30,96.16690647482014
2019-05-31,66.72805755395683
2019-06-01,23.721739130434784
2019-06-02,23.721739130434784
2019-06-03,66.85217391304347
2019-06-04,67.9304347826087
2019-06-05,64.69565217391305
2019-06-06,49.6
2019-06-07,58.22608695652174
2019-06-08,77.63478260869564
2019-06-09,57.14782608695652
2019-06-10,52.834782608695654
2019-06-11,64.69565217391305
2019-06-12,36.66086956521739
2019-06-13,62.53913043478261
2019-06-14,85.18260869565218
2019-06-15,52.834782608695654
2019-06-16,38.81739130434782
2019-06-17,81.94782608695652
2019-06-18,56.0695652173913
2019-06-19,107.82608695652173
2019-06-20,61.46086956521739
2019-06-21,84.10434782608695
2019-06-22,78.71304347826087
2019-06-23,24.8
2019-06-24,86.26086956521739
2019-06-25,33.426086956521736
2019-06-26,85.18260869565218
2019-06-27,74.4
2019-06-28,78.71304347826087
