Date,CPI
2013-01-01,26.915699141847547
2013-01-02,100.9338717819283
2013-01-03,80.74709742554265
2013-01-04,80.74709742554265
2013-01-05,40.373548712771324
2013-01-06,45.75668854114083
2013-01-07,103.62544169611306
2013-01-08,82.09288238263503
2013-01-09,99.58808682483593
2013-01-10,106.31701161029781
2013-01-11,129.19535588086825
2013-01-12,49.79404341241796
2013-01-13,41.7193336698637
2013-01-14,79.40131246845027
2013-01-15,118.42907622412922
2013-01-16,125.1580010095911
2013-01-17,110.35436648157496
2013-01-18,107.66279656739019
2013-01-19,53.831398283695094
2013-01-20,45.75668854114083
2013-01-21,80.74709742554265
2013-01-22,84.78445229681978
2013-01-23,134.57849570923776
2013-01-24,94.20494699646642
2013-01-25,117.08329126703684
2013-01-26,53.831398283695094
2013-01-27,47.10247349823321
2013-01-28,113.04593639575971
2013-01-29,107.66279656739019
2013-01-30,99.58808682483593
2013-01-31,104.97122665320543
2013-02-01,99.73894736842105
2013-02-02,38.787368421052626
2013-02-03,65.10736842105263
2013-02-04,99.73894736842105
2013-02-05,124.6736842105263
2013-02-06,106.66526315789473
2013-02-07,120.5178947368421
2013-02-08,94.1978947368421
2013-02-09,48.484210526315785
2013-02-10,40.17263157894737
2013-02-11,112.20631578947368
2013-02-12,109.43578947368421
2013-02-13,101.12421052631578
2013-02-14,120.5178947368421
2013-02-15,95.58315789473684
2013-02-16,66.49263157894737
2013-02-17,55.41052631578947
2013-02-18,99.73894736842105
2013-02-19,113.59157894736842
2013-02-20,117.74736842105263
2013-02-21,138.52631578947367
2013-02-22,119.13263157894735
2013-02-23,59.56631578947368
2013-02-24,55.41052631578947
2013-02-25,106.66526315789473
2013-02-26,90.0421052631579
2013-02-27,119.13263157894735
2013-02-28,113.59157894736842
2013-03-01,118.2291169451074
2013-03-02,41.50596658711217
2013-03-03,52.82577565632458
2013-03-04,101.8782816229117
2013-03-05,110.68257756563246
2013-03-06,104.39379474940334
2013-03-07,89.30071599045347
2013-03-08,116.97136038186157
2013-03-09,45.279236276849645
2013-03-10,49.05250596658711
2013-03-11,101.8782816229117
2013-03-12,75.4653937947494
2013-03-13,101.8782816229117
2013-03-14,124.51789976133652
2013-03-15,99.36276849642005
2013-03-16,41.50596658711217
2013-03-17,62.88782816229117
2013-03-18,101.8782816229117
2013-03-19,120.74463007159905
2013-03-20,103.13603818615752
2013-03-21,111.94033412887828
2013-03-22,95.58949880668258
2013-03-23,33.95942720763723
2013-03-24,41.50596658711217
2013-03-25,103.13603818615752
2013-03-26,98.10501193317423
2013-03-27,125.77565632458234
2013-03-28,105.65155131264916
2013-03-29,62.88782816229117
2013-03-30,44.02147971360382
2013-03-31,49.05250596658711
2013-04-01,88.48553601815088
2013-04-02,103.80034032898469
2013-04-03,98.69540555870675
2013-04-04,112.30856494611459
2013-04-05,131.02665910380034
2013-04-06,88.48553601815088
2013-04-07,85.08224617129892
2013-04-08,120.81678956324447
2013-04-09,103.80034032898469
2013-04-10,158.252977878616
2013-04-11,170.16449234259784
2013-04-12,108.90527509926262
2013-04-13,51.04934770277936
2013-04-14,76.57402155416904
2013-04-15,112.30856494611459
2013-04-16,132.72830402722633
2013-04-17,102.09869540555871
2013-04-18,115.71185479296653
2013-04-19,119.1151446398185
2013-04-20,45.94441293250142
2013-04-21,56.15428247305729
2013-04-22,93.59047078842882
2013-04-23,117.41349971639252
2013-04-24,112.30856494611459
2013-04-25,119.1151446398185
2013-04-26,95.29211571185479
2013-04-27,32.33125354509359
2013-04-28,49.34770277935338
2013-04-29,91.88882586500284
2013-04-30,107.20363017583665
2013-05-01,110.3153153153153
2013-05-02,100.38693693693693
2013-05-03,97.07747747747747
2013-05-04,39.71351351351351
2013-05-05,65.08603603603603
2013-05-06,101.49009009009009
2013-05-07,93.76801801801801
2013-05-08,105.9027027027027
2013-05-09,95.97432432432431
2013-05-10,110.3153153153153
2013-05-11,39.71351351351351
2013-05-12,54.0545045045045
2013-05-13,109.21216216216216
2013-05-14,105.9027027027027
2013-05-15,95.97432432432431
2013-05-16,94.87117117117117
2013-05-17,99.28378378378378
2013-05-18,36.40405405405405
2013-05-19,46.33243243243243
2013-05-20,90.45855855855855
2013-05-21,91.56171171171171
2013-05-22,80.53018018018018
2013-05-23,87.14909909909909
2013-05-24,67.29234234234234
2013-05-25,25.372522522522523
2013-05-26,29.785135135135135
2013-05-27,45.229279279279275
2013-05-28,79.42702702702702
2013-05-29,80.53018018018018
2013-05-30,82.73648648648648
2013-05-31,87.14909909909909
2013-06-01,41.586776859504134
2013-06-02,44.95867768595041
2013-06-03,86.54545454545455
2013-06-04,84.29752066115702
2013-06-05,82.04958677685951
2013-06-06,84.29752066115702
2013-06-07,58.44628099173554
2013-06-08,28.09917355371901
2013-06-09,47.20661157024794
2013-06-10,78.67768595041322
2013-06-11,94.41322314049587
2013-06-12,73.05785123966942
2013-06-13,100.03305785123968
2013-06-14,83.17355371900827
2013-06-15,37.09090909090909
2013-06-16,28.09917355371901
2013-06-17,79.80165289256199
2013-06-18,112.39669421487604
2013-06-19,95.53719008264463
2013-06-20,75.30578512396694
2013-06-21,73.05785123966942
2013-06-22,47.20661157024794
2013-06-23,37.09090909090909
2013-06-24,95.53719008264463
2013-06-25,77.55371900826447
2013-06-26,68.56198347107438
2013-06-27,74.18181818181819
2013-06-28,74.18181818181819
2013-06-29,30.34710743801653
2013-06-30,47.20661157024794
2013-07-01,76.58606313281715
2013-07-02,87.88564621798689
2013-07-03,67.79749851101846
2013-07-04,37.66527695056581
2013-07-05,61.51995235259082
2013-07-06,30.13222156045265
2013-07-07,52.731387730792136
2013-07-08,67.79749851101846
2013-07-09,76.58606313281715
2013-07-10,89.14115544967241
2013-07-11,70.3085169743895
2013-07-12,64.03097081596188
2013-07-13,37.66527695056581
2013-07-14,33.89874925550923
2013-07-15,74.07504466944609
2013-07-16,125.5509231685527
2013-07-17,101.69624776652769
2013-07-18,76.58606313281715
2013-07-19,67.79749851101846
2013-07-20,28.87671232876712
2013-07-21,30.13222156045265
2013-07-22,85.37462775461583
2013-07-23,87.88564621798689
2013-07-24,64.03097081596188
2013-07-25,87.88564621798689
2013-07-26,95.41870160810005
2013-07-27,31.387730792138175
2013-07-28,36.40976771888028
2013-07-29,76.58606313281715
2013-07-30,81.60810005955925
2013-07-31,102.95175699821321
2013-08-01,82.00287631831256
2013-08-02,71.86768935762224
2013-08-03,35.93384467881112
2013-08-04,35.93384467881112
2013-08-05,70.02492809204217
2013-08-06,82.92425695110258
2013-08-07,70.02492809204217
2013-08-08,56.20421860019175
2013-08-09,70.02492809204217
2013-08-10,39.61936720997123
2013-08-11,37.77660594439118
2013-08-12,73.71045062320229
2013-08-13,81.08149568552253
2013-08-14,75.55321188878236
2013-08-15,78.31735378715244
2013-08-16,66.33940556088207
2013-08-17,29.484180249280918
2013-08-18,32.248322147651
2013-08-19,84.76701821668264
2013-08-20,73.71045062320229
2013-08-21,62.65388302972195
2013-08-22,67.26078619367209
2013-08-23,76.47459252157238
2013-08-24,34.09108341323106
2013-08-25,28.56279961649089
2013-08-26,61.73250239693192
2013-08-27,72.78906999041227
2013-08-28,92.13806327900286
2013-08-29,87.53116011505273
2013-08-30,66.33940556088207
2013-08-31,24.877277085330775
2013-09-01,38.80563380281691
2013-09-02,44.34929577464789
2013-09-03,70.68169014084508
2013-09-04,112.25915492957748
2013-09-05,102.55774647887326
2013-09-06,80.3830985915493
2013-09-07,49.89295774647888
2013-09-08,41.5774647887324
2013-09-09,97.01408450704227
2013-09-10,83.1549295774648
2013-09-11,98.4
2013-09-12,106.71549295774649
2013-09-13,72.06760563380283
2013-09-14,52.66478873239437
2013-09-15,40.19154929577465
2013-09-16,103.94366197183099
2013-09-17,138.59154929577466
2013-09-18,115.03098591549298
2013-09-19,113.64507042253523
2013-09-20,88.69859154929578
2013-09-21,44.34929577464789
2013-09-22,55.43661971830986
2013-09-23,102.55774647887326
2013-09-24,98.4
2013-09-25,119.18873239436621
2013-09-26,105.32957746478874
2013-09-27,92.85633802816902
2013-09-28,45.73521126760564
2013-09-29,51.27887323943663
2013-09-30,94.24225352112677
2013-10-01,108.30508474576271
2013-10-02,94.57627118644068
2013-10-03,114.40677966101694
2013-10-04,79.32203389830508
2013-10-05,36.610169491525426
2013-10-06,47.28813559322034
2013-10-07,100.6779661016949
2013-10-08,94.57627118644068
2013-10-09,108.30508474576271
2013-10-10,79.32203389830508
2013-10-11,79.32203389830508
2013-10-12,48.813559322033896
2013-10-13,56.440677966101696
2013-10-14,132.71186440677965
2013-10-15,102.20338983050847
2013-10-16,120.50847457627118
2013-10-17,118.98305084745762
2013-10-18,111.35593220338983
2013-10-19,35.08474576271186
2013-10-20,44.23728813559322
2013-10-21,117.45762711864407
2013-10-22,115.9322033898305
2013-10-23,123.5593220338983
2013-10-24,93.05084745762711
2013-10-25,97.62711864406779
2013-10-26,45.762711864406775
2013-10-27,48.813559322033896
2013-10-28,90.0
2013-10-29,109.83050847457626
2013-10-30,152.54237288135593
2013-10-31,82.3728813559322
2013-11-01,72.29660144181256
2013-11-02,51.81256436663233
2013-11-03,38.558187435633364
2013-11-04,92.78063851699278
2013-11-05,84.34603501544798
2013-11-06,116.87950566426363
2013-11-07,110.85478887744593
2013-11-08,96.3954685890834
2013-11-09,42.17301750772399
2013-11-10,49.40267765190525
2013-11-11,78.32131822863028
2013-11-12,91.57569515962923
2013-11-13,114.46961894953655
2013-11-14,95.19052523171987
2013-11-15,89.16580844490215
2013-11-16,43.37796086508754
2013-11-17,38.558187435633364
2013-11-18,108.44490216271883
2013-11-19,119.28939237899073
2013-11-20,120.49433573635426
2013-11-21,113.264675592173
2013-11-22,103.62512873326466
2013-11-23,44.58290422245108
2013-11-24,57.83728115345005
2013-11-25,98.8053553038105
2013-11-26,83.14109165808445
2013-11-27,72.29660144181256
2013-11-28,39.763130792996904
2013-11-29,31.328527291452108
2013-11-30,40.96807415036045
2013-12-01,34.793397837222535
2013-12-02,85.18383608423449
2013-12-03,93.58224245873649
2013-12-04,109.17928286852589
2013-12-05,105.57996585088219
2013-12-06,81.58451906659077
2013-12-07,55.18952760387023
2013-12-08,50.39043824701195
2013-12-09,101.98064883323848
2013-12-10,86.38360842344906
2013-12-11,119.97723392145703
2013-12-12,97.18155947638019
2013-12-13,98.38133181559476
2013-12-14,47.99089356858281
2013-12-15,41.99203187250996
2013-12-16,77.98520204894707
2013-12-17,99.58110415480934
2013-12-18,87.58338076266362
2013-12-19,106.77973819009675
2013-12-20,83.98406374501992
2013-12-21,38.39271485486625
2013-12-22,29.994308480364257
2013-12-23,58.788844621513945
2013-12-24,34.793397837222535
2013-12-25,23.995446784291406
2013-12-26,52.789982925441095
2013-12-27,55.18952760387023
2013-12-28,27.594763801935116
2013-12-29,33.59362549800797
2013-12-30,49.19066590779738
2013-12-31,38.39271485486625
2014-01-01,32.97272727272727
2014-01-02,84.26363636363637
2014-01-03,65.94545454545454
2014-01-04,31.75151515151515
2014-01-05,39.07878787878788
2014-01-06,69.60909090909091
2014-01-07,86.7060606060606
2014-01-08,94.03333333333333
2014-01-09,107.46666666666667
2014-01-10,80.6
2014-01-11,37.85757575757576
2014-01-12,26.866666666666667
2014-01-13,90.36969696969697
2014-01-14,108.68787878787879
2014-01-15,91.5909090909091
2014-01-16,109.9090909090909
2014-01-17,103.8030303030303
2014-01-18,34.193939393939395
2014-01-19,51.29090909090909
2014-01-20,87.92727272727272
2014-01-21,92.81212121212121
2014-01-22,87.92727272727272
2014-01-23,89.14848484848484
2014-01-24,70.83030303030303
2014-01-25,50.06969696969697
2014-01-26,43.96363636363636
2014-01-27,105.02424242424242
2014-01-28,109.9090909090909
2014-01-29,119.67878787878787
2014-01-30,122.12121212121212
2014-01-31,91.5909090909091
2014-02-01,58.19548872180451
2014-02-02,48.721804511278194
2014-02-03,83.90977443609022
2014-02-04,106.9172932330827
2014-02-05,85.26315789473684
2014-02-06,101.50375939849623
2014-02-07,104.21052631578947
2014-02-08,50.07518796992481
2014-02-09,37.89473684210526
2014-02-10,113.68421052631578
2014-02-11,92.03007518796991
2014-02-12,105.56390977443608
2014-02-13,98.796992481203
2014-02-14,105.56390977443608
2014-02-15,37.89473684210526
2014-02-16,36.54135338345864
2014-02-17,96.09022556390977
2014-02-18,116.39097744360902
2014-02-19,98.796992481203
2014-02-20,135.33834586466165
2014-02-21,123.1578947368421
2014-02-22,51.42857142857142
2014-02-23,54.13533834586466
2014-02-24,125.86466165413533
2014-02-25,100.15037593984962
2014-02-26,121.80451127819548
2014-02-27,121.80451127819548
2014-02-28,108.27067669172932
2014-03-01,47.92070030895984
2014-03-02,46.65962924819774
2014-03-03,112.23532440782698
2014-03-04,104.66889804325437
2014-03-05,122.3238928939238
2014-03-06,114.75746652935119
2014-03-07,90.79711637487127
2014-03-08,41.61534500514933
2014-03-09,40.35427394438723
2014-03-10,85.75283213182287
2014-03-11,92.05818743563337
2014-03-12,87.01390319258496
2014-03-13,80.70854788877446
2014-03-14,68.09783728115345
2014-03-15,26.48249227600412
2014-03-16,45.39855818743563
2014-03-17,84.49176107106076
2014-03-18,110.97425334706489
2014-03-19,107.19104016477858
2014-03-20,112.23532440782698
2014-03-21,73.14212152420185
2014-03-22,51.70391349124614
2014-03-23,44.137487126673534
2014-03-24,80.70854788877446
2014-03-25,107.19104016477858
2014-03-26,94.58032955715757
2014-03-27,126.1071060762101
2014-03-28,98.36354273944387
2014-03-29,37.832131822863026
2014-03-30,44.137487126673534
2014-03-31,69.35890834191555
2014-04-01,100.19431279620854
2014-04-02,79.46445497630332
2014-04-03,88.67772511848341
2014-04-04,79.46445497630332
2014-04-05,56.43127962085308
2014-04-06,36.85308056872038
2014-04-07,96.739336492891
2014-04-08,79.46445497630332
2014-04-09,108.25592417061611
2014-04-10,86.37440758293839
2014-04-11,73.70616113744076
2014-04-12,43.76303317535545
2014-04-13,47.21800947867299
2014-04-14,103.64928909952607
2014-04-15,115.16587677725119
2014-04-16,102.49763033175356
2014-04-17,110.55924170616115
2014-04-18,76.00947867298578
2014-04-19,39.156398104265406
2014-04-20,35.70142180094787
2014-04-21,94.43601895734598
2014-04-22,96.739336492891
2014-04-23,104.80094786729858
2014-04-24,101.34597156398104
2014-04-25,78.31279620853081
2014-04-26,51.824644549763036
2014-04-27,43.76303317535545
2014-04-28,87.5260663507109
2014-04-29,111.71090047393365
2014-04-30,100.19431279620854
2014-05-01,95.12124849939975
2014-05-02,84.40336134453781
2014-05-03,45.55102040816327
2014-05-04,41.531812725090035
2014-05-05,91.10204081632654
2014-05-06,79.04441776710684
2014-05-07,107.17887154861944
2014-05-08,103.15966386554622
2014-05-09,73.68547418967587
2014-05-10,36.172869147659064
2014-05-11,21.43577430972389
2014-05-12,88.42256902761105
2014-05-13,87.0828331332533
2014-05-14,108.51860744297718
2014-05-15,133.9735894357743
2014-05-16,62.967587034813924
2014-05-17,44.21128451380552
2014-05-18,34.83313325330132
2014-05-19,66.98679471788715
2014-05-20,80.38415366146458
2014-05-21,73.68547418967587
2014-05-22,91.10204081632654
2014-05-23,93.78151260504201
2014-05-24,25.45498199279712
2014-05-25,29.47418967587035
2014-05-26,40.19207683073229
2014-05-27,105.83913565426171
2014-05-28,89.76230492196879
2014-05-29,83.06362545018007
2014-05-30,75.02521008403362
2014-05-31,38.85234093637455
2014-06-01,45.708154506437765
2014-06-02,86.1925199264255
2014-06-03,91.41630901287553
2014-06-04,94.02820355610055
2014-06-05,80.96873083997546
2014-06-06,65.29736358062537
2014-06-07,24.812998160637644
2014-06-08,43.09625996321275
2014-06-09,63.99141630901287
2014-06-10,96.64009809932556
2014-06-11,80.96873083997546
2014-06-12,83.58062538320048
2014-06-13,73.13304721030042
2014-06-14,36.56652360515021
2014-06-15,27.42489270386266
2014-06-16,75.74494175352544
2014-06-17,130.59472716125074
2014-06-18,104.4757817290006
2014-06-19,79.66278356836297
2014-06-20,86.1925199264255
2014-06-21,33.954629061925196
2014-06-22,48.32004904966278
2014-06-23,92.72225628448804
2014-06-24,101.8638871857756
2014-06-25,96.64009809932556
2014-06-26,75.74494175352544
2014-06-27,73.13304721030042
2014-06-28,31.342734518700183
2014-06-29,27.42489270386266
2014-06-30,78.35683629675046
2014-07-01,85.02555366269166
2014-07-02,60.380465644520164
2014-07-03,83.79329926178308
2014-07-04,41.89664963089154
2014-07-05,33.27086882453152
2014-07-06,52.98693923906871
2014-07-07,96.11584327086884
2014-07-08,75.16751845542306
2014-07-09,62.84497444633731
2014-07-10,93.65133446905168
2014-07-11,70.23850085178876
2014-07-12,25.87734241908007
2014-07-13,40.664395229982965
2014-07-14,93.65133446905168
2014-07-15,75.16751845542306
2014-07-16,75.16751845542306
2014-07-17,93.65133446905168
2014-07-18,88.72231686541738
2014-07-19,36.967632027257245
2014-07-20,33.27086882453152
2014-07-21,87.49006246450881
2014-07-22,123.22544009085748
2014-07-23,88.72231686541738
2014-07-24,64.07722884724589
2014-07-25,93.65133446905168
2014-07-26,35.735377626348665
2014-07-27,38.19988642816582
2014-07-28,93.65133446905168
2014-07-29,76.39977285633164
2014-07-30,78.86428165814878
2014-07-31,71.47075525269733
2014-08-01,52.435156730178235
2014-08-02,45.11862323294407
2014-08-03,25.607867240319603
2014-08-04,60.97111247695144
2014-08-05,67.06822372464659
2014-08-06,87.79840196681008
2014-08-07,76.82360172095882
2014-08-08,82.92071296865396
2014-08-09,23.169022741241548
2014-08-10,43.89920098340504
2014-08-11,79.26244622003686
2014-08-12,70.72649047326367
2014-08-13,89.0178242163491
2014-08-14,75.60417947141978
2014-08-15,53.654578979717265
2014-08-16,35.36324523663183
2014-08-17,25.607867240319603
2014-08-18,76.82360172095882
2014-08-19,121.94222495390288
2014-08-20,75.60417947141978
2014-08-21,81.70129071911492
2014-08-22,81.70129071911492
2014-08-23,47.557467732022126
2014-08-24,32.924400737553775
2014-08-25,74.38475722188076
2014-08-26,80.4818684695759
2014-08-27,103.65089121081745
2014-08-28,86.57897971727104
2014-08-29,68.28764597418561
2014-08-30,29.26613398893669
2014-08-31,28.04671173939766
2014-09-01,36.31855309218203
2014-09-02,95.88098016336056
2014-09-03,88.61726954492416
2014-09-04,110.40840140023337
2014-09-05,71.18436406067678
2014-09-06,26.149358226371064
2014-09-07,39.224037339556595
2014-09-08,79.90081680280048
2014-09-09,84.25904317386231
2014-09-10,106.05017502917153
2014-09-11,100.23920653442241
2014-09-12,90.07001166861144
2014-09-13,58.10968494749125
2014-09-14,50.84597432905485
2014-09-15,94.42823803967329
2014-09-16,100.23920653442241
2014-09-17,145.27421236872812
2014-09-18,103.14469078179697
2014-09-19,95.88098016336056
2014-09-20,52.29871645274213
2014-09-21,56.65694282380397
2014-09-22,98.78646441073512
2014-09-23,91.52275379229872
2014-09-24,122.03033838973163
2014-09-25,91.52275379229872
2014-09-26,71.18436406067678
2014-09-27,46.487747957993
2014-09-28,39.224037339556595
2014-09-29,120.57759626604435
2014-09-30,123.48308051341891
2014-10-01,95.85895117540687
2014-10-02,112.67631103074142
2014-10-03,97.54068716094032
2014-10-04,48.77034358047016
2014-10-05,60.54249547920434
2014-10-06,110.99457504520797
2014-10-07,95.85895117540687
2014-10-08,104.26763110307414
2014-10-09,104.26763110307414
2014-10-10,80.72332730560579
2014-10-11,40.361663652802896
2014-10-12,45.406871609403254
2014-10-13,104.26763110307414
2014-10-14,109.3128390596745
2014-10-15,116.03978300180832
2014-10-16,100.90415913200724
2014-10-17,79.04159132007233
2014-10-18,33.63471971066908
2014-10-19,57.17902350813743
2014-10-20,104.26763110307414
2014-10-21,116.03978300180832
2014-10-22,168.17359855334539
2014-10-23,99.22242314647379
2014-10-24,85.76853526220616
2014-10-25,30.27124773960217
2014-10-26,50.45207956600362
2014-10-27,104.26763110307414
2014-10-28,102.58589511754069
2014-10-29,110.99457504520797
2014-10-30,127.8119349005425
2014-10-31,92.49547920433997
2014-11-01,37.79751332149201
2014-11-02,49.94671403197159
2014-11-03,98.54351687388989
2014-11-04,134.9911190053286
2014-11-05,110.69271758436946
2014-11-06,113.39253996447603
2014-11-07,89.09413854351688
2014-11-08,53.99644760213144
2014-11-09,43.197158081705155
2014-11-10,86.39431616341031
2014-11-11,87.7442273534636
2014-11-12,110.69271758436946
2014-11-13,94.49378330373003
2014-11-14,97.1936056838366
2014-11-15,41.84724689165187
2014-11-16,45.89698046181173
2014-11-17,87.7442273534636
2014-11-18,93.14387211367674
2014-11-19,124.19182948490231
2014-11-20,126.8916518650089
2014-11-21,80.99467140319716
2014-11-22,48.5968028419183
2014-11-23,36.44760213143872
2014-11-24,71.54529307282417
2014-11-25,89.09413854351688
2014-11-26,76.9449378330373
2014-11-27,31.04795737122558
2014-11-28,35.09769094138544
2014-11-29,40.49733570159858
2014-11-30,41.84724689165187
2014-12-01,107.07852828116418
2014-12-02,109.59802306425041
2014-12-03,104.55903349807798
2014-12-04,109.59802306425041
2014-12-05,103.29928610653486
2014-12-06,46.610653487095
2014-12-07,49.130148270181216
2014-12-08,83.14332784184514
2014-12-09,114.63701263042284
2014-12-10,98.26029654036243
2014-12-11,105.81878088962108
2014-12-12,104.55903349807798
2014-12-13,49.130148270181216
2014-12-14,50.389895661724324
2014-12-15,107.07852828116418
2014-12-16,125.97473915431081
2014-12-17,122.19549697968148
2014-12-18,81.88358045030202
2014-12-19,74.32509610104339
2014-12-20,46.610653487095
2014-12-21,21.415705656232838
2014-12-22,83.14332784184514
2014-12-23,80.62383305875892
2014-12-24,46.610653487095
2014-12-25,20.15595826468973
2014-12-26,37.79242174629324
2014-12-27,27.71444261394838
2014-12-28,21.415705656232838
2014-12-29,52.90939044481054
2014-12-30,50.389895661724324
2014-12-31,57.94838001098297
2015-01-01,45.50411861614497
2015-01-02,49.64085667215815
2015-01-03,31.71499176276771
2015-01-04,42.74629324546952
2015-01-05,84.11367380560131
2015-01-06,77.21911037891269
2015-01-07,68.94563426688633
2015-01-08,95.14497528830313
2015-01-09,91.00823723228994
2015-01-10,42.74629324546952
2015-01-11,48.26194398682043
2015-01-12,102.03953871499176
2015-01-13,88.2504118616145
2015-01-14,117.20757825370676
2015-01-15,119.9654036243822
2015-01-16,137.89126853377266
2015-01-17,49.64085667215815
2015-01-18,34.472817133443165
2015-01-19,70.32454695222405
2015-01-20,103.41845140032949
2015-01-21,107.55518945634266
2015-01-22,95.14497528830313
2015-01-23,99.2817133443163
2015-01-24,35.85172981878089
2015-01-25,46.8830313014827
2015-01-26,111.69192751235585
2015-01-27,114.4497528830313
2015-01-28,107.55518945634266
2015-01-29,119.9654036243822
2015-01-30,93.7660626029654
2015-01-31,78.59802306425041
2015-02-01,41.179396092362346
2015-02-02,102.18590882178805
2015-02-03,122.0130254588514
2015-02-04,109.81172291296626
2015-02-05,105.23623445825933
2015-02-06,100.6607460035524
2015-02-07,53.38069863824749
2015-02-08,54.90586145648313
2015-02-09,114.38721136767319
2015-02-10,120.48786264061576
2015-02-11,118.96269982238012
2015-02-12,120.48786264061576
2015-02-13,111.3368857312019
2015-02-14,35.078744819419775
2015-02-15,50.3303730017762
2015-02-16,74.73297809354648
2015-02-17,108.28656009473062
2015-02-18,114.38721136767319
2015-02-19,99.13558318531676
2015-02-20,96.08525754884548
2015-02-21,41.179396092362346
2015-02-22,67.10716400236826
2015-02-23,109.81172291296626
2015-02-24,89.9846062759029
2015-02-25,99.13558318531676
2015-02-26,152.51628182356424
2015-02-27,108.28656009473062
2015-02-28,54.90586145648313
2015-03-01,55.800000000000004
2015-03-02,100.75
2015-03-03,96.10000000000001
2015-03-04,106.95
2015-03-05,100.75
2015-03-06,100.75
2015-03-07,63.550000000000004
2015-03-08,52.7
2015-03-09,113.15
2015-03-10,96.10000000000001
2015-03-11,88.35000000000001
2015-03-12,94.55
2015-03-13,100.75
2015-03-14,32.550000000000004
2015-03-15,43.4
2015-03-16,100.75
2015-03-17,111.60000000000001
2015-03-18,94.55
2015-03-19,94.55
2015-03-20,86.8
2015-03-21,35.65
2015-03-22,37.2
2015-03-23,96.10000000000001
2015-03-24,155.0
2015-03-25,89.9
2015-03-26,116.25
2015-03-27,86.8
2015-03-28,51.15
2015-03-29,57.35
2015-03-30,103.85000000000001
2015-03-31,102.3
2015-04-01,112.58924321751549
2015-04-02,71.10899571632557
2015-04-03,73.47929557353642
2015-04-04,27.258448357924802
2015-04-05,17.77724892908139
2015-04-06,84.14564493098526
2015-04-07,110.21894336030464
2015-04-08,93.62684435982867
2015-04-09,94.8119942884341
2015-04-10,105.47834364588293
2015-04-11,30.813898143741078
2015-04-12,27.258448357924802
2015-04-13,105.47834364588293
2015-04-14,106.66349357448836
2015-04-15,110.21894336030464
2015-04-16,112.58924321751549
2015-04-17,110.21894336030464
2015-04-18,47.40599714421705
2015-04-19,52.14659685863875
2015-04-20,109.03379343169921
2015-04-21,101.92289386006665
2015-04-22,105.47834364588293
2015-04-23,101.92289386006665
2015-04-24,81.7753450737744
2015-04-25,45.035697287006194
2015-04-26,35.55449785816278
2015-04-27,107.84864350309378
2015-04-28,88.88624464540696
2015-04-29,100.73774393146122
2015-04-30,118.5149928605426
2015-05-01,77.36886632825718
2015-05-02,51.14213197969543
2015-05-03,34.09475465313029
2015-05-04,95.72758037225042
2015-05-05,116.70896785109983
2015-05-06,97.0389170896785
2015-05-07,87.85956006768188
2015-05-08,86.5482233502538
2015-05-09,39.34010152284264
2015-05-10,23.60406091370558
2015-05-11,115.39763113367174
2015-05-12,107.5296108291032
2015-05-13,106.21827411167511
2015-05-14,118.0203045685279
2015-05-15,89.17089678510997
2015-05-16,34.09475465313029
2015-05-17,30.16074450084602
2015-05-18,77.36886632825718
2015-05-19,107.5296108291032
2015-05-20,83.92554991539762
2015-05-21,95.72758037225042
2015-05-22,131.1336717428088
2015-05-23,44.58544839255499
2015-05-24,40.65143824027072
2015-05-25,24.91539763113367
2015-05-26,77.36886632825718
2015-05-27,78.68020304568527
2015-05-28,97.0389170896785
2015-05-29,79.99153976311337
2015-05-30,38.028764805414546
2015-05-31,38.028764805414546
2015-06-01,87.51024590163935
2015-06-02,99.85143442622952
2015-06-03,80.77868852459018
2015-06-04,88.63217213114756
2015-06-05,88.63217213114756
2015-06-06,49.36475409836066
2015-06-07,29.170081967213118
2015-06-08,95.36372950819674
2015-06-09,90.87602459016395
2015-06-10,93.11987704918035
2015-06-11,84.14446721311477
2015-06-12,81.90061475409837
2015-06-13,50.48668032786886
2015-06-14,43.755122950819676
2015-06-15,74.047131147541
2015-06-16,72.92520491803279
2015-06-17,87.51024590163935
2015-06-18,112.19262295081968
2015-06-19,71.8032786885246
2015-06-20,49.36475409836066
2015-06-21,21.31659836065574
2015-06-22,81.90061475409837
2015-06-23,94.24180327868854
2015-06-24,102.09528688524591
2015-06-25,74.047131147541
2015-06-26,69.5594262295082
2015-06-27,31.413934426229513
2015-06-28,32.53586065573771
2015-06-29,77.41290983606558
2015-06-30,74.047131147541
2015-07-01,100.26562500000001
2015-07-02,86.08664772727273
2015-07-03,49.62642045454546
2015-07-04,34.43465909090909
2015-07-05,33.42187500000001
2015-07-06,75.95880681818183
2015-07-07,57.72869318181819
2015-07-08,87.09943181818183
2015-07-09,89.12500000000001
2015-07-10,71.90767045454547
2015-07-11,38.48579545454546
2015-07-12,40.51136363636364
2015-07-13,86.08664772727273
2015-07-14,81.02272727272728
2015-07-15,76.97159090909092
2015-07-16,81.02272727272728
2015-07-17,101.27840909090911
2015-07-18,44.56250000000001
2015-07-19,25.319602272727277
2015-07-20,88.11221590909092
2015-07-21,95.20170454545456
2015-07-22,90.13778409090911
2015-07-23,83.04829545454547
2015-07-24,66.84375000000001
2015-07-25,27.345170454545457
2015-07-26,38.48579545454546
2015-07-27,72.92045454545456
2015-07-28,90.13778409090911
2015-07-29,73.93323863636364
2015-07-30,83.04829545454547
2015-07-31,68.86931818181819
2015-08-01,51.69004524886878
2015-08-02,31.718891402714934
2015-08-03,88.10803167420815
2015-08-04,86.93325791855204
2015-08-05,90.45757918552036
2015-08-06,77.53506787330318
2015-08-07,70.48642533936652
2015-08-08,41.117081447963805
2015-08-09,32.89366515837104
2015-08-10,69.31165158371041
2015-08-11,91.63235294117648
2015-08-12,72.83597285067873
2015-08-13,74.01074660633485
2015-08-14,64.61255656108598
2015-08-15,29.369343891402718
2015-08-16,34.06843891402715
2015-08-17,75.18552036199095
2015-08-18,86.93325791855204
2015-08-19,117.47737556561087
2015-08-20,99.85576923076924
2015-08-21,85.75848416289593
2015-08-22,31.718891402714934
2015-08-23,39.94230769230769
2015-08-24,84.58371040723982
2015-08-25,62.26300904977376
2015-08-26,86.93325791855204
2015-08-27,79.88461538461539
2015-08-28,58.738687782805435
2015-08-29,41.117081447963805
2015-08-30,54.039592760180994
2015-08-31,65.78733031674209
2015-09-01,95.92512208355942
2015-09-02,85.11665762344005
2015-09-03,72.95713510580575
2015-09-04,70.25501899077591
2015-09-05,41.882799782962564
2015-09-06,49.98914812805209
2015-09-07,40.53174172544764
2015-09-08,83.76559956592513
2015-09-09,90.52088985349972
2015-09-10,112.13781877373847
2015-09-11,87.81877373846989
2015-09-12,37.8296256104178
2015-09-13,54.04232230059685
2015-09-14,102.68041237113403
2015-09-15,101.3293543136191
2015-09-16,135.10580575149214
2015-09-17,102.68041237113403
2015-09-18,89.1698317959848
2015-09-19,39.18068366793272
2015-09-20,51.34020618556701
2015-09-21,118.89310906131308
2015-09-22,102.68041237113403
2015-09-23,94.5740640260445
2015-09-24,94.5740640260445
2015-09-25,85.11665762344005
2015-09-26,40.53174172544764
2015-09-27,49.98914812805209
2015-09-28,114.83993488876831
2015-09-29,117.54205100379816
2015-09-30,126.99945740640261
2015-10-01,96.45724907063197
2015-10-02,88.80191184280403
2015-10-03,39.80775358470526
2015-10-04,64.30483271375465
2015-10-05,111.76792352628784
2015-10-06,117.89219330855019
2015-10-07,122.48539564524694
2015-10-08,122.48539564524694
2015-10-09,97.98831651619756
2015-10-10,36.74561869357409
2015-10-11,52.05629314922995
2015-10-12,120.95432819968136
2015-10-13,111.76792352628784
2015-10-14,142.38927243759957
2015-10-15,153.10674455655868
2015-10-16,96.45724907063197
2015-10-17,53.58736059479554
2015-10-18,45.932023366967606
2015-10-19,119.42326075411577
2015-10-20,107.17472118959108
2015-10-21,110.23685608072225
2015-10-22,105.64365374402549
2015-10-23,111.76792352628784
2015-10-24,59.71163037705789
2015-10-25,35.2145512480085
2015-10-26,101.05045140732874
2015-10-27,99.51938396176314
2015-10-28,113.29899097185343
2015-10-29,105.64365374402549
2015-10-30,91.86404673393521
2015-10-31,47.46309081253319
2015-11-01,49.03699949315763
2015-11-02,114.03953370501773
2015-11-03,100.3547896604156
2015-11-04,106.05676634566649
2015-11-05,106.05676634566649
2015-11-06,87.81044095286366
2015-11-07,41.05423213380639
2015-11-08,42.19462747085656
2015-11-09,101.49518499746578
2015-11-10,107.19716168271667
2015-11-11,79.82767359351242
2015-11-12,99.21439432336543
2015-11-13,82.10846426761277
2015-11-14,35.352255448555496
2015-11-15,36.492650785605676
2015-11-16,91.2316269640142
2015-11-17,112.89913836796757
2015-11-18,114.03953370501773
2015-11-19,85.5296502787633
2015-11-20,92.37202230106436
2015-11-21,43.33502280790674
2015-11-22,33.071464774455144
2015-11-23,106.05676634566649
2015-11-24,76.40648758236189
2015-11-25,58.160162189559045
2015-11-26,39.91383679675621
2015-11-27,37.633046122655855
2015-11-28,42.19462747085656
2015-11-29,28.509883426254433
2015-11-30,100.3547896604156
2015-12-01,131.42279855247284
2015-12-02,100.89022919179735
2015-12-03,99.5627261761158
2015-12-04,88.94270205066344
2015-12-05,35.84258142340169
2015-12-06,42.480096501809406
2015-12-07,94.25271411338962
2015-12-08,116.82026537997587
2015-12-09,91.59770808202653
2015-12-10,95.58021712907116
2015-12-11,86.28769601930036
2015-12-12,49.11761158021712
2015-12-13,42.480096501809406
2015-12-14,80.97768395657418
2015-12-15,132.75030156815438
2015-12-16,127.44028950542821
2015-12-17,95.58021712907116
2015-12-18,59.737635705669476
2015-12-19,43.80759951749095
2015-12-20,30.53256936067551
2015-12-21,61.06513872135102
2015-12-22,74.34016887816647
2015-12-23,69.03015681544028
2015-12-24,30.53256936067551
2015-12-25,27.877563329312423
2015-12-26,26.55006031363088
2015-12-27,37.17008443908323
2015-12-28,58.41013268998793
2015-12-29,61.06513872135102
2015-12-30,62.39264173703256
2015-12-31,46.462605548854036
2016-01-01,25.759674134419555
2016-01-02,42.93279022403259
2016-01-03,26.83299389002037
2016-01-04,80.4989816700611
2016-01-05,84.79226069246437
2016-01-06,70.83910386965377
2016-01-07,74.05906313645622
2016-01-08,65.4725050916497
2016-01-09,52.592668024439924
2016-01-10,24.686354378818738
2016-01-11,78.35234215885947
2016-01-12,93.37881873727088
2016-01-13,84.79226069246437
2016-01-14,88.0122199592668
2016-01-15,66.54582484725051
2016-01-16,44.0061099796334
2016-01-17,32.199592668024444
2016-01-18,59.03258655804481
2016-01-19,93.37881873727088
2016-01-20,98.74541751527495
2016-01-21,88.0122199592668
2016-01-22,76.20570264765784
2016-01-23,30.052953156822813
2016-01-24,52.592668024439924
2016-01-25,93.37881873727088
2016-01-26,88.0122199592668
2016-01-27,94.4521384928717
2016-01-28,107.33197556008147
2016-01-29,100.89205702647658
2016-01-30,44.0061099796334
2016-01-31,46.152749490835035
2016-02-01,94.03297818366312
2016-02-02,79.37848807711822
2016-02-03,95.25418569254185
2016-02-04,95.25418569254185
2016-02-05,83.04211060375444
2016-02-06,56.17554540842212
2016-02-07,56.17554540842212
2016-02-08,89.14814814814815
2016-02-09,102.5814307458143
2016-02-10,109.90867579908675
2016-02-11,114.79350583460172
2016-02-12,94.03297818366312
2016-02-13,29.308980213089804
2016-02-14,47.627092846270926
2016-02-15,73.2724505327245
2016-02-16,103.80263825469305
2016-02-17,103.80263825469305
2016-02-18,89.14814814814815
2016-02-19,122.12075088787418
2016-02-20,52.51192288178589
2016-02-21,45.18467782851344
2016-02-22,109.90867579908675
2016-02-23,118.45712836123795
2016-02-24,95.25418569254185
2016-02-25,94.03297818366312
2016-02-26,91.59056316590564
2016-02-27,40.29984779299848
2016-02-28,41.52105530187722
2016-02-29,79.37848807711822
2016-03-01,96.9140662506001
2016-03-02,102.42054728756601
2016-03-03,98.01536245799328
2016-03-04,73.78684589534325
2016-03-05,38.5453672587614
2016-03-06,38.5453672587614
2016-03-07,91.40758521363418
2016-03-08,96.9140662506001
2016-03-09,82.59721555448871
2016-03-10,104.62313970235238
2016-03-11,87.00240038406145
2016-03-12,38.5453672587614
2016-03-13,28.633701392222754
2016-03-14,72.68554968795007
2016-03-15,87.00240038406145
2016-03-16,104.62313970235238
2016-03-17,83.6985117618819
2016-03-18,80.39462313970235
2016-03-19,20.924627940470476
2016-03-20,31.937590014402303
2016-03-21,70.4829572731637
2016-03-22,85.90110417666827
2016-03-23,101.31925108017283
2016-03-24,91.40758521363418
2016-03-25,50.65962554008642
2016-03-26,38.5453672587614
2016-03-27,34.14018242918867
2016-03-28,81.49591934709554
2016-03-29,95.81277004320691
2016-03-30,110.12962073931828
2016-03-31,74.88814210273644
2016-04-01,79.45240532241556
2016-04-02,27.635619242579324
2016-04-03,42.60491299897646
2016-04-04,105.9365404298874
2016-04-05,99.02763561924257
2016-04-06,95.57318321392016
2016-04-07,92.11873080859775
2016-04-08,82.90685772773797
2016-04-09,42.60491299897646
2016-04-10,39.150460593654046
2016-04-11,89.8157625383828
2016-04-12,82.90685772773797
2016-04-13,78.30092118730809
2016-04-14,100.17911975435005
2016-04-15,88.66427840327533
2016-04-16,50.66530194472876
2016-04-17,29.938587512794268
2016-04-18,109.39099283520983
2016-04-19,115.14841351074719
2016-04-20,79.45240532241556
2016-04-21,80.60388945752302
2016-04-22,75.99795291709314
2016-04-23,50.66530194472876
2016-04-24,29.938587512794268
2016-04-25,90.96724667349028
2016-04-26,85.20982599795292
2016-04-27,84.05834186284544
2016-04-28,88.66427840327533
2016-04-29,80.60388945752302
2016-04-30,51.816786079836234
2016-05-01,43.18407960199005
2016-05-02,97.16417910447763
2016-05-03,97.16417910447763
2016-05-04,85.16860143725816
2016-05-05,88.767274737424
2016-05-06,93.56550580431178
2016-05-07,28.789386401326702
2016-05-08,37.186290768380324
2016-05-09,94.76506357103372
2016-05-10,111.55887230514097
2016-05-11,118.75621890547265
2016-05-12,85.16860143725816
2016-05-13,70.7739082365948
2016-05-14,29.988944168048647
2016-05-15,33.58761746821449
2016-05-16,89.96683250414594
2016-05-17,119.95577667219459
2016-05-18,93.56550580431178
2016-05-19,80.37037037037038
2016-05-20,64.77611940298507
2016-05-21,44.383637368712
2016-05-22,29.988944168048647
2016-05-23,80.37037037037038
2016-05-24,76.77169707020454
2016-05-25,75.57213930348259
2016-05-26,74.37258153676065
2016-05-27,59.977888336097294
2016-05-28,31.188501934770592
2016-05-29,21.592039800995025
2016-05-30,38.38584853510227
2016-05-31,73.1730237700387
2016-06-01,68.58806404657933
2016-06-02,59.56331877729257
2016-06-03,55.95342066957787
2016-06-04,33.39155749636099
2016-06-05,57.75836972343522
2016-06-06,74.90538573508006
2016-06-07,78.51528384279476
2016-06-08,67.68558951965065
2016-06-09,71.29548762736535
2016-06-10,72.19796215429403
2016-06-11,31.58660844250364
2016-06-12,34.29403202328967
2016-06-13,73.1004366812227
2016-06-14,64.97816593886462
2016-06-15,75.80786026200873
2016-06-16,79.41775836972343
2016-06-17,68.58806404657933
2016-06-18,40.61135371179039
2016-06-19,24.366812227074234
2016-06-20,71.29548762736535
2016-06-21,74.90538573508006
2016-06-22,87.54002911208151
2016-06-23,74.00291120815137
2016-06-24,51.4410480349345
2016-06-25,32.48908296943231
2016-06-26,37.00145560407569
2016-06-27,61.36826783114992
2016-06-28,74.00291120815137
2016-06-29,90.24745269286754
2016-06-30,73.1004366812227
2016-07-01,50.53031860226105
2016-07-02,32.306269270298046
2016-07-03,37.276464542651595
2016-07-04,32.306269270298046
2016-07-05,50.53031860226105
2016-07-06,71.23946557040082
2016-07-07,71.23946557040082
2016-07-08,57.985611510791365
2016-07-09,27.336073997944503
2016-07-10,29.821171634121274
2016-07-11,76.20966084275437
2016-07-12,71.23946557040082
2016-07-13,65.44090441932168
2016-07-14,82.8365878725591
2016-07-15,71.23946557040082
2016-07-16,20.709146968139773
2016-07-17,31.477903391572458
2016-07-18,68.75436793422405
2016-07-19,62.955806783144915
2016-07-20,55.5005138746146
2016-07-21,63.78417266187051
2016-07-22,45.560123329907505
2016-07-23,37.276464542651595
2016-07-24,37.276464542651595
2016-07-25,53.843782117163414
2016-07-26,60.47070914696814
2016-07-27,65.44090441932168
2016-07-28,67.92600205549846
2016-07-29,51.35868448098664
2016-07-30,31.477903391572458
2016-07-31,30.649537512846866
2016-08-01,55.61131873998932
2016-08-02,58.39188467698879
2016-08-03,80.6364121729845
2016-08-04,76.9289909236519
2016-08-05,57.46502936465563
2016-08-06,22.244527495995726
2016-08-07,37.074212493326215
2016-08-08,53.75760811532301
2016-08-09,61.172450613988254
2016-08-10,53.75760811532301
2016-08-11,56.538174052322475
2016-08-12,58.39188467698879
2016-08-13,23.171382808328882
2016-08-14,27.80565936999466
2016-08-15,76.9289909236519
2016-08-16,92.68553123331553
2016-08-17,66.73358248798718
2016-08-18,71.36785904965296
2016-08-19,57.46502936465563
2016-08-20,27.80565936999466
2016-08-21,33.36679124399359
2016-08-22,62.099305926321406
2016-08-23,71.36785904965296
2016-08-24,68.5872931126535
2016-08-25,51.903897490656696
2016-08-26,52.830752802989856
2016-08-27,31.51308061932728
2016-08-28,32.439935931660436
2016-08-29,74.14842498665243
2016-08-30,71.36785904965296
2016-08-31,70.4410037373198
2016-09-01,69.5360824742268
2016-09-02,52.457044673539514
2016-09-03,18.298969072164947
2016-09-04,35.37800687285223
2016-09-05,31.71821305841924
2016-09-06,70.75601374570446
2016-09-07,73.19587628865979
2016-09-08,74.41580756013745
2016-09-09,79.2955326460481
2016-09-10,28.05841924398625
2016-09-11,37.81786941580756
2016-09-12,100.03436426116838
2016-09-13,89.0549828178694
2016-09-14,73.19587628865979
2016-09-15,73.19587628865979
2016-09-16,121.99312714776632
2016-09-17,46.3573883161512
2016-09-18,50.01718213058419
2016-09-19,100.03436426116838
2016-09-20,91.49484536082474
2016-09-21,117.11340206185565
2016-09-22,102.4742268041237
2016-09-23,81.73539518900343
2016-09-24,32.93814432989691
2016-09-25,50.01718213058419
2016-09-26,84.17525773195875
2016-09-27,93.93470790378007
2016-09-28,98.81443298969072
2016-09-29,81.73539518900343
2016-09-30,70.75601374570446
2016-10-01,39.661764705882355
2016-10-02,49.23529411764706
2016-10-03,91.63235294117648
2016-10-04,88.89705882352942
2016-10-05,105.30882352941177
2016-10-06,106.67647058823529
2016-10-07,71.11764705882354
2016-10-08,27.352941176470587
2016-10-09,46.5
2016-10-10,95.73529411764706
2016-10-11,88.89705882352942
2016-10-12,91.63235294117648
2016-10-13,108.04411764705883
2016-10-14,75.22058823529412
2016-10-15,47.86764705882353
2016-10-16,42.39705882352941
2016-10-17,98.47058823529412
2016-10-18,136.76470588235296
2016-10-19,95.73529411764706
2016-10-20,90.26470588235294
2016-10-21,75.22058823529412
2016-10-22,42.39705882352941
2016-10-23,31.455882352941178
2016-10-24,94.36764705882354
2016-10-25,88.89705882352942
2016-10-26,95.73529411764706
2016-10-27,83.42647058823529
2016-10-28,69.75
2016-10-29,27.352941176470587
2016-10-30,38.294117647058826
2016-10-31,80.69117647058823
2016-11-01,97.79622209502004
2016-11-02,93.19404693760733
2016-11-03,86.29078420148826
2016-11-04,77.08643388666286
2016-11-05,23.01087578706354
2016-11-06,39.11848883800801
2016-11-07,88.59187178019462
2016-11-08,83.98969662278192
2016-11-09,63.27990841442473
2016-11-10,93.19404693760733
2016-11-11,56.37664567830567
2016-11-12,18.40870062965083
2016-11-13,32.21522610188895
2016-11-14,71.33371493989696
2016-11-15,88.59187178019462
2016-11-16,115.05437893531769
2016-11-17,101.24785346307957
2016-11-18,94.3445907269605
2016-11-19,33.36576989124213
2016-11-20,42.57012020606754
2016-11-21,82.83915283342874
2016-11-22,77.08643388666286
2016-11-23,56.37664567830567
2016-11-24,29.9141385231826
2016-11-25,25.31196336576989
2016-11-26,35.66685746994848
2016-11-27,44.8712077847739
2016-11-28,75.93589009730968
2016-11-29,83.98969662278192
2016-11-30,98.94676588437322
2016-12-01,90.48553601815088
2016-12-02,94.84628474191719
2016-12-03,35.976176971072036
2016-12-04,47.96823596142938
2016-12-05,88.30516165626773
2016-12-06,99.2070334656835
2016-12-07,95.93647192285876
2016-12-08,80.67385138967668
2016-12-09,73.04254112308566
2016-12-10,34.88598979013046
2016-12-11,45.787861599546225
2016-12-12,89.3953488372093
2016-12-13,97.02665910380034
2016-12-14,102.47759500850822
2016-12-15,109.01871809415769
2016-12-16,76.31310266591038
2016-12-17,35.976176971072036
2016-12-18,39.246738513896766
2016-12-19,70.8621667612025
2016-12-20,77.40328984685196
2016-12-21,71.95235394214407
2016-12-22,55.59954622802042
2016-12-23,28.344866704481
2016-12-24,15.262620533182076
2016-12-25,25.074305161656266
2016-12-26,33.79580260918888
2016-12-27,39.246738513896766
2016-12-28,57.779920589903575
2016-12-29,55.59954622802042
2016-12-30,35.976176971072036
2016-12-31,18.533182076006806
2017-01-01,20.292185730464325
2017-01-02,39.390713476783695
2017-01-03,60.876557191392976
2017-01-04,83.55605889014723
2017-01-05,74.00679501698754
2017-01-06,63.2638731596829
2017-01-07,33.42242355605889
2017-01-08,32.22876557191393
2017-01-09,69.2321630804077
2017-01-10,72.81313703284259
2017-01-11,77.58776896942243
2017-01-12,59.68289920724802
2017-01-13,75.2004530011325
2017-01-14,34.61608154020385
2017-01-15,33.42242355605889
2017-01-16,58.48924122310306
2017-01-17,89.52434881087203
2017-01-18,119.36579841449604
2017-01-19,112.20385050962628
2017-01-20,75.2004530011325
2017-01-21,40.58437146092865
2017-01-22,38.19705549263873
2017-01-23,85.94337485843715
2017-01-24,111.01019252548132
2017-01-25,97.87995469988675
2017-01-26,101.46092865232163
2017-01-27,77.58776896942243
2017-01-28,37.00339750849377
2017-01-29,52.52095130237826
2017-01-30,85.94337485843715
2017-01-31,95.49263873159683
2017-02-01,97.99271212909942
2017-02-02,82.64445601249349
2017-02-03,79.1025507548152
2017-02-04,34.23841749089016
2017-02-05,41.322228006246746
2017-02-06,97.99271212909942
2017-02-07,93.27017178552836
2017-02-08,102.71525247267047
2017-02-09,81.46382092660072
2017-02-10,85.00572618427901
2017-02-11,48.40603852160333
2017-02-12,48.40603852160333
2017-02-13,88.54763144195731
2017-02-14,118.06350858927641
2017-02-15,109.79906298802706
2017-02-16,112.1603331598126
2017-02-17,86.18636127017179
2017-02-18,43.68349817803227
2017-02-19,55.48984903695991
2017-02-20,82.64445601249349
2017-02-21,97.99271212909942
2017-02-22,97.99271212909942
2017-02-23,89.72826652785007
2017-02-24,77.92191566892244
2017-02-25,49.586673607496095
2017-02-26,57.851119208745445
2017-02-27,97.99271212909942
2017-02-28,109.79906298802706
2017-03-01,102.93551491819058
2017-03-02,108.52983638113571
2017-03-03,88.39027911453321
2017-03-04,42.516843118383065
2017-03-05,34.684793070259865
2017-03-06,86.15255052935515
2017-03-07,96.22232916265641
2017-03-08,101.81665062560154
2017-03-09,101.81665062560154
2017-03-10,69.36958614051973
2017-03-11,33.56592877767084
2017-03-12,41.397978825794034
2017-03-13,76.0827718960539
2017-03-14,66.01299326275264
2017-03-15,104.0543792107796
2017-03-16,83.91482194417709
2017-03-17,71.60731472569779
2017-03-18,33.56592877767084
2017-03-19,45.87343599615015
2017-03-20,76.0827718960539
2017-03-21,90.62800769971126
2017-03-22,90.62800769971126
2017-03-23,111.8864292589028
2017-03-24,64.89412897016362
2017-03-25,39.16025024061598
2017-03-26,29.090471607314726
2017-03-27,87.27141482194418
2017-03-28,91.7468719923003
2017-03-29,86.15255052935515
2017-03-30,89.50914340712224
2017-03-31,79.43936477382098
2017-04-01,37.82810087493567
2017-04-02,48.63612969634586
2017-04-03,70.25218733916624
2017-04-04,94.02985074626866
2017-04-05,84.30262480699949
2017-04-06,85.38342768914052
2017-04-07,68.09058157488421
2017-04-08,29.18167781780752
2017-04-09,37.82810087493567
2017-04-10,98.35306227483274
2017-04-11,88.62583633556358
2017-04-12,81.06021616057643
2017-04-13,77.81780751415337
2017-04-14,71.33299022130727
2017-04-15,39.98970663921771
2017-04-16,36.74729799279465
2017-04-17,83.22182192485847
2017-04-18,85.38342768914052
2017-04-19,95.1106536284097
2017-04-20,81.06021616057643
2017-04-21,79.97941327843542
2017-04-22,36.74729799279465
2017-04-23,46.474523932063825
2017-04-24,108.08028821410191
2017-04-25,92.94904786412765
2017-04-26,83.22182192485847
2017-04-27,99.43386515697377
2017-04-28,87.54503345342255
2017-04-29,30.262480699948537
2017-04-30,41.07050952135873
2017-05-01,89.5446898002103
2017-05-02,95.00473186119875
2017-05-03,88.45268138801262
2017-05-04,85.17665615141956
2017-05-05,95.00473186119875
2017-05-06,36.03627760252366
2017-05-07,38.22029442691903
2017-05-08,89.5446898002103
2017-05-09,103.74079915878023
2017-05-10,109.20084121976868
2017-05-11,75.34858044164038
2017-05-12,84.08464773922188
2017-05-13,36.03627760252366
2017-05-14,46.95636172450053
2017-05-15,78.62460567823345
2017-05-16,102.64879074658255
2017-05-17,74.2565720294427
2017-05-18,73.16456361724501
2017-05-19,57.876445846477395
2017-05-20,24.02418506834911
2017-05-21,20.74815983175605
2017-05-22,70.98054679284964
2017-05-23,74.2565720294427
2017-05-24,69.88853838065195
2017-05-25,63.33648790746583
2017-05-26,57.876445846477395
2017-05-27,32.760252365930604
2017-05-28,32.760252365930604
2017-05-29,32.760252365930604
2017-05-30,70.98054679284964
2017-05-31,67.70452155625658
2017-06-01,62.15451577801959
2017-06-02,65.81066376496192
2017-06-03,22.850924918389552
2017-06-04,34.73340587595212
2017-06-05,61.240478781284004
2017-06-06,74.03699673558215
2017-06-07,67.63873775843308
2017-06-08,74.03699673558215
2017-06-09,75.86507072905331
2017-06-10,27.421109902067464
2017-06-11,25.5930359085963
2017-06-12,75.86507072905331
2017-06-13,78.60718171926007
2017-06-14,91.40369967355821
2017-06-15,74.03699673558215
2017-06-16,61.240478781284004
2017-06-17,21.93688792165397
2017-06-18,33.81936887921654
2017-06-19,60.32644178454842
2017-06-20,51.1860718171926
2017-06-21,70.38084874863982
2017-06-22,59.41240478781284
2017-06-23,61.240478781284004
2017-06-24,23.764961915125134
2017-06-25,21.93688792165397
2017-06-26,56.67029379760609
2017-06-27,48.44396082698585
2017-06-28,67.63873775843308
2017-06-29,64.89662676822633
2017-06-30,65.81066376496192
2017-07-01,37.25519287833828
2017-07-02,29.804154302670625
2017-07-03,52.98516320474778
2017-07-04,19.041543026706233
2017-07-05,76.16617210682493
2017-07-06,70.37091988130564
2017-07-07,57.95252225519288
2017-07-08,38.91097922848665
2017-07-09,33.94362017804154
2017-07-10,66.23145400593472
2017-07-11,77.8219584569733
2017-07-12,81.13353115727003
2017-07-13,73.68249258160238
2017-07-14,82.7893175074184
2017-07-15,26.49258160237389
2017-07-16,36.4272997032641
2017-07-17,70.37091988130564
2017-07-18,66.23145400593472
2017-07-19,65.40356083086054
2017-07-20,55.46884272997033
2017-07-21,56.296735905044514
2017-07-22,33.11572700296736
2017-07-23,33.11572700296736
2017-07-24,68.71513353115728
2017-07-25,73.68249258160238
2017-07-26,62.091988130563806
2017-07-27,58.78041543026707
2017-07-28,53.81305637982196
2017-07-29,28.97626112759644
2017-07-30,24.83679525222552
2017-07-31,62.091988130563806
2017-08-01,71.43191489361702
2017-08-02,67.67234042553191
2017-08-03,64.85265957446808
2017-08-04,66.73244680851063
2017-08-05,25.377127659574466
2017-08-06,31.016489361702124
2017-08-07,76.1313829787234
2017-08-08,71.43191489361702
2017-08-09,60.153191489361696
2017-08-10,75.19148936170212
2017-08-11,93.98936170212765
2017-08-12,37.59574468085106
2017-08-13,28.196808510638295
2017-08-14,55.453723404255314
2017-08-15,73.31170212765957
2017-08-16,70.49202127659574
2017-08-17,59.21329787234042
2017-08-18,46.994680851063826
2017-08-19,22.557446808510637
2017-08-20,29.13670212765957
2017-08-21,47.9345744680851
2017-08-22,67.67234042553191
2017-08-23,63.9127659574468
2017-08-24,62.03297872340425
2017-08-25,54.51382978723404
2017-08-26,16.91808510638298
2017-08-27,28.196808510638295
2017-08-28,66.73244680851063
2017-08-29,67.67234042553191
2017-08-30,83.6505319148936
2017-08-31,80.83085106382978
2017-09-01,47.71309771309771
2017-09-02,28.627858627858625
2017-09-03,42.41164241164241
2017-09-04,44.53222453222453
2017-09-05,56.195426195426194
2017-09-06,88.004158004158
2017-09-07,60.436590436590436
2017-09-08,55.13513513513513
2017-09-09,28.627858627858625
2017-09-10,33.92931392931393
2017-09-11,71.03950103950103
2017-09-12,76.34095634095634
2017-09-13,93.3056133056133
2017-09-14,106.02910602910602
2017-09-15,88.004158004158
2017-09-16,54.07484407484407
2017-09-17,45.59251559251559
2017-09-18,81.64241164241164
2017-09-19,80.58212058212058
2017-09-20,92.24532224532224
2017-09-21,84.82328482328482
2017-09-22,72.0997920997921
2017-09-23,33.92931392931393
2017-09-24,53.01455301455301
2017-09-25,98.6070686070686
2017-09-26,104.96881496881497
2017-09-27,103.9085239085239
2017-09-28,98.6070686070686
2017-09-29,77.4012474012474
2017-09-30,38.17047817047817
2017-10-01,47.86185881157949
2017-10-02,90.68562722194008
2017-10-03,94.46419502285424
2017-10-04,98.24276282376842
2017-10-05,94.46419502285424
2017-10-06,85.64753682072119
2017-10-07,39.045200609446425
2017-10-08,41.564245810055866
2017-10-09,83.12849162011173
2017-10-10,104.54037582529203
2017-10-11,107.05942102590149
2017-10-12,122.17369222955816
2017-10-13,114.61655662772982
2017-10-14,52.899949212798376
2017-10-15,44.08329101066531
2017-10-16,102.02133062468259
2017-10-17,125.95226003047233
2017-10-18,79.34992381919757
2017-10-19,102.02133062468259
2017-10-20,73.05231081767396
2017-10-21,30.22854240731336
2017-10-22,42.82376841036059
2017-10-23,95.72371762315898
2017-10-24,86.9070594210259
2017-10-25,93.20467242254952
2017-10-26,88.16658202133063
2017-10-27,73.05231081767396
2017-10-28,40.304723209751145
2017-10-29,45.34281361097004
2017-10-30,83.12849162011173
2017-10-31,98.24276282376842
2017-11-01,85.04543025120256
2017-11-02,87.2260823089257
2017-11-03,67.60021378941742
2017-11-04,35.98075895243185
2017-11-05,31.619454836985568
2017-11-06,86.13575628006413
2017-11-07,90.49706039551042
2017-11-08,89.40673436664885
2017-11-09,89.40673436664885
2017-11-10,71.9615179048637
2017-11-11,32.70978086584714
2017-11-12,39.25173703901657
2017-11-13,89.40673436664885
2017-11-14,102.4906467129877
2017-11-15,109.03260288615712
2017-11-16,102.4906467129877
2017-11-17,67.60021378941742
2017-11-18,34.89043292357028
2017-11-19,42.52271512560128
2017-11-20,77.41314804917155
2017-11-21,73.05184393372528
2017-11-22,56.696953500801705
2017-11-23,26.167824692677712
2017-11-24,23.987172634954568
2017-11-25,38.16141101015499
2017-11-26,28.348476750400852
2017-11-27,73.05184393372528
2017-11-28,90.49706039551042
2017-11-29,88.31640833778727
2017-11-30,109.03260288615712
2017-12-01,74.27823240589198
2017-12-02,34.04418985270049
2017-12-03,36.10747408619749
2017-12-04,91.81614839061648
2017-12-05,83.56301145662847
2017-12-06,101.10092744135297
2017-12-07,81.49972722313147
2017-12-08,62.93016912165848
2017-12-09,41.265684669939986
2017-12-10,39.202400436442986
2017-12-11,83.56301145662847
2017-12-12,92.84779050736498
2017-12-13,91.81614839061648
2017-12-14,103.16421167484997
2017-12-15,84.59465357337697
2017-12-16,31.98090561920349
2017-12-17,39.202400436442986
2017-12-18,89.75286415711948
2017-12-19,91.81614839061648
2017-12-20,85.62629569012547
2017-12-21,77.37315875613747
2017-12-22,40.234042553191486
2017-12-23,21.664484451718494
2017-12-24,26.822695035460992
2017-12-25,26.822695035460992
2017-12-26,37.13911620294599
2017-12-27,60.86688488816148
2017-12-28,59.835242771412986
2017-12-29,49.51882160392799
2017-12-30,30.94926350245499
2017-12-31,19.601200218221493
2018-01-01,29.64118246687054
2018-01-02,60.34097859327217
2018-01-03,61.39959225280326
2018-01-04,61.39959225280326
2018-01-05,75.16156982670744
2018-01-06,34.93425076452599
2018-01-07,29.64118246687054
2018-01-08,63.51681957186544
2018-01-09,86.80632008154943
2018-01-10,76.22018348623853
2018-01-11,82.57186544342507
2018-01-12,84.68909276248725
2018-01-13,27.52395514780836
2018-01-14,37.05147808358817
2018-01-15,59.28236493374108
2018-01-16,80.45463812436289
2018-01-17,95.27522935779815
2018-01-18,84.68909276248725
2018-01-19,88.92354740061161
2018-01-20,40.227319062181444
2018-01-21,34.93425076452599
2018-01-22,79.3960244648318
2018-01-23,105.86136595310907
2018-01-24,98.45107033639142
2018-01-25,92.09938837920488
2018-01-26,79.3960244648318
2018-01-27,19.05504587155963
2018-01-28,40.227319062181444
2018-01-29,91.04077471967379
2018-01-30,94.21661569826706
2018-01-31,82.57186544342507
2018-02-01,98.67031463748289
2018-02-02,74.00273597811217
2018-02-03,42.28727770177838
2018-02-04,45.811217510259915
2018-02-05,91.62243502051983
2018-02-06,91.62243502051983
2018-02-07,77.5266757865937
2018-02-08,98.67031463748289
2018-02-09,88.0984952120383
2018-02-10,45.811217510259915
2018-02-11,63.430916552667576
2018-02-12,119.81395348837208
2018-02-13,140.95759233926128
2018-02-14,352.3939808481532
2018-02-15,130.38577291381668
2018-02-16,95.14637482900136
2018-02-17,42.28727770177838
2018-02-18,45.811217510259915
2018-02-19,74.00273597811217
2018-02-20,102.19425444596442
2018-02-21,109.24213406292749
2018-02-22,98.67031463748289
2018-02-23,88.0984952120383
2018-02-24,42.28727770177838
2018-02-25,38.76333789329685
2018-02-26,102.19425444596442
2018-02-27,81.05061559507523
2018-02-28,95.14637482900136
2018-03-01,101.92365456821027
2018-03-02,84.6971214017522
2018-03-03,45.93742177722153
2018-03-04,58.85732165206509
2018-03-05,87.56821026282854
2018-03-06,110.5369211514393
2018-03-07,103.35919899874844
2018-03-08,78.95494367959951
2018-03-09,70.34167709637047
2018-03-10,43.066332916145186
2018-03-11,44.50187734668336
2018-03-12,111.97246558197747
2018-03-13,143.5544430538173
2018-03-14,96.18147684605758
2018-03-15,64.59949937421777
2018-03-16,77.51939924906134
2018-03-17,27.275344180225282
2018-03-18,35.888610763454324
2018-03-19,103.35919899874844
2018-03-20,93.31038798498123
2018-03-21,78.95494367959951
2018-03-22,90.43929912390489
2018-03-23,61.728410513141434
2018-03-24,41.63078848560701
2018-03-25,28.710888610763455
2018-03-26,86.13266583229037
2018-03-27,76.08385481852316
2018-03-28,78.95494367959951
2018-03-29,68.9061326658323
2018-03-30,68.9061326658323
2018-03-31,30.14643304130163
2018-04-01,36.53884964682139
2018-04-02,90.27245206861755
2018-04-03,89.19778002018164
2018-04-04,89.19778002018164
2018-04-05,81.67507568113018
2018-04-06,67.70433905146317
2018-04-07,36.53884964682139
2018-04-08,41.91220988900101
2018-04-09,94.57114026236125
2018-04-10,102.09384460141271
2018-04-11,107.46720484359233
2018-04-12,78.45105953582241
2018-04-13,87.0484359233098
2018-04-14,46.210898082744706
2018-04-15,29.016145307769932
2018-04-16,80.60040363269425
2018-04-17,83.82441977800202
2018-04-18,91.34712411705348
2018-04-19,76.30171543895055
2018-04-20,70.92835519677094
2018-04-21,36.53884964682139
2018-04-22,37.61352169525732
2018-04-23,69.85368314833502
2018-04-24,80.60040363269425
2018-04-25,91.34712411705348
2018-04-26,91.34712411705348
2018-04-27,67.70433905146317
2018-04-28,42.986881937436934
2018-04-29,40.83753784056509
2018-04-30,90.27245206861755
2018-05-01,91.95505617977528
2018-05-02,78.16179775280898
2018-05-03,94.25393258426966
2018-05-04,74.71348314606742
2018-05-05,26.437078651685393
2018-05-06,26.437078651685393
2018-05-07,96.55280898876404
2018-05-08,79.31123595505618
2018-05-09,88.50674157303371
2018-05-10,114.94382022471909
2018-05-11,73.56404494382022
2018-05-12,28.735955056179773
2018-05-13,42.529213483146066
2018-05-14,78.16179775280898
2018-05-15,82.75955056179775
2018-05-16,94.25393258426966
2018-05-17,77.0123595505618
2018-05-18,71.26516853932584
2018-05-19,22.98876404494382
2018-05-20,34.48314606741573
2018-05-21,88.50674157303371
2018-05-22,65.51797752808989
2018-05-23,79.31123595505618
2018-05-24,72.41460674157302
2018-05-25,55.173033707865166
2018-05-26,28.735955056179773
2018-05-27,25.2876404494382
2018-05-28,32.184269662921345
2018-05-29,74.71348314606742
2018-05-30,75.8629213483146
2018-05-31,71.26516853932584
2018-06-01,53.346959632089934
2018-06-02,25.7843638221768
2018-06-03,35.56463975472662
2018-06-04,59.57077158916709
2018-06-05,64.90546755237608
2018-06-06,73.79662749105773
2018-06-07,74.68574348492591
2018-06-08,52.45784363822177
2018-06-09,27.56259580991313
2018-06-10,39.12110373019928
2018-06-11,84.46601941747572
2018-06-12,88.91159938681655
2018-06-13,73.79662749105773
2018-06-14,82.6877874297394
2018-06-15,52.45784363822177
2018-06-16,24.00613183444047
2018-06-17,33.78640776699029
2018-06-18,72.90751149718957
2018-06-19,65.79458354624425
2018-06-20,77.3530914665304
2018-06-21,60.459887583035254
2018-06-22,56.01430761369443
2018-06-23,30.229943791517627
2018-06-24,40.899335717935614
2018-06-25,79.13132345426673
2018-06-26,71.12927950945324
2018-06-27,82.6877874297394
2018-06-28,66.68369954011241
2018-06-29,56.903423607562594
2018-06-30,32.89729177312213
2018-07-01,30.903125
2018-07-02,59.93333333333333
2018-07-03,52.44166666666666
2018-07-04,31.83958333333333
2018-07-05,65.55208333333333
2018-07-06,63.67916666666666
2018-07-07,29.03020833333333
2018-07-08,37.45833333333333
2018-07-09,74.91666666666666
2018-07-10,69.29791666666667
2018-07-11,73.98020833333332
2018-07-12,93.64583333333333
2018-07-13,75.85312499999999
2018-07-14,39.33125
2018-07-15,27.157291666666666
2018-07-16,73.04375
2018-07-17,64.615625
2018-07-18,69.29791666666667
2018-07-19,70.234375
2018-07-20,63.67916666666666
2018-07-21,29.03020833333333
2018-07-22,31.83958333333333
2018-07-23,71.17083333333333
2018-07-24,65.55208333333333
2018-07-25,68.36145833333333
2018-07-26,79.59895833333333
2018-07-27,75.85312499999999
2018-07-28,30.903125
2018-07-29,33.7125
2018-07-30,66.48854166666666
2018-07-31,79.59895833333333
2018-08-01,66.53996646171045
2018-08-02,74.85746226942426
2018-08-03,60.3018446059251
2018-08-04,29.111235326998322
2018-08-05,36.3890441587479
2018-08-06,68.6193404136389
2018-08-07,54.06372275013974
2018-08-08,71.73840134153158
2018-08-09,73.81777529346003
2018-08-10,103.96869759642257
2018-08-11,35.34935718278368
2018-08-12,32.230296254891
2018-08-13,65.50027948574622
2018-08-14,70.69871436556735
2018-08-15,77.97652319731694
2018-08-16,71.73840134153158
2018-08-17,56.14309670206819
2018-08-18,32.230296254891
2018-08-19,29.111235326998322
2018-08-20,61.34153158188932
2018-08-21,76.9368362213527
2018-08-22,65.50027948574622
2018-08-23,59.26215762996087
2018-08-24,77.97652319731694
2018-08-25,33.269983230855225
2018-08-26,28.071548351034096
2018-08-27,48.86528787031861
2018-08-28,74.85746226942426
2018-08-29,80.05589714924538
2018-08-30,70.69871436556735
2018-08-31,72.7780883174958
2018-09-01,39.69010727056019
2018-09-02,35.721096543504174
2018-09-03,27.783075089392135
2018-09-04,87.31823599523243
2018-09-05,75.41120381406436
2018-09-06,83.34922526817641
2018-09-07,80.70321811680573
2018-09-08,29.106078665077476
2018-09-09,37.044100119189515
2018-09-10,78.05721096543505
2018-09-11,85.99523241954708
2018-09-12,85.99523241954708
2018-09-13,132.30035756853397
2018-09-14,84.67222884386175
2018-09-15,44.982121573301555
2018-09-16,39.69010727056019
2018-09-17,109.8092967818832
2018-09-18,112.45530393325389
2018-09-19,87.31823599523243
2018-09-20,105.84028605482717
2018-09-21,91.28724672228844
2018-09-22,37.044100119189515
2018-09-23,55.56615017878427
2018-09-24,91.28724672228844
2018-09-25,112.45530393325389
2018-09-26,105.84028605482717
2018-09-27,97.90226460071514
2018-09-28,76.73420738974971
2018-09-29,41.01311084624553
2018-09-30,47.62812872467223
2018-10-01,92.64692482915717
2018-10-02,101.33257403189066
2018-10-03,99.88496583143508
2018-10-04,99.88496583143508
2018-10-05,98.43735763097949
2018-10-06,47.77107061503417
2018-10-07,44.875854214123
2018-10-08,79.61845102505694
2018-10-09,99.88496583143508
2018-10-10,101.33257403189066
2018-10-11,144.7608200455581
2018-10-12,112.9134396355353
2018-10-13,30.399772209567196
2018-10-14,50.66628701594533
2018-10-15,88.30410022779043
2018-10-16,94.09453302961275
2018-10-17,110.01822323462414
2018-10-18,88.30410022779043
2018-10-19,88.30410022779043
2018-10-20,50.66628701594533
2018-10-21,39.08542141230068
2018-10-22,85.40888382687926
2018-10-23,95.54214123006834
2018-10-24,86.85649202733485
2018-10-25,81.06605922551253
2018-10-26,79.61845102505694
2018-10-27,36.19020501138952
2018-10-28,36.19020501138952
2018-10-29,88.30410022779043
2018-10-30,99.88496583143508
2018-10-31,89.751708428246
2018-11-01,77.45721271393643
2018-11-02,72.61613691931541
2018-11-03,38.728606356968214
2018-11-04,42.359413202933986
2018-11-05,87.13936430317848
2018-11-06,101.66259168704156
2018-11-07,77.45721271393643
2018-11-08,85.92909535452323
2018-11-09,77.45721271393643
2018-11-10,42.359413202933986
2018-11-11,35.09779951100244
2018-11-12,85.92909535452323
2018-11-13,85.92909535452323
2018-11-14,121.02689486552566
2018-11-15,95.61124694376528
2018-11-16,68.98533007334963
2018-11-17,32.67726161369193
2018-11-18,31.466992665036674
2018-11-19,66.56479217603912
2018-11-20,78.66748166259168
2018-11-21,48.41075794621027
2018-11-22,21.78484107579462
2018-11-23,27.836185819070906
2018-11-24,27.836185819070906
2018-11-25,25.41564792176039
2018-11-26,84.71882640586797
2018-11-27,95.61124694376528
2018-11-28,88.34963325183374
2018-11-29,78.66748166259168
2018-11-30,76.24694376528117
2018-12-01,39.24468085106383
2018-12-02,40.398936170212764
2018-12-03,87.72340425531915
2018-12-04,96.95744680851064
2018-12-05,90.03191489361703
2018-12-06,94.64893617021276
2018-12-07,88.87765957446808
2018-12-08,40.398936170212764
2018-12-09,42.70744680851064
2018-12-10,96.95744680851064
2018-12-11,99.26595744680851
2018-12-12,115.42553191489363
2018-12-13,98.11170212765958
2018-12-14,91.18617021276596
2018-12-15,36.93617021276596
2018-12-16,42.70744680851064
2018-12-17,75.02659574468085
2018-12-18,68.10106382978724
2018-12-19,83.1063829787234
2018-12-20,81.95212765957447
2018-12-21,61.17553191489362
2018-12-22,36.93617021276596
2018-12-23,16.159574468085108
2018-12-24,27.70212765957447
2018-12-25,33.47340425531915
2018-12-26,57.71276595744681
2018-12-27,50.787234042553195
2018-12-28,55.40425531914894
2018-12-29,33.47340425531915
2018-12-30,27.70212765957447
2018-12-31,42.70744680851064
2019-01-01,32.44186046511628
2019-01-02,69.68992248062015
2019-01-03,84.10852713178294
2019-01-04,75.69767441860465
2019-01-05,32.44186046511628
2019-01-06,22.829457364341085
2019-01-07,86.51162790697674
2019-01-08,85.31007751937985
2019-01-09,74.49612403100775
2019-01-10,80.50387596899225
2019-01-11,120.15503875968992
2019-01-12,42.05426356589147
2019-01-13,42.05426356589147
2019-01-14,90.11627906976743
2019-01-15,90.11627906976743
2019-01-16,88.91472868217053
2019-01-17,88.91472868217053
2019-01-18,69.68992248062015
2019-01-19,33.643410852713174
2019-01-20,42.05426356589147
2019-01-21,62.48062015503876
2019-01-22,78.10077519379844
2019-01-23,84.10852713178294
2019-01-24,87.71317829457364
2019-01-25,90.11627906976743
2019-01-26,31.24031007751938
2019-01-27,38.44961240310077
2019-01-28,97.32558139534883
2019-01-29,92.51937984496124
2019-01-30,85.31007751937985
2019-01-31,70.89147286821705
2019-02-01,73.12347641759406
2019-02-02,53.70005299417064
2019-02-03,41.13195548489666
2019-02-04,78.8362480127186
2019-02-05,92.54689984101749
2019-02-06,79.97880233174351
2019-02-07,79.97880233174351
2019-02-08,74.26603073661897
2019-02-09,42.27450980392157
2019-02-10,46.844727080021194
2019-02-11,90.26179120296767
2019-02-12,95.97456279809221
2019-02-13,114.25543190249073
2019-02-14,101.68733439321674
2019-02-15,94.8320084790673
2019-02-16,49.129835718071014
2019-02-17,37.70429252782194
2019-02-18,70.83836777954424
2019-02-19,90.26179120296767
2019-02-20,82.26391096979332
2019-02-21,95.97456279809221
2019-02-22,91.40434552199258
2019-02-23,47.987281399046104
2019-02-24,55.98516163222045
2019-02-25,74.26603073661897
2019-02-26,105.11499735029146
2019-02-27,100.54478007419183
2019-02-28,94.8320084790673
2019-03-01,87.42289719626169
2019-03-02,42.168691588785045
2019-03-03,47.311214953271026
2019-03-04,88.45140186915889
2019-03-05,85.36588785046729
2019-03-06,102.85046728971963
2019-03-07,77.13785046728972
2019-03-08,80.2233644859813
2019-03-09,44.22570093457944
2019-03-10,42.168691588785045
2019-03-11,80.2233644859813
2019-03-12,99.76495327102803
2019-03-13,79.19485981308411
2019-03-14,81.2518691588785
2019-03-15,74.05233644859813
2019-03-16,32.91214953271028
2019-03-17,43.197196261682244
2019-03-18,95.65093457943925
2019-03-19,90.50841121495327
2019-03-20,95.65093457943925
2019-03-21,77.13785046728972
2019-03-22,80.2233644859813
2019-03-23,30.85514018691589
2019-03-24,47.311214953271026
2019-03-25,81.2518691588785
2019-03-26,78.16635514018692
2019-03-27,80.2233644859813
2019-03-28,93.59392523364487
2019-03-29,73.02383177570094
2019-03-30,38.05467289719626
2019-03-31,51.425233644859816
2019-04-01,76.94764397905759
2019-04-02,83.63874345549738
2019-04-03,92.56020942408377
2019-04-04,79.17801047120419
2019-04-05,61.33507853403142
2019-04-06,44.60732984293194
2019-04-07,34.57068062827225
2019-04-08,94.79057591623037
2019-04-09,101.48167539267016
2019-04-10,111.51832460732984
2019-04-11,79.17801047120419
2019-04-12,75.83246073298429
2019-04-13,37.916230366492144
2019-04-14,39.031413612565444
2019-04-15,82.52356020942409
2019-04-16,91.44502617801047
2019-04-17,79.17801047120419
2019-04-18,72.4869109947644
2019-04-19,49.068062827225134
2019-04-20,35.68586387434555
2019-04-21,34.57068062827225
2019-04-22,92.56020942408377
2019-04-23,90.32984293193718
2019-04-24,94.79057591623037
2019-04-25,85.86910994764398
2019-04-26,72.4869109947644
2019-04-27,31.225130890052355
2019-04-28,35.68586387434555
2019-04-29,78.06282722513089
2019-04-30,91.44502617801047
2019-05-01,92.261105092091
2019-05-02,91.13596966413867
2019-05-03,81.00975081256772
2019-05-04,39.37973997833153
2019-05-05,41.63001083423619
2019-05-06,86.63542795232937
2019-05-07,97.88678223185265
2019-05-08,91.13596966413867
2019-05-09,82.13488624052005
2019-05-10,92.261105092091
2019-05-11,38.2546045503792
2019-05-12,38.2546045503792
2019-05-13,94.51137594799566
2019-05-14,108.01300108342362
2019-05-15,112.51354279523294
2019-05-16,85.51029252437704
2019-05-17,56.25677139761647
2019-05-18,31.50379198266522
2019-05-19,25.878114842903575
2019-05-20,64.13271939328277
2019-05-21,74.25893824485374
2019-05-22,70.88353196099675
2019-05-23,82.13488624052005
2019-05-24,61.88244853737812
2019-05-25,21.37757313109426
2019-05-26,22.50270855904659
2019-05-27,30.378656554712894
2019-05-28,75.38407367280607
2019-05-29,70.88353196099675
2019-05-30,66.38299024918743
2019-05-31,50.63109425785482
2019-06-01,27.10828025477707
2019-06-02,30.4968152866242
2019-06-03,65.51167728237792
2019-06-04,71.1592356687898
2019-06-05,67.77070063694268
2019-06-06,60.9936305732484
2019-06-07,62.12314225053078
2019-06-08,29.367303609341825
2019-06-09,36.14437367303609
2019-06-10,58.73460721868365
2019-06-11,67.77070063694268
2019-06-12,112.95116772823779
2019-06-13,73.41825902335457
2019-06-14,53.08704883227176
2019-06-15,35.01486199575371
2019-06-16,37.27388535031847
2019-06-17,62.12314225053078
2019-06-18,62.12314225053078
2019-06-19,64.38216560509554
2019-06-20,64.38216560509554
2019-06-21,54.21656050955414
2019-06-22,29.367303609341825
2019-06-23,42.92144373673036
2019-06-24,60.9936305732484
2019-06-25,71.1592356687898
2019-06-26,67.77070063694268
2019-06-27,70.02972399150742
2019-06-28,57.60509554140127
