Date,Gold
2013-01-01,51.48911798396334
2013-01-02,67.96563573883161
2013-01-03,67.96563573883161
2013-01-04,67.96563573883161
2013-01-05,67.2791141657121
2013-01-06,50.11607483772432
2013-01-07,61.78694158075601
2013-01-08,59.727376861397474
2013-01-09,63.84650630011454
2013-01-10,56.981290568919434
2013-01-11,58.354333715158454
2013-01-12,54.9217258495609
2013-01-13,47.36998854524627
2013-01-14,60.41389843451699
2013-01-15,55.60824742268041
2013-01-16,56.981290568919434
2013-01-17,63.84650630011454
2013-01-18,68.65215731195113
2013-01-19,59.727376861397474
2013-01-20,38.44520809469263
2013-01-21,50.80259641084383
2013-01-22,54.23520427644139
2013-01-23,53.54868270332187
2013-01-24,52.86216113020237
2013-01-25,63.84650630011454
2013-01-26,62.47346315387552
2013-01-27,51.48911798396334
2013-01-28,59.04085528827797
2013-01-29,55.60824742268041
2013-01-30,54.9217258495609
2013-01-31,59.727376861397474
2013-02-01,56.649104320337194
2013-02-02,55.763962065331924
2013-02-03,50.453108535300316
2013-02-04,47.797681770284505
2013-02-05,53.99367755532139
2013-02-06,53.10853530031612
2013-02-07,46.91253951527924
2013-02-08,48.682824025289776
2013-02-09,50.453108535300316
2013-02-10,45.1422550052687
2013-02-11,58.419388830347735
2013-02-12,57.534246575342465
2013-02-13,53.99367755532139
2013-02-14,53.99367755532139
2013-02-15,77.89251844046365
2013-02-16,59.304531085353
2013-02-17,40.71654373024236
2013-02-18,56.649104320337194
2013-02-19,69.04109589041096
2013-02-20,77.89251844046365
2013-02-21,88.51422550052686
2013-02-22,76.1222339304531
2013-02-23,79.66280295047417
2013-02-24,55.763962065331924
2013-02-25,64.61538461538461
2013-02-26,67.27081138040042
2013-02-27,65.50052687038988
2013-02-28,68.15595363540568
2013-03-01,64.81262327416172
2013-03-02,51.20197238658777
2013-03-03,48.6094674556213
2013-03-04,59.62761341222879
2013-03-05,62.86824457593688
2013-03-06,58.331360946745555
2013-03-07,55.738856015779085
2013-03-08,57.68323471400394
2013-03-09,50.55384615384615
2013-03-10,40.18382642998027
2013-03-11,56.3869822485207
2013-03-12,53.79447731755423
2013-03-13,57.68323471400394
2013-03-14,53.146351084812615
2013-03-15,52.498224852071
2013-03-16,46.66508875739645
2013-03-17,43.42445759368836
2013-03-18,64.81262327416172
2013-03-19,58.331360946745555
2013-03-20,57.68323471400394
2013-03-21,58.97948717948717
2013-03-22,53.79447731755423
2013-03-23,49.25759368836292
2013-03-24,40.18382642998027
2013-03-25,57.68323471400394
2013-03-26,50.55384615384615
2013-03-27,52.498224852071
2013-03-28,56.3869822485207
2013-03-29,47.96134122287968
2013-03-30,42.128205128205124
2013-03-31,39.535700197238654
2013-04-01,51.93482688391039
2013-04-02,64.15478615071284
2013-04-03,67.20977596741345
2013-04-04,73.31975560081466
2013-04-05,73.31975560081466
2013-04-06,48.87983706720978
2013-04-07,42.76985743380855
2013-04-08,58.04480651731161
2013-04-09,54.989816700611
2013-04-10,61.099796334012225
2013-04-11,64.15478615071284
2013-04-12,100.81466395112017
2013-04-13,88.59470468431772
2013-04-14,70.26476578411406
2013-04-15,305.4989816700611
2013-04-16,305.4989816700611
2013-04-17,207.73930753564156
2013-04-18,164.969450101833
2013-04-19,137.4745417515275
2013-04-20,85.5397148676171
2013-04-21,73.31975560081466
2013-04-22,109.979633401222
2013-04-23,103.86965376782078
2013-04-24,97.75967413441956
2013-04-25,100.81466395112017
2013-04-26,97.75967413441956
2013-04-27,70.26476578411406
2013-04-28,61.099796334012225
2013-04-29,79.42973523421588
2013-04-30,79.42973523421588
2013-05-01,80.39028620988725
2013-05-02,72.52601908065915
2013-05-03,72.52601908065915
2013-05-04,55.923677363399825
2013-05-05,51.55464006938421
2013-05-06,65.53555941023417
2013-05-07,64.66175195143104
2013-05-08,65.53555941023417
2013-05-09,61.16652211621856
2013-05-10,63.78794449262793
2013-05-11,50.68083261058109
2013-05-12,48.93321769297485
2013-05-13,69.03078924544666
2013-05-14,68.15698178664354
2013-05-15,76.02124891587164
2013-05-16,81.26409366869036
2013-05-17,84.75932350390286
2013-05-18,69.03078924544666
2013-05-19,50.68083261058109
2013-05-20,87.38074588031223
2013-05-21,76.02124891587164
2013-05-22,70.7784041630529
2013-05-23,71.65221162185603
2013-05-24,63.78794449262793
2013-05-25,53.302254986990455
2013-05-26,48.05941023417172
2013-05-27,48.93321769297485
2013-05-28,63.78794449262793
2013-05-29,58.545099739809196
2013-05-30,55.923677363399825
2013-05-31,64.66175195143104
2013-06-01,44.13649851632048
2013-06-02,39.36498516320475
2013-06-03,58.45103857566766
2013-06-04,59.64391691394659
2013-06-05,58.45103857566766
2013-06-06,59.64391691394659
2013-06-07,62.02967359050446
2013-06-08,59.64391691394659
2013-06-09,45.32937685459941
2013-06-10,57.25816023738873
2013-06-11,60.83679525222553
2013-06-12,53.67952522255193
2013-06-13,60.83679525222553
2013-06-14,50.10089020771514
2013-06-15,46.52225519287834
2013-06-16,35.78635014836796
2013-06-17,56.0652818991098
2013-06-18,51.29376854599407
2013-06-19,57.25816023738873
2013-06-20,112.1305637982196
2013-06-21,108.5519287833828
2013-06-22,70.37982195845699
2013-06-23,53.67952522255193
2013-06-24,78.7299703264095
2013-06-25,79.92284866468843
2013-06-26,114.51632047477746
2013-06-27,115.70919881305639
2013-06-28,119.28783382789318
2013-06-29,84.69436201780417
2013-06-30,56.0652818991098
2013-07-01,84.28417421302285
2013-07-02,86.89090125053902
2013-07-03,72.98835705045278
2013-07-04,59.08581285036654
2013-07-05,77.33290211297972
2013-07-06,63.430357912893484
2013-07-07,56.479085812850364
2013-07-08,75.59508408796894
2013-07-09,76.46399310047434
2013-07-10,68.64381198792583
2013-07-11,80.80853816300129
2013-07-12,70.38163001293661
2013-07-13,53.87235877533419
2013-07-14,50.396722725312635
2013-07-15,61.6925398878827
2013-07-16,65.16817593790427
2013-07-17,60.82363087537731
2013-07-18,69.51272100043121
2013-07-19,62.56144890038809
2013-07-20,53.0034497628288
2013-07-21,45.18326865028029
2013-07-22,68.64381198792583
2013-07-23,72.1194480379474
2013-07-24,73.85726606295817
2013-07-25,59.95472186287193
2013-07-26,62.56144890038809
2013-07-27,48.65890470030185
2013-07-28,48.65890470030185
2013-07-29,63.430357912893484
2013-07-30,64.29926692539888
2013-07-31,58.216903837861146
2013-08-01,60.98743718592965
2013-08-02,62.493299832495815
2013-08-03,48.187604690117254
2013-08-04,46.68174204355109
2013-08-05,58.72864321608041
2013-08-06,55.71691792294808
2013-08-07,60.23450586264657
2013-08-08,51.95226130653266
2013-08-09,55.71691792294808
2013-08-10,45.175879396984925
2013-08-11,37.6465661641541
2013-08-12,56.469849246231156
2013-08-13,54.21105527638191
2013-08-14,59.481574539363486
2013-08-15,67.76381909547739
2013-08-16,66.25795644891123
2013-08-17,56.469849246231156
2013-08-18,45.175879396984925
2013-08-19,59.481574539363486
2013-08-20,60.23450586264657
2013-08-21,63.99916247906198
2013-08-22,65.50502512562814
2013-08-23,63.99916247906198
2013-08-24,63.99916247906198
2013-08-25,46.68174204355109
2013-08-26,58.72864321608041
2013-08-27,68.51675041876047
2013-08-28,75.2931323283082
2013-08-29,70.77554438860972
2013-08-30,62.493299832495815
2013-08-31,48.94053601340033
2013-09-01,39.735099337748345
2013-09-02,47.01986754966888
2013-09-03,62.913907284768214
2013-09-04,52.31788079470199
2013-09-05,51.65562913907285
2013-09-06,50.993377483443716
2013-09-07,41.05960264900663
2013-09-08,36.42384105960265
2013-09-09,49.0066225165563
2013-09-10,49.0066225165563
2013-09-11,52.31788079470199
2013-09-12,56.95364238410596
2013-09-13,58.278145695364245
2013-09-14,42.384105960264904
2013-09-15,37.08609271523179
2013-09-16,53.64238410596027
2013-09-17,48.34437086092716
2013-09-18,62.913907284768214
2013-09-19,66.22516556291392
2013-09-20,60.9271523178808
2013-09-21,45.6953642384106
2013-09-22,34.437086092715234
2013-09-23,55.629139072847686
2013-09-24,54.30463576158941
2013-09-25,49.0066225165563
2013-09-26,52.980132450331126
2013-09-27,51.65562913907285
2013-09-28,44.37086092715232
2013-09-29,36.42384105960265
2013-09-30,56.29139072847683
2013-10-01,64.82376237623762
2013-10-02,62.79801980198019
2013-10-03,60.09702970297029
2013-10-04,56.04554455445544
2013-10-05,45.24158415841584
2013-10-06,35.78811881188118
2013-10-07,54.01980198019801
2013-10-08,56.04554455445544
2013-10-09,55.37029702970297
2013-10-10,55.37029702970297
2013-10-11,65.49900990099009
2013-10-12,51.99405940594059
2013-10-13,41.19009900990098
2013-10-14,64.14851485148515
2013-10-15,67.52475247524752
2013-10-16,62.79801980198019
2013-10-17,66.17425742574257
2013-10-18,66.84950495049505
2013-10-19,50.64356435643564
2013-10-20,42.54059405940593
2013-10-21,49.96831683168316
2013-10-22,53.34455445544554
2013-10-23,58.74653465346534
2013-10-24,54.69504950495049
2013-10-25,58.74653465346534
2013-10-26,55.37029702970297
2013-10-27,41.19009900990098
2013-10-28,45.91683168316831
2013-10-29,49.96831683168316
2013-10-30,54.69504950495049
2013-10-31,57.39603960396039
2013-11-01,64.90696668109044
2013-11-02,49.32929467762873
2013-11-03,40.24231934227607
2013-11-04,49.97836434443964
2013-11-05,49.97836434443964
2013-11-06,48.68022501081783
2013-11-07,49.97836434443964
2013-11-08,53.87278234530506
2013-11-09,53.87278234530506
2013-11-10,36.99697100822155
2013-11-11,49.97836434443964
2013-11-12,51.92557334487235
2013-11-13,55.170921678926874
2013-11-14,49.97836434443964
2013-11-15,51.276503678061445
2013-11-16,44.7858070099524
2013-11-17,39.59324967546517
2013-11-18,49.32929467762873
2013-11-19,49.97836434443964
2013-11-20,60.36347901341411
2013-11-21,59.714409346603205
2013-11-22,60.36347901341411
2013-11-23,44.7858070099524
2013-11-24,42.83859800951969
2013-11-25,54.52185201211597
2013-11-26,53.87278234530506
2013-11-27,48.68022501081783
2013-11-28,41.54045867589788
2013-11-29,54.52185201211597
2013-11-30,38.944180008654264
2013-12-01,35.387867647058826
2013-12-02,54.62040441176471
2013-12-03,57.69761029411765
2013-12-04,51.54319852941177
2013-12-05,53.08180147058824
2013-12-06,53.08180147058824
2013-12-07,53.08180147058824
2013-12-08,36.157169117647065
2013-12-09,52.31250000000001
2013-12-10,47.696691176470594
2013-12-11,52.31250000000001
2013-12-12,56.15900735294118
2013-12-13,55.38970588235295
2013-12-14,49.235294117647065
2013-12-15,40.77297794117648
2013-12-16,50.773897058823536
2013-12-17,50.0045955882353
2013-12-18,58.46691176470589
2013-12-19,76.93014705882354
2013-12-20,74.62224264705883
2013-12-21,56.92830882352942
2013-12-22,44.61948529411765
2013-12-23,56.15900735294118
2013-12-24,62.313419117647065
2013-12-25,47.696691176470594
2013-12-26,63.852022058823536
2013-12-27,60.774816176470594
2013-12-28,53.85110294117648
2013-12-29,47.696691176470594
2013-12-30,56.15900735294118
2013-12-31,64.62132352941177
2014-01-01,51.60175879396985
2014-01-02,68.80234505862647
2014-01-03,61.234087102177554
2014-01-04,52.97780569514238
2014-01-05,43.345477386934675
2014-01-06,57.79396984924623
2014-01-07,55.04187604690117
2014-01-08,51.60175879396985
2014-01-09,54.35385259631491
2014-01-10,52.289782244556115
2014-01-11,54.35385259631491
2014-01-12,41.969430485762146
2014-01-13,57.79396984924623
2014-01-14,54.35385259631491
2014-01-15,56.4179229480737
2014-01-16,52.97780569514238
2014-01-17,55.72989949748744
2014-01-18,51.60175879396985
2014-01-19,45.40954773869347
2014-01-20,47.47361809045226
2014-01-21,57.10594639865997
2014-01-22,47.47361809045226
2014-01-23,52.289782244556115
2014-01-24,55.72989949748744
2014-01-25,57.79396984924623
2014-01-26,48.84966499162479
2014-01-27,54.35385259631491
2014-01-28,50.913735343383586
2014-01-29,48.84966499162479
2014-01-30,50.22571189279732
2014-01-31,52.289782244556115
2014-02-01,54.02684563758389
2014-02-02,31.711409395973153
2014-02-03,46.97986577181208
2014-02-04,46.39261744966443
2014-02-05,42.86912751677852
2014-02-06,46.97986577181208
2014-02-07,45.80536912751678
2014-02-08,45.80536912751678
2014-02-09,40.52013422818792
2014-02-10,47.56711409395973
2014-02-11,53.43959731543624
2014-02-12,55.788590604026844
2014-02-13,46.97986577181208
2014-02-14,52.85234899328859
2014-02-15,53.43959731543624
2014-02-16,46.97986577181208
2014-02-17,58.13758389261745
2014-02-18,58.13758389261745
2014-02-19,54.61409395973154
2014-02-20,50.50335570469799
2014-02-21,48.15436241610738
2014-02-22,50.50335570469799
2014-02-23,48.741610738255034
2014-02-24,54.61409395973154
2014-02-25,55.788590604026844
2014-02-26,58.7248322147651
2014-02-27,52.265100671140935
2014-02-28,51.677852348993284
2014-03-01,58.445783132530124
2014-03-02,47.22891566265061
2014-03-03,57.265060240963855
2014-03-04,59.036144578313255
2014-03-05,53.72289156626506
2014-03-06,48.40963855421687
2014-03-07,53.72289156626506
2014-03-08,45.45783132530121
2014-03-09,34.83132530120482
2014-03-10,44.867469879518076
2014-03-11,46.63855421686747
2014-03-12,53.72289156626506
2014-03-13,49.0
2014-03-14,53.13253012048193
2014-03-15,45.45783132530121
2014-03-16,39.55421686746988
2014-03-17,46.04819277108434
2014-03-18,48.40963855421687
2014-03-19,49.0
2014-03-20,49.59036144578313
2014-03-21,47.81927710843374
2014-03-22,37.19277108433735
2014-03-23,42.506024096385545
2014-03-24,53.13253012048193
2014-03-25,50.18072289156627
2014-03-26,51.36144578313253
2014-03-27,54.903614457831324
2014-03-28,53.13253012048193
2014-03-29,49.59036144578313
2014-03-30,47.81927710843374
2014-03-31,47.81927710843374
2014-04-01,48.20512820512821
2014-04-02,46.15384615384616
2014-04-03,49.74358974358975
2014-04-04,49.23076923076924
2014-04-05,40.51282051282052
2014-04-06,34.871794871794876
2014-04-07,43.07692307692308
2014-04-08,46.15384615384616
2014-04-09,45.12820512820513
2014-04-10,43.5897435897436
2014-04-11,43.5897435897436
2014-04-12,33.333333333333336
2014-04-13,40.00000000000001
2014-04-14,45.64102564102565
2014-04-15,51.28205128205129
2014-04-16,48.71794871794872
2014-04-17,45.64102564102565
2014-04-18,41.53846153846155
2014-04-19,38.46153846153847
2014-04-20,35.38461538461539
2014-04-21,47.17948717948718
2014-04-22,44.10256410256411
2014-04-23,40.51282051282052
2014-04-24,49.23076923076924
2014-04-25,45.12820512820513
2014-04-26,40.00000000000001
2014-04-27,41.02564102564103
2014-04-28,48.20512820512821
2014-04-29,47.17948717948718
2014-04-30,47.17948717948718
2014-05-01,46.78206239168111
2014-05-02,50.24740034662045
2014-05-03,43.316724436741765
2014-05-04,32.92071057192374
2014-05-05,46.78206239168111
2014-05-06,45.62694974003466
2014-05-07,46.78206239168111
2014-05-08,41.5840554592721
2014-05-09,43.89428076256499
2014-05-10,32.92071057192374
2014-05-11,35.80849220103986
2014-05-12,41.00649913344888
2014-05-13,40.42894280762565
2014-05-14,38.69627383015598
2014-05-15,44.47183708838821
2014-05-16,41.5840554592721
2014-05-17,37.54116117850953
2014-05-18,34.653379549393414
2014-05-19,42.73916811091855
2014-05-20,42.73916811091855
2014-05-21,36.96360485268631
2014-05-22,48.51473136915078
2014-05-23,38.69627383015598
2014-05-24,44.47183708838821
2014-05-25,36.96360485268631
2014-05-26,41.5840554592721
2014-05-27,48.51473136915078
2014-05-28,51.980069324090124
2014-05-29,53.712738301559796
2014-05-30,57.755632582322356
2014-05-31,43.316724436741765
2014-06-01,39.262672811059915
2014-06-02,49.76958525345623
2014-06-03,47.00460829493088
2014-06-04,47.00460829493088
2014-06-05,43.68663594470046
2014-06-06,44.792626728110605
2014-06-07,42.58064516129033
2014-06-08,34.28571428571429
2014-06-09,44.23963133640554
2014-06-10,41.474654377880185
2014-06-11,46.45161290322581
2014-06-12,48.663594470046085
2014-06-13,44.792626728110605
2014-06-14,39.262672811059915
2014-06-15,31.520737327188943
2014-06-16,45.34562211981567
2014-06-17,45.89861751152074
2014-06-18,45.89861751152074
2014-06-19,53.64055299539171
2014-06-20,55.29953917050692
2014-06-21,47.55760368663595
2014-06-22,39.81566820276498
2014-06-23,47.55760368663595
2014-06-24,51.981566820276505
2014-06-25,48.11059907834102
2014-06-26,44.23963133640554
2014-06-27,45.89861751152074
2014-06-28,34.83870967741936
2014-06-29,29.308755760368665
2014-06-30,39.81566820276498
2014-07-01,47.238696537678216
2014-07-02,40.72301425661915
2014-07-03,44.52382892057027
2014-07-04,34.750305498981675
2014-07-05,32.57841140529532
2014-07-06,36.37922606924644
2014-07-07,41.26598778004074
2014-07-08,41.26598778004074
2014-07-09,43.43788187372709
2014-07-10,47.7816700610998
2014-07-11,43.43788187372709
2014-07-12,39.63706720977597
2014-07-13,39.094093686354384
2014-07-14,54.29735234215887
2014-07-15,46.69572301425663
2014-07-16,45.60977596741345
2014-07-17,49.41059063136457
2014-07-18,44.52382892057027
2014-07-19,43.98085539714868
2014-07-20,38.5511201629328
2014-07-21,43.98085539714868
2014-07-22,46.69572301425663
2014-07-23,41.26598778004074
2014-07-24,47.238696537678216
2014-07-25,46.69572301425663
2014-07-26,45.60977596741345
2014-07-27,34.20733197556009
2014-07-28,46.69572301425663
2014-07-29,37.465173116089616
2014-07-30,41.808961303462326
2014-07-31,46.152749490835035
2014-08-01,45.78313253012048
2014-08-02,36.16867469879518
2014-08-03,33.87951807228915
2014-08-04,41.662650602409634
2014-08-05,40.28915662650602
2014-08-06,44.86746987951807
2014-08-07,36.626506024096386
2014-08-08,44.40963855421686
2014-08-09,39.373493975903614
2014-08-10,28.843373493975903
2014-08-11,45.325301204819276
2014-08-12,35.25301204819277
2014-08-13,32.50602409638554
2014-08-14,36.626506024096386
2014-08-15,40.74698795180723
2014-08-16,38.0
2014-08-17,29.75903614457831
2014-08-18,37.54216867469879
2014-08-19,35.25301204819277
2014-08-20,37.084337349397586
2014-08-21,44.40963855421686
2014-08-22,40.28915662650602
2014-08-23,42.12048192771084
2014-08-24,33.42168674698795
2014-08-25,34.795180722891565
2014-08-26,40.74698795180723
2014-08-27,38.0
2014-08-28,38.4578313253012
2014-08-29,37.54216867469879
2014-08-30,35.25301204819277
2014-08-31,32.963855421686745
2014-09-01,33.241895261845386
2014-09-02,45.03740648379053
2014-09-03,42.356608478803
2014-09-04,36.45885286783042
2014-09-05,41.28428927680798
2014-09-06,35.92269326683292
2014-09-07,28.41645885286783
2014-09-08,40.748129675810475
2014-09-09,35.386533665835415
2014-09-10,43.96508728179551
2014-09-11,41.28428927680798
2014-09-12,52.00748129675811
2014-09-13,39.67581047381546
2014-09-14,37.53117206982544
2014-09-15,41.28428927680798
2014-09-16,40.748129675810475
2014-09-17,41.82044887780549
2014-09-18,46.64588528678304
2014-09-19,48.79052369077307
2014-09-20,43.96508728179551
2014-09-21,45.03740648379053
2014-09-22,52.00748129675811
2014-09-23,53.61596009975062
2014-09-24,53.61596009975062
2014-09-25,52.543640897755616
2014-09-26,49.32668329177058
2014-09-27,41.28428927680798
2014-09-28,39.13965087281796
2014-09-29,39.67581047381546
2014-09-30,47.18204488778055
2014-10-01,44.007393715341955
2014-10-02,46.07024029574861
2014-10-03,51.571164510166355
2014-10-04,46.07024029574861
2014-10-05,44.007393715341955
2014-10-06,46.75785582255083
2014-10-07,49.5083179297597
2014-10-08,46.75785582255083
2014-10-09,54.32162661737522
2014-10-10,55.69685767097966
2014-10-11,44.007393715341955
2014-10-12,34.380776340110906
2014-10-13,49.5083179297597
2014-10-14,50.19593345656192
2014-10-15,58.447319778188536
2014-10-16,54.32162661737522
2014-10-17,47.44547134935304
2014-10-18,51.571164510166355
2014-10-19,39.88170055452865
2014-10-20,51.571164510166355
2014-10-21,48.13308687615526
2014-10-22,46.75785582255083
2014-10-23,44.007393715341955
2014-10-24,46.75785582255083
2014-10-25,46.07024029574861
2014-10-26,36.443622920517555
2014-10-27,46.07024029574861
2014-10-28,38.50646950092421
2014-10-29,44.695009242144174
2014-10-30,55.69685767097966
2014-10-31,68.76155268022181
2014-11-01,63.062050359712224
2014-11-02,45.256294964028775
2014-11-03,66.0296762589928
2014-11-04,60.836330935251794
2014-11-05,68.99730215827337
2014-11-06,74.19064748201438
2014-11-07,69.73920863309353
2014-11-08,61.578237410071935
2014-11-09,49.707733812949634
2014-11-10,58.610611510791365
2014-11-11,61.578237410071935
2014-11-12,59.352517985611506
2014-11-13,52.67535971223021
2014-11-14,52.67535971223021
2014-11-15,56.38489208633093
2014-11-16,40.06294964028777
2014-11-17,54.1591726618705
2014-11-18,58.610611510791365
2014-11-19,52.67535971223021
2014-11-20,46.740107913669064
2014-11-21,57.86870503597122
2014-11-22,48.223920863309345
2014-11-23,38.57913669064748
2014-11-24,48.96582733812949
2014-11-25,46.740107913669064
2014-11-26,51.93345323741007
2014-11-27,38.57913669064748
2014-11-28,53.41726618705036
2014-11-29,60.09442446043165
2014-11-30,52.67535971223021
2014-12-01,72.1575649059982
2014-12-02,57.72605192479857
2014-12-03,47.623992837958816
2014-12-04,49.78871978513876
2014-12-05,44.01611459265891
2014-12-06,52.67502238137869
2014-12-07,45.45926589077887
2014-12-08,58.44762757385855
2014-12-09,51.95344673231871
2014-12-10,51.231871083258724
2014-12-11,49.78871978513876
2014-12-12,46.18084153983885
2014-12-13,51.231871083258724
2014-12-14,42.572963294538944
2014-12-15,54.83974932855864
2014-12-16,60.61235452103849
2014-12-17,51.95344673231871
2014-12-18,58.44762757385855
2014-12-19,49.06714413607878
2014-12-20,51.231871083258724
2014-12-21,39.686660698299015
2014-12-22,52.67502238137869
2014-12-23,58.44762757385855
2014-12-24,51.231871083258724
2014-12-25,47.623992837958816
2014-12-26,59.169203222918526
2014-12-27,51.231871083258724
2014-12-28,41.12981199641898
2014-12-29,50.510295434198746
2014-12-30,59.169203222918526
2014-12-31,54.11817367949865
2015-01-01,49.96257309941521
2015-01-02,56.36803118908382
2015-01-03,51.243664717348935
2015-01-04,42.27602339181287
2015-01-05,55.086939571150104
2015-01-06,56.36803118908382
2015-01-07,51.88421052631579
2015-01-08,50.60311890838207
2015-01-09,49.96257309941521
2015-01-10,49.96257309941521
2015-01-11,42.27602339181287
2015-01-12,47.40038986354776
2015-01-13,50.60311890838207
2015-01-14,51.88421052631579
2015-01-15,59.57076023391813
2015-01-16,61.49239766081872
2015-01-17,49.96257309941521
2015-01-18,46.7598440545809
2015-01-19,48.04093567251462
2015-01-20,64.05458089668616
2015-01-21,60.851851851851855
2015-01-22,58.28966861598441
2015-01-23,60.851851851851855
2015-01-24,55.086939571150104
2015-01-25,44.19766081871345
2015-01-26,55.086939571150104
2015-01-27,53.165302144249516
2015-01-28,53.165302144249516
2015-01-29,57.64912280701755
2015-01-30,57.64912280701755
2015-01-31,51.243664717348935
2015-02-01,46.09019607843137
2015-02-02,43.56470588235294
2015-02-03,45.45882352941176
2015-02-04,47.35294117647059
2015-02-05,44.19607843137255
2015-02-06,46.72156862745098
2015-02-07,48.615686274509805
2015-02-08,35.35686274509804
2015-02-09,43.56470588235294
2015-02-10,44.82745098039216
2015-02-11,47.984313725490196
2015-02-12,47.984313725490196
2015-02-13,46.09019607843137
2015-02-14,47.35294117647059
2015-02-15,37.88235294117647
2015-02-16,41.03921568627451
2015-02-17,44.82745098039216
2015-02-18,51.141176470588235
2015-02-19,45.45882352941176
2015-02-20,43.56470588235294
2015-02-21,41.03921568627451
2015-02-22,37.25098039215686
2015-02-23,47.35294117647059
2015-02-24,46.72156862745098
2015-02-25,49.24705882352941
2015-02-26,45.45882352941176
2015-02-27,63.13725490196078
2015-02-28,58.71764705882353
2015-03-01,49.7668795620438
2015-03-02,51.20939781021898
2015-03-03,46.88184306569343
2015-03-04,46.88184306569343
2015-03-05,43.27554744525548
2015-03-06,55.53695255474453
2015-03-07,72.12591240875913
2015-03-08,45.439324817518255
2015-03-09,51.930656934306576
2015-03-10,55.53695255474453
2015-03-11,57.7007299270073
2015-03-12,49.7668795620438
2015-03-13,61.307025547445264
2015-03-14,52.651916058394164
2015-03-15,43.27554744525548
2015-03-16,56.979470802919714
2015-03-17,55.53695255474453
2015-03-18,52.651916058394164
2015-03-19,53.37317518248176
2015-03-20,49.7668795620438
2015-03-21,46.88184306569343
2015-03-22,43.27554744525548
2015-03-23,51.20939781021898
2015-03-24,53.37317518248176
2015-03-25,43.99680656934307
2015-03-26,48.324361313868614
2015-03-27,46.88184306569343
2015-03-28,43.99680656934307
2015-03-29,43.27554744525548
2015-03-30,49.7668795620438
2015-03-31,58.4219890510949
2015-04-01,50.23996852871754
2015-04-02,44.15027537372148
2015-04-03,48.71754523996853
2015-04-04,49.22501966955153
2015-04-05,34.508261211644374
2015-04-06,44.65774980330448
2015-04-07,44.15027537372148
2015-04-08,42.62785208497246
2015-04-09,41.10542879622344
2015-04-10,44.65774980330448
2015-04-11,37.0456333595594
2015-04-12,36.03068450039339
2015-04-13,39.583005507474425
2015-04-14,35.523210070810386
2015-04-15,42.62785208497246
2015-04-16,41.10542879622344
2015-04-17,42.120377655389454
2015-04-18,38.06058221872541
2015-04-19,35.01573564122738
2015-04-20,42.120377655389454
2015-04-21,44.65774980330448
2015-04-22,43.135326514555466
2015-04-23,40.09047993705743
2015-04-24,49.22501966955153
2015-04-25,44.15027537372148
2015-04-26,42.62785208497246
2015-04-27,46.1801730920535
2015-04-28,46.1801730920535
2015-04-29,50.747442958300546
2015-04-30,49.732494099134534
2015-05-01,41.891891891891895
2015-05-02,44.21921921921922
2015-05-03,35.84084084084084
2015-05-04,38.168168168168165
2015-05-05,43.753753753753756
2015-05-06,46.546546546546544
2015-05-07,36.771771771771775
2015-05-08,39.56456456456456
2015-05-09,38.633633633633636
2015-05-10,35.84084084084084
2015-05-11,39.0990990990991
2015-05-12,39.0990990990991
2015-05-13,42.82282282282282
2015-05-14,46.546546546546544
2015-05-15,42.82282282282282
2015-05-16,40.96096096096096
2015-05-17,39.56456456456456
2015-05-18,37.7027027027027
2015-05-19,40.96096096096096
2015-05-20,40.96096096096096
2015-05-21,37.7027027027027
2015-05-22,45.61561561561562
2015-05-23,28.85885885885886
2015-05-24,33.97897897897898
2015-05-25,35.37537537537538
2015-05-26,44.21921921921922
2015-05-27,40.030030030030034
2015-05-28,44.68468468468468
2015-05-29,40.96096096096096
2015-05-30,39.0990990990991
2015-05-31,37.7027027027027
2015-06-01,40.64965197215778
2015-06-02,36.19489559164734
2015-06-03,37.865429234338755
2015-06-04,38.42227378190256
2015-06-05,42.320185614849194
2015-06-06,33.41067285382831
2015-06-07,37.30858468677495
2015-06-08,41.76334106728539
2015-06-09,37.865429234338755
2015-06-10,32.2969837587007
2015-06-11,40.64965197215778
2015-06-12,40.09280742459397
2015-06-13,36.751740139211144
2015-06-14,37.865429234338755
2015-06-15,35.08120649651973
2015-06-16,40.64965197215778
2015-06-17,37.30858468677495
2015-06-18,42.877030162413
2015-06-19,41.20649651972158
2015-06-20,39.535962877030165
2015-06-21,34.52436194895592
2015-06-22,37.865429234338755
2015-06-23,42.877030162413
2015-06-24,41.20649651972158
2015-06-25,42.320185614849194
2015-06-26,47.33178654292344
2015-06-27,36.19489559164734
2015-06-28,44.54756380510442
2015-06-29,55.68445475638052
2015-06-30,47.33178654292344
2015-07-01,52.961275626423685
2015-07-02,44.4874715261959
2015-07-03,49.783599088838265
2015-07-04,34.95444191343963
2015-07-05,36.01366742596811
2015-07-06,48.724373576309794
2015-07-07,61.43507972665148
2015-07-08,65.67198177676538
2015-07-09,50.84282460136674
2015-07-10,51.902050113895214
2015-07-11,43.428246013667426
2015-07-12,32.83599088838269
2015-07-13,49.783599088838265
2015-07-14,46.605922551252846
2015-07-15,46.605922551252846
2015-07-16,50.84282460136674
2015-07-17,52.961275626423685
2015-07-18,55.079726651480634
2015-07-19,41.30979498861048
2015-07-20,104.8633257403189
2015-07-21,105.92255125284737
2015-07-22,88.9749430523918
2015-07-23,87.91571753986332
2015-07-24,84.7380410022779
2015-07-25,69.90888382687926
2015-07-26,56.13895216400911
2015-07-27,80.501138952164
2015-07-28,73.08656036446469
2015-07-29,58.25740318906605
2015-07-30,65.67198177676538
2015-07-31,67.79043280182232
2015-08-01,61.92503022974607
2015-08-02,46.44377267230955
2015-08-03,65.24244256348247
2015-08-04,66.34824667472793
2015-08-05,60.8192261185006
2015-08-06,56.39600967351874
2015-08-07,56.39600967351874
2015-08-08,49.76118500604595
2015-08-09,47.54957678355502
2015-08-10,54.18440145102781
2015-08-11,60.8192261185006
2015-08-12,66.34824667472793
2015-08-13,56.39600967351874
2015-08-14,54.18440145102781
2015-08-15,44.23216444981862
2015-08-16,43.12636033857316
2015-08-17,46.44377267230955
2015-08-18,51.97279322853688
2015-08-19,51.97279322853688
2015-08-20,63.03083434099153
2015-08-21,81.82950423216445
2015-08-22,64.136638452237
2015-08-23,54.18440145102781
2015-08-24,110.58041112454656
2015-08-25,89.57013301088271
2015-08-26,67.4540507859734
2015-08-27,61.92503022974607
2015-08-28,54.18440145102781
2015-08-29,44.23216444981862
2015-08-30,46.44377267230955
2015-08-31,50.86698911729141
2015-09-01,53.83973288814692
2015-09-02,47.91736227045076
2015-09-03,48.9941569282137
2015-09-04,47.91736227045076
2015-09-05,39.30300500834725
2015-09-06,36.611018363939905
2015-09-07,40.91819699499166
2015-09-08,39.30300500834725
2015-09-09,47.378964941569286
2015-09-10,40.91819699499166
2015-09-11,45.76377295492488
2015-09-12,42.533388981636065
2015-09-13,36.07262103505843
2015-09-14,39.84140233722872
2015-09-15,40.91819699499166
2015-09-16,45.22537562604341
2015-09-17,40.91819699499166
2015-09-18,46.84056761268782
2015-09-19,40.91819699499166
2015-09-20,30.150250417362273
2015-09-21,38.22621035058431
2015-09-22,44.68697829716194
2015-09-23,44.14858096828047
2015-09-24,48.455759599332225
2015-09-25,46.84056761268782
2015-09-26,43.610183639399004
2015-09-27,36.07262103505843
2015-09-28,44.14858096828047
2015-09-29,44.14858096828047
2015-09-30,47.378964941569286
2015-10-01,42.71031286210892
2015-10-02,43.201235998455005
2015-10-03,38.78292777134029
2015-10-04,31.419080726149094
2015-10-05,43.201235998455005
2015-10-06,49.09231363460796
2015-10-07,43.69215913480108
2015-10-08,39.76477404403245
2015-10-09,42.219389725762845
2015-10-10,36.81923522595597
2015-10-11,28.964465044418695
2015-10-12,42.71031286210892
2015-10-13,42.71031286210892
2015-10-14,47.12862108922364
2015-10-15,41.72846658941677
2015-10-16,48.60139049826188
2015-10-17,44.67400540749324
2015-10-18,33.87369640787949
2015-10-19,43.201235998455005
2015-10-20,41.237543453070685
2015-10-21,36.81923522595597
2015-10-22,35.83738895326381
2015-10-23,39.76477404403245
2015-10-24,42.71031286210892
2015-10-25,38.29200463499421
2015-10-26,43.69215913480108
2015-10-27,45.16492854383932
2015-10-28,39.76477404403245
2015-10-29,39.76477404403245
2015-10-30,44.67400540749324
2015-10-31,38.78292777134029
2015-11-01,33.1628532974428
2015-11-02,37.308209959623156
2015-11-03,39.084791386271874
2015-11-04,40.26917900403769
2015-11-05,40.26917900403769
2015-11-06,47.96769851951548
2015-11-07,38.49259757738896
2015-11-08,37.308209959623156
2015-11-09,53.29744279946165
2015-11-10,52.70524899057874
2015-11-11,45.59892328398385
2015-11-12,45.59892328398385
2015-11-13,48.55989232839839
2015-11-14,42.63795423956932
2015-11-15,37.308209959623156
2015-11-16,45.00672947510095
2015-11-17,45.59892328398385
2015-11-18,48.55989232839839
2015-11-19,44.414535666218036
2015-11-20,42.63795423956932
2015-11-21,40.86137281292059
2015-11-22,32.5706594885599
2015-11-23,47.375504710632576
2015-11-24,45.59892328398385
2015-11-25,43.23014804845222
2015-11-26,37.90040376850606
2015-11-27,48.55989232839839
2015-11-28,59.219380888290715
2015-11-29,46.783310901749665
2015-11-30,52.113055181695835
2015-12-01,47.0
2015-12-02,49.5
2015-12-03,48.5
2015-12-04,48.0
2015-12-05,47.5
2015-12-06,40.5
2015-12-07,40.5
2015-12-08,40.0
2015-12-09,42.0
2015-12-10,36.5
2015-12-11,40.5
2015-12-12,45.0
2015-12-13,36.0
2015-12-14,45.5
2015-12-15,45.0
2015-12-16,50.0
2015-12-17,50.0
2015-12-18,46.5
2015-12-19,49.0
2015-12-20,37.0
2015-12-21,47.0
2015-12-22,39.5
2015-12-23,47.5
2015-12-24,41.0
2015-12-25,44.0
2015-12-26,43.0
2015-12-27,40.5
2015-12-28,46.0
2015-12-29,43.0
2015-12-30,45.0
2015-12-31,43.0
2016-01-01,44.23153602174899
2016-01-02,42.91119166289081
2016-01-03,37.62981422745809
2016-01-04,54.13411871318532
2016-01-05,49.5129134571817
2016-01-06,46.872224739465345
2016-01-07,66.01721794290893
2016-01-08,55.4544630720435
2016-01-09,46.872224739465345
2016-01-10,34.98912550974173
2016-01-11,44.891708201178076
2016-01-12,42.25101948346172
2016-01-13,51.49342999546897
2016-01-14,46.212052560036255
2016-01-15,62.0561848663344
2016-01-16,50.17308563661079
2016-01-17,38.95015858631627
2016-01-18,42.91119166289081
2016-01-19,50.83325781603988
2016-01-20,66.01721794290893
2016-01-21,54.13411871318532
2016-01-22,44.23153602174899
2016-01-23,39.61033076574536
2016-01-24,33.008608971454464
2016-01-25,40.27050294517445
2016-01-26,50.83325781603988
2016-01-27,48.192569098323524
2016-01-28,45.551880380607166
2016-01-29,45.551880380607166
2016-01-30,45.551880380607166
2016-01-31,35.64929768917082
2016-02-01,44.38616521155137
2016-02-02,43.353928811282735
2016-02-03,52.64405641370047
2016-02-04,50.579583613163194
2016-02-05,51.61182001343183
2016-02-06,48.51511081262592
2016-02-07,39.224983210208194
2016-02-08,52.64405641370047
2016-02-09,61.934184016118195
2016-02-10,55.74076561450638
2016-02-11,103.22364002686366
2016-02-12,80.51443922095366
2016-02-13,57.80523841504365
2016-02-14,42.3216924110141
2016-02-15,56.77300201477502
2016-02-16,55.74076561450638
2016-02-17,53.676292813969106
2016-02-18,52.64405641370047
2016-02-19,54.70852921423774
2016-02-20,44.38616521155137
2016-02-21,35.096037609133646
2016-02-22,51.61182001343183
2016-02-23,48.51511081262592
2016-02-24,53.676292813969106
2016-02-25,56.77300201477502
2016-02-26,58.837474815312284
2016-02-27,44.38616521155137
2016-02-28,36.12827400940228
2016-02-29,49.54734721289456
2016-03-01,55.04742765273312
2016-03-02,48.60570739549839
2016-03-03,52.119372990353696
2016-03-04,58.561093247588424
2016-03-05,56.21864951768489
2016-03-06,40.992765273311896
2016-03-07,53.290594855305464
2016-03-08,52.704983922829584
2016-03-09,44.5064308681672
2016-03-10,53.290594855305464
2016-03-11,49.19131832797428
2016-03-12,39.23593247588425
2016-03-13,35.722266881028936
2016-03-14,48.02009646302251
2016-03-15,45.67765273311897
2016-03-16,46.263263665594856
2016-03-17,53.87620578778135
2016-03-18,50.36254019292605
2016-03-19,38.65032154340836
2016-03-20,34.55104501607717
2016-03-21,46.848874598070736
2016-03-22,48.60570739549839
2016-03-23,48.02009646302251
2016-03-24,49.77692926045016
2016-03-25,42.74959807073955
2016-03-26,38.65032154340836
2016-03-27,38.65032154340836
2016-03-28,48.60570739549839
2016-03-29,45.09204180064309
2016-03-30,43.92081993569132
2016-03-31,49.19131832797428
2016-04-01,49.310344827586206
2016-04-02,38.47290640394089
2016-04-03,37.93103448275862
2016-04-04,44.97536945812808
2016-04-05,46.05911330049261
2016-04-06,41.18226600985221
2016-04-07,50.39408866995074
2016-04-08,43.34975369458128
2016-04-09,36.30541871921182
2016-04-10,33.59605911330049
2016-04-11,43.891625615763544
2016-04-12,49.85221674876847
2016-04-13,43.34975369458128
2016-04-14,44.97536945812808
2016-04-15,49.310344827586206
2016-04-16,33.59605911330049
2016-04-17,35.22167487684729
2016-04-18,47.142857142857146
2016-04-19,52.5615763546798
2016-04-20,49.310344827586206
2016-04-21,49.85221674876847
2016-04-22,41.724137931034484
2016-04-23,39.556650246305416
2016-04-24,36.30541871921182
2016-04-25,47.142857142857146
2016-04-26,45.51724137931035
2016-04-27,41.18226600985221
2016-04-28,48.22660098522167
2016-04-29,54.187192118226605
2016-04-30,45.51724137931035
2016-05-01,38.81949317738792
2016-05-02,53.177387914230025
2016-05-03,48.39142300194932
2016-05-04,48.39142300194932
2016-05-05,49.45497076023392
2016-05-06,46.79610136452242
2016-05-07,39.88304093567252
2016-05-08,35.628849902534114
2016-05-09,51.582066276803126
2016-05-10,47.85964912280702
2016-05-11,47.32787524366472
2016-05-12,46.79610136452242
2016-05-13,46.79610136452242
2016-05-14,43.605458089668616
2016-05-15,29.779337231968814
2016-05-16,45.20077972709552
2016-05-17,48.92319688109162
2016-05-18,47.32787524366472
2016-05-19,50.51851851851852
2016-05-20,45.73255360623782
2016-05-21,37.75594541910332
2016-05-22,32.969980506822615
2016-05-23,43.605458089668616
2016-05-24,47.85964912280702
2016-05-25,46.79610136452242
2016-05-26,47.32787524366472
2016-05-27,42.54191033138402
2016-05-28,36.69239766081871
2016-05-29,32.438206627680316
2016-05-30,39.88304093567252
2016-05-31,44.137231968810916
2016-06-01,46.97183098591549
2016-06-02,38.80281690140845
2016-06-03,44.92957746478873
2016-06-04,38.80281690140845
2016-06-05,30.633802816901408
2016-06-06,44.92957746478873
2016-06-07,42.88732394366197
2016-06-08,42.88732394366197
2016-06-09,53.098591549295776
2016-06-10,53.098591549295776
2016-06-11,36.76056338028169
2016-06-12,30.633802816901408
2016-06-13,51.056338028169016
2016-06-14,44.92957746478873
2016-06-15,53.098591549295776
2016-06-16,63.309859154929576
2016-06-17,55.140845070422536
2016-06-18,42.88732394366197
2016-06-19,36.76056338028169
2016-06-20,46.97183098591549
2016-06-21,51.056338028169016
2016-06-22,51.056338028169016
2016-06-23,42.88732394366197
2016-06-24,204.22535211267606
2016-06-25,89.85915492957746
2016-06-26,67.3943661971831
2016-06-27,110.28169014084507
2016-06-28,83.73239436619718
2016-06-29,69.43661971830986
2016-06-30,71.47887323943662
2016-07-01,71.07317073170731
2016-07-02,46.878048780487795
2016-07-03,43.85365853658536
2016-07-04,56.70731707317072
2016-07-05,62.756097560975604
2016-07-06,75.60975609756096
2016-07-07,65.02439024390243
2016-07-08,64.26829268292683
2016-07-09,46.878048780487795
2016-07-10,42.34146341463414
2016-07-11,59.73170731707316
2016-07-12,63.51219512195121
2016-07-13,64.26829268292683
2016-07-14,55.195121951219505
2016-07-15,55.95121951219512
2016-07-16,41.58536585365853
2016-07-17,38.56097560975609
2016-07-18,52.17073170731707
2016-07-19,54.439024390243894
2016-07-20,49.90243902439024
2016-07-21,51.414634146341456
2016-07-22,48.39024390243902
2016-07-23,41.58536585365853
2016-07-24,36.292682926829265
2016-07-25,48.39024390243902
2016-07-26,49.14634146341463
2016-07-27,52.17073170731707
2016-07-28,52.92682926829268
2016-07-29,49.90243902439024
2016-07-30,37.048780487804876
2016-07-31,34.02439024390243
2016-08-01,51.36939010356732
2016-08-02,52.51093210586881
2016-08-03,49.657077100115075
2016-08-04,55.9355581127733
2016-08-05,50.22784810126582
2016-08-06,43.37859608745685
2016-08-07,38.241657077100115
2016-08-08,49.08630609896433
2016-08-09,50.22784810126582
2016-08-10,55.364787111622555
2016-08-11,51.36939010356732
2016-08-12,57.0771001150748
2016-08-13,46.80322209436133
2016-08-14,39.38319907940161
2016-08-15,57.0771001150748
2016-08-16,52.51093210586881
2016-08-17,53.081703107019564
2016-08-18,47.94476409666283
2016-08-19,47.373993095512084
2016-08-20,40.524741081703105
2016-08-21,36.52934407364787
2016-08-22,53.65247410817031
2016-08-23,41.09551208285385
2016-08-24,51.940161104718065
2016-08-25,49.657077100115075
2016-08-26,47.373993095512084
2016-08-27,43.37859608745685
2016-08-28,36.52934407364787
2016-08-29,44.52013808975834
2016-08-30,42.23705408515535
2016-08-31,51.940161104718065
2016-09-01,45.384321223709364
2016-09-02,42.91778202676864
2016-09-03,37.49139579349904
2016-09-04,37.49139579349904
2016-09-05,42.91778202676864
2016-09-06,49.33078393881453
2016-09-07,47.35755258126194
2016-09-08,45.87762906309751
2016-09-09,47.85086042065009
2016-09-10,43.90439770554493
2016-09-11,36.50478011472275
2016-09-12,42.42447418738049
2016-09-13,48.83747609942638
2016-09-14,42.91778202676864
2016-09-15,46.8642447418738
2016-09-16,45.384321223709364
2016-09-17,37.98470363288718
2016-09-18,29.10516252390057
2016-09-19,44.89101338432122
2016-09-20,39.95793499043977
2016-09-21,46.37093690248565
2016-09-22,49.33078393881453
2016-09-23,45.87762906309751
2016-09-24,36.99808795411089
2016-09-25,30.09177820267686
2016-09-26,46.8642447418738
2016-09-27,46.8642447418738
2016-09-28,45.384321223709364
2016-09-29,42.42447418738049
2016-09-30,44.397705544933075
2016-10-01,37.70270270270271
2016-10-02,29.902143522833182
2016-10-03,39.00279589934763
2016-10-04,65.00465983224605
2016-10-05,59.804287045666364
2016-10-06,53.95386766076422
2016-10-07,49.403541472506994
2016-10-08,40.95293569431501
2016-10-09,35.752562907735324
2016-10-10,40.30288909599255
2016-10-11,47.45340167753962
2016-10-12,52.00372786579684
2016-10-13,48.10344827586208
2016-10-14,49.403541472506994
2016-10-15,52.00372786579684
2016-10-16,36.402609506057786
2016-10-17,48.75349487418453
2016-10-18,50.70363466915192
2016-10-19,45.50326188257223
2016-10-20,42.903075489282394
2016-10-21,40.30288909599255
2016-10-22,42.903075489282394
2016-10-23,37.70270270270271
2016-10-24,44.85321528424977
2016-10-25,46.803355079217155
2016-10-26,42.25302889095993
2016-10-27,46.803355079217155
2016-10-28,52.00372786579684
2016-10-29,39.00279589934763
2016-10-30,34.45246971109041
2016-10-31,42.903075489282394
2016-11-01,56.32991318074191
2016-11-02,59.21862667719021
2016-11-03,51.996842936069456
2016-11-04,53.44119968429361
2016-11-05,43.330702446724544
2016-11-06,37.553275453827936
2016-11-07,50.552486187845304
2016-11-08,54.88555643251776
2016-11-09,144.43567482241514
2016-11-10,83.77269139700078
2016-11-11,76.55090765588002
2016-11-12,64.99605367008682
2016-11-13,46.21941594317285
2016-11-14,75.10655090765587
2016-11-15,72.21783741120757
2016-11-16,60.66298342541436
2016-11-17,57.77426992896606
2016-11-18,60.66298342541436
2016-11-19,49.10812943962115
2016-11-20,47.663772691397
2016-11-21,57.77426992896606
2016-11-22,60.66298342541436
2016-11-23,64.99605367008682
2016-11-24,54.88555643251776
2016-11-25,56.32991318074191
2016-11-26,51.996842936069456
2016-11-27,49.10812943962115
2016-11-28,63.551696921862664
2016-11-29,59.21862667719021
2016-11-30,64.99605367008682
2016-12-01,73.07692307692307
2016-12-02,59.92307692307692
2016-12-03,51.88461538461538
2016-12-04,44.57692307692307
2016-12-05,60.65384615384615
2016-12-06,57.0
2016-12-07,54.80769230769231
2016-12-08,57.0
2016-12-09,55.53846153846153
2016-12-10,56.26923076923077
2016-12-11,48.230769230769226
2016-12-12,59.92307692307692
2016-12-13,56.26923076923077
2016-12-14,64.3076923076923
2016-12-15,71.61538461538461
2016-12-16,67.96153846153845
2016-12-17,54.80769230769231
2016-12-18,48.230769230769226
2016-12-19,59.92307692307692
2016-12-20,61.38461538461538
2016-12-21,62.84615384615384
2016-12-22,64.3076923076923
2016-12-23,52.61538461538461
2016-12-24,45.30769230769231
2016-12-25,50.42307692307692
2016-12-26,53.34615384615384
2016-12-27,55.53846153846153
2016-12-28,56.26923076923077
2016-12-29,58.46153846153846
2016-12-30,58.46153846153846
2016-12-31,46.03846153846153
2017-01-01,39.09495548961424
2017-01-02,54.61795252225519
2017-01-03,52.89317507418397
2017-01-04,51.16839762611276
2017-01-05,55.76780415430267
2017-01-06,54.61795252225519
2017-01-07,45.41913946587537
2017-01-08,39.09495548961424
2017-01-09,55.19287833827893
2017-01-10,51.16839762611276
2017-01-11,50.593471810089014
2017-01-12,56.917655786350146
2017-01-13,55.76780415430267
2017-01-14,47.71884272997032
2017-01-15,35.07047477744807
2017-01-16,47.14391691394658
2017-01-17,57.49258160237388
2017-01-18,52.89317507418397
2017-01-19,52.89317507418397
2017-01-20,50.01854599406528
2017-01-21,41.96958456973294
2017-01-22,37.945103857566764
2017-01-23,50.01854599406528
2017-01-24,51.74332344213649
2017-01-25,55.19287833827893
2017-01-26,53.46810089020771
2017-01-27,55.76780415430267
2017-01-28,44.844213649851625
2017-01-29,41.96958456973294
2017-01-30,54.61795252225519
2017-01-31,56.917655786350146
2017-02-01,55.82677861246134
2017-02-02,50.59301811754309
2017-02-03,47.103844454264255
2017-02-04,49.429960229783475
2017-02-05,41.870083959346005
2017-02-06,47.68537339814406
2017-02-07,58.15289438798056
2017-02-08,51.17454706142289
2017-02-09,48.26690234202386
2017-02-10,54.08219178082192
2017-02-11,45.94078656650464
2017-02-12,35.47326557666814
2017-02-13,48.26690234202386
2017-02-14,50.01148917366328
2017-02-15,48.84843128590367
2017-02-16,50.01148917366328
2017-02-17,44.77772867874503
2017-02-18,44.77772867874503
2017-02-19,34.89173663278834
2017-02-20,43.03314184710561
2017-02-21,44.77772867874503
2017-02-22,48.84843128590367
2017-02-23,50.01148917366328
2017-02-24,52.337604949182506
2017-02-25,42.45161290322581
2017-02-26,32.56562085726911
2017-02-27,50.01148917366328
2017-02-28,44.77772867874503
2017-03-01,47.70394469296462
2017-03-02,55.46970313135421
2017-03-03,47.149247661651074
2017-03-04,39.383489223261485
2017-03-05,35.500610004066694
2017-03-06,42.71167141114274
2017-03-07,44.375762505083365
2017-03-08,44.93045953639691
2017-03-09,46.03985359902399
2017-03-10,50.47742984953233
2017-03-11,47.149247661651074
2017-03-12,38.2740951606344
2017-03-13,47.70394469296462
2017-03-14,43.82106547376983
2017-03-15,51.58682391215942
2017-03-16,53.80561203741358
2017-03-17,44.93045953639691
2017-03-18,38.82879219194795
2017-03-19,30.508336722244813
2017-03-20,42.71167141114274
2017-03-21,45.485156567710455
2017-03-22,44.375762505083365
2017-03-23,45.485156567710455
2017-03-24,42.1569743798292
2017-03-25,33.83651891012607
2017-03-26,35.500610004066694
2017-03-27,46.59455063033754
2017-03-28,49.368035786905246
2017-03-29,42.1569743798292
2017-03-30,43.26636844245628
2017-03-31,42.71167141114274
2017-04-01,34.18818380743983
2017-04-02,34.18818380743983
2017-04-03,41.90809628008753
2017-04-04,41.90809628008753
2017-04-05,44.665207877461704
2017-04-06,44.11378555798687
2017-04-07,50.179431072210065
2017-04-08,38.048140043763674
2017-04-09,34.73960612691466
2017-04-10,44.665207877461704
2017-04-11,45.21663019693654
2017-04-12,48.52516411378556
2017-04-13,55.14223194748359
2017-04-14,51.282275711159734
2017-04-15,36.945295404814004
2017-04-16,35.842450765864335
2017-04-17,45.76805251641138
2017-04-18,45.21663019693654
2017-04-19,46.31947483588621
2017-04-20,45.21663019693654
2017-04-21,47.97374179431072
2017-04-22,36.393873085339166
2017-04-23,32.53391684901532
2017-04-24,37.49671772428884
2017-04-25,49.076586433260395
2017-04-26,40.80525164113786
2017-04-27,41.35667396061269
2017-04-28,37.49671772428884
2017-04-29,34.73960612691466
2017-04-30,38.048140043763674
2017-05-01,43.95792754187768
2017-05-02,40.09349435138294
2017-05-03,41.05960264900662
2017-05-04,46.373198285936894
2017-05-05,43.474873393065835
2017-05-06,34.77989871445267
2017-05-07,34.77989871445267
2017-05-08,41.05960264900662
2017-05-09,44.924035839501364
2017-05-10,40.09349435138294
2017-05-11,44.44098169068952
2017-05-12,41.05960264900662
2017-05-13,32.847682119205295
2017-05-14,44.924035839501364
2017-05-15,44.44098169068952
2017-05-16,45.4070899883132
2017-05-17,48.30541488118426
2017-05-18,46.373198285936894
2017-05-19,38.16127775613557
2017-05-20,35.26295286326451
2017-05-21,29.4663030775224
2017-05-22,38.64433190494741
2017-05-23,38.64433190494741
2017-05-24,40.57654850019478
2017-05-25,42.50876509544215
2017-05-26,40.09349435138294
2017-05-27,34.77989871445267
2017-05-28,29.4663030775224
2017-05-29,34.296844565640825
2017-05-30,40.57654850019478
2017-05-31,39.12738605375925
2017-06-01,39.09465020576132
2017-06-02,38.573388203017835
2017-06-03,34.92455418381344
2017-06-04,29.7119341563786
2017-06-05,37.53086419753086
2017-06-06,52.12620027434842
2017-06-07,45.349794238683124
2017-06-08,41.70096021947874
2017-06-09,43.26474622770919
2017-06-10,35.445816186556925
2017-06-11,35.445816186556925
2017-06-12,39.6159122085048
2017-06-13,39.6159122085048
2017-06-14,42.743484224965705
2017-06-15,42.743484224965705
2017-06-16,38.573388203017835
2017-06-17,35.445816186556925
2017-06-18,27.105624142661178
2017-06-19,38.05212620027435
2017-06-20,37.53086419753086
2017-06-21,37.00960219478738
2017-06-22,36.48834019204389
2017-06-23,35.96707818930041
2017-06-24,30.233196159122084
2017-06-25,28.14814814814815
2017-06-26,43.26474622770919
2017-06-27,39.09465020576132
2017-06-28,37.53086419753086
2017-06-29,40.137174211248286
2017-06-30,37.53086419753086
2017-07-01,29.969121140142516
2017-07-02,30.87727632620744
2017-07-03,41.77513855898654
2017-07-04,36.32620744259699
2017-07-05,39.958828186856685
2017-07-06,36.780285035629454
2017-07-07,45.40775930324624
2017-07-08,35.418052256532064
2017-07-09,31.331353919239902
2017-07-10,42.683293745051465
2017-07-11,43.59144893111639
2017-07-12,40.41290577988915
2017-07-13,39.05067300079176
2017-07-14,39.05067300079176
2017-07-15,32.239509105304826
2017-07-16,29.515043547110054
2017-07-17,40.86698337292162
2017-07-18,36.780285035629454
2017-07-19,42.229216152019
2017-07-20,39.50475059382423
2017-07-21,41.77513855898654
2017-07-22,31.331353919239902
2017-07-23,30.423198733174978
2017-07-24,34.963974663499606
2017-07-25,35.87212984956453
2017-07-26,37.68844022169438
2017-07-27,39.50475059382423
2017-07-28,37.23436262866191
2017-07-29,36.780285035629454
2017-07-30,29.515043547110054
2017-07-31,38.14251781472684
2017-08-01,39.50153576129882
2017-08-02,42.494076349276
2017-08-03,44.88810881965775
2017-08-04,39.50153576129882
2017-08-05,39.50153576129882
2017-08-06,34.11496270293989
2017-08-07,38.90302764370338
2017-08-08,44.28960070206231
2017-08-09,51.47169811320755
2017-08-10,56.25976305397104
2017-08-11,52.668714348398424
2017-08-12,46.085125054848625
2017-08-13,34.71347082053533
2017-08-14,48.47915752523037
2017-08-15,46.085125054848625
2017-08-16,43.69109258446687
2017-08-17,46.68363317244406
2017-08-18,49.67617376042124
2017-08-19,38.304519526107946
2017-08-20,32.91794646774902
2017-08-21,42.494076349276
2017-08-22,44.28960070206231
2017-08-23,43.69109258446687
2017-08-24,50.873189995612115
2017-08-25,40.100043878894255
2017-08-26,37.10750329091707
2017-08-27,31.122422114962706
2017-08-28,48.47915752523037
2017-08-29,59.85081175954367
2017-08-30,46.68363317244406
2017-08-31,49.07766564282581
2017-09-01,49.17789757412399
2017-09-02,35.91644204851752
2017-09-03,37.57412398921833
2017-09-04,46.41509433962264
2017-09-05,55.25606469002695
2017-09-06,46.41509433962264
2017-09-07,49.17789757412399
2017-09-08,49.73045822102426
2017-09-09,34.81132075471698
2017-09-10,30.943396226415093
2017-09-11,43.65229110512129
2017-09-12,43.099730458221025
2017-09-13,43.099730458221025
2017-09-14,43.099730458221025
2017-09-15,44.20485175202156
2017-09-16,36.469002695417785
2017-09-17,31.49595687331536
2017-09-18,41.99460916442048
2017-09-19,39.23180592991913
2017-09-20,39.23180592991913
2017-09-21,41.44204851752021
2017-09-22,43.099730458221025
2017-09-23,37.02156334231806
2017-09-24,32.6010781671159
2017-09-25,42.54716981132075
2017-09-26,38.679245283018865
2017-09-27,38.1266846361186
2017-09-28,40.889487870619945
2017-09-29,38.679245283018865
2017-09-30,35.91644204851752
2017-10-01,30.778042959427207
2017-10-02,44.72434367541766
2017-10-03,42.31980906921241
2017-10-04,36.54892601431981
2017-10-05,37.02983293556086
2017-10-06,36.06801909307876
2017-10-07,35.58711217183771
2017-10-08,32.701670644391406
2017-10-09,39.43436754176611
2017-10-10,44.243436754176614
2017-10-11,39.43436754176611
2017-10-12,45.68615751789976
2017-10-13,45.20525059665871
2017-10-14,41.35799522673031
2017-10-15,32.701670644391406
2017-10-16,41.35799522673031
2017-10-17,48.09069212410501
2017-10-18,45.20525059665871
2017-10-19,40.39618138424821
2017-10-20,39.91527446300716
2017-10-21,38.95346062052506
2017-10-22,32.220763723150355
2017-10-23,35.58711217183771
2017-10-24,39.91527446300716
2017-10-25,40.87708830548926
2017-10-26,40.39618138424821
2017-10-27,40.39618138424821
2017-10-28,35.10620525059666
2017-10-29,29.816229116945106
2017-10-30,38.95346062052506
2017-10-31,37.991646778042956
2017-11-01,40.45929018789144
2017-11-02,38.079331941544886
2017-11-03,40.45929018789144
2017-11-04,36.17536534446764
2017-11-05,27.607515657620045
2017-11-06,39.98329853862213
2017-11-07,40.93528183716075
2017-11-08,38.079331941544886
2017-11-09,39.03131524008351
2017-11-10,39.03131524008351
2017-11-11,36.651356993736954
2017-11-12,28.083507306889356
2017-11-13,36.651356993736954
2017-11-14,42.363256784968684
2017-11-15,38.079331941544886
2017-11-16,34.74739039665971
2017-11-17,41.88726513569937
2017-11-18,38.079331941544886
2017-11-19,31.891440501043842
2017-11-20,39.50730688935282
2017-11-21,43.79123173277662
2017-11-22,37.127348643006265
2017-11-23,32.84342379958247
2017-11-24,38.5553235908142
2017-11-25,36.651356993736954
2017-11-26,35.69937369519833
2017-11-27,33.79540709812109
2017-11-28,40.45929018789144
2017-11-29,45.695198329853866
2017-11-30,47.59916492693111
2017-12-01,45.06847133757962
2017-12-02,40.72452229299363
2017-12-03,30.95063694267516
2017-12-04,40.72452229299363
2017-12-05,41.26751592356688
2017-12-06,45.06847133757962
2017-12-07,45.06847133757962
2017-12-08,51.041401273885356
2017-12-09,40.72452229299363
2017-12-10,41.81050955414013
2017-12-11,46.697452229299365
2017-12-12,51.584394904458605
2017-12-13,46.697452229299365
2017-12-14,49.41242038216561
2017-12-15,45.06847133757962
2017-12-16,41.81050955414013
2017-12-17,38.00955414012739
2017-12-18,40.181528662420384
2017-12-19,42.896496815286625
2017-12-20,49.41242038216561
2017-12-21,41.26751592356688
2017-12-22,54.29936305732485
2017-12-23,47.783439490445865
2017-12-24,37.46656050955414
2017-12-25,41.81050955414013
2017-12-26,42.896496815286625
2017-12-27,44.525477707006374
2017-12-28,48.326433121019114
2017-12-29,47.240445859872615
2017-12-30,47.783439490445865
2017-12-31,36.38057324840764
2018-01-01,36.953642384105954
2018-01-02,47.27892481495909
2018-01-03,49.9961044020257
2018-01-04,44.56174522789247
2018-01-05,49.9961044020257
2018-01-06,44.56174522789247
2018-01-07,37.49707830151928
2018-01-08,39.67082197117257
2018-01-09,42.38800155823918
2018-01-10,45.64861706271912
2018-01-11,41.84456564082586
2018-01-12,46.192052980132445
2018-01-13,40.75769380599922
2018-01-14,36.410206466692635
2018-01-15,42.93143747565251
2018-01-16,49.9961044020257
2018-01-17,52.169848071679
2018-01-18,45.64861706271912
2018-01-19,48.365796649785736
2018-01-20,42.38800155823918
2018-01-21,32.60615504479937
2018-01-22,43.47487339306583
2018-01-23,42.38800155823918
2018-01-24,49.9961044020257
2018-01-25,52.71328398909232
2018-01-26,54.34359174133229
2018-01-27,44.56174522789247
2018-01-28,39.67082197117257
2018-01-29,46.735488897545764
2018-01-30,54.34359174133229
2018-01-31,48.909232567199055
2018-02-01,45.18518518518518
2018-02-02,52.59259259259259
2018-02-03,49.629629629629626
2018-02-04,35.55555555555556
2018-02-05,51.11111111111111
2018-02-06,74.07407407407408
2018-02-07,48.888888888888886
2018-02-08,54.81481481481481
2018-02-09,64.44444444444444
2018-02-10,43.7037037037037
2018-02-11,40.74074074074074
2018-02-12,44.44444444444444
2018-02-13,46.666666666666664
2018-02-14,50.37037037037037
2018-02-15,51.85185185185185
2018-02-16,40.0
2018-02-17,46.666666666666664
2018-02-18,33.33333333333333
2018-02-19,35.55555555555556
2018-02-20,42.22222222222222
2018-02-21,37.03703703703704
2018-02-22,42.96296296296296
2018-02-23,37.77777777777778
2018-02-24,40.74074074074074
2018-02-25,32.59259259259259
2018-02-26,40.0
2018-02-27,38.51851851851852
2018-02-28,38.51851851851852
2018-03-01,40.335381913959615
2018-03-02,40.335381913959615
2018-03-03,36.71553994732221
2018-03-04,34.129938542581215
2018-03-05,38.266900790166815
2018-03-06,36.71553994732221
2018-03-07,40.335381913959615
2018-03-08,36.198419666374015
2018-03-09,40.852502194907814
2018-03-10,42.920983318700614
2018-03-11,29.99297629499561
2018-03-12,33.61281826163301
2018-03-13,34.64705882352941
2018-03-14,33.09569798068481
2018-03-15,35.16417910447761
2018-03-16,39.30114135206321
2018-03-17,37.74978050921861
2018-03-18,31.02721685689201
2018-03-19,36.71553994732221
2018-03-20,33.09569798068481
2018-03-21,36.198419666374015
2018-03-22,43.95522388059702
2018-03-23,51.71202809482002
2018-03-24,43.43810359964881
2018-03-25,30.51009657594381
2018-03-26,41.88674275680422
2018-03-27,42.920983318700614
2018-03-28,42.403863037752416
2018-03-29,40.335381913959615
2018-03-30,38.266900790166815
2018-03-31,35.16417910447761
2018-04-01,35.32608695652174
2018-04-02,45.68840579710145
2018-04-03,40.5072463768116
2018-04-04,42.86231884057971
2018-04-05,40.97826086956522
2018-04-06,45.68840579710145
2018-04-07,41.44927536231884
2018-04-08,31.086956521739133
2018-04-09,39.094202898550726
2018-04-10,37.68115942028986
2018-04-11,43.80434782608696
2018-04-12,40.97826086956522
2018-04-13,43.80434782608696
2018-04-14,42.86231884057971
2018-04-15,32.971014492753625
2018-04-16,40.5072463768116
2018-04-17,39.094202898550726
2018-04-18,47.10144927536232
2018-04-19,43.333333333333336
2018-04-20,40.036231884057976
2018-04-21,35.32608695652174
2018-04-22,33.44202898550725
2018-04-23,36.73913043478261
2018-04-24,38.152173913043484
2018-04-25,39.56521739130435
2018-04-26,36.73913043478261
2018-04-27,34.85507246376812
2018-04-28,36.26811594202899
2018-04-29,26.376811594202902
2018-04-30,37.68115942028986
2018-05-01,40.50339366515837
2018-05-02,40.912518853695325
2018-05-03,36.003016591251885
2018-05-04,32.73001508295626
2018-05-05,33.548265460030166
2018-05-06,33.95739064856712
2018-05-07,33.13914027149321
2018-05-08,31.91176470588235
2018-05-09,36.821266968325794
2018-05-10,36.41214177978884
2018-05-11,35.18476621417798
2018-05-12,31.91176470588235
2018-05-13,33.548265460030166
2018-05-14,34.77564102564102
2018-05-15,38.04864253393665
2018-05-16,36.41214177978884
2018-05-17,39.276018099547514
2018-05-18,35.59389140271493
2018-05-19,31.093514328808446
2018-05-20,26.184012066365007
2018-05-21,35.18476621417798
2018-05-22,38.86689291101056
2018-05-23,35.18476621417798
2018-05-24,39.68514328808446
2018-05-25,37.639517345399696
2018-05-26,31.91176470588235
2018-05-27,27.411387631975867
2018-05-28,33.548265460030166
2018-05-29,33.95739064856712
2018-05-30,38.04864253393665
2018-05-31,35.59389140271493
2018-06-01,36.192551505546746
2018-06-02,30.784469096671945
2018-06-03,33.280507131537234
2018-06-04,33.69651347068145
2018-06-05,33.280507131537234
2018-06-06,34.9445324881141
2018-06-07,34.9445324881141
2018-06-08,31.616481774960377
2018-06-09,31.616481774960377
2018-06-10,32.032488114104595
2018-06-11,33.280507131537234
2018-06-12,35.77654516640253
2018-06-13,36.192551505546746
2018-06-14,32.864500792393024
2018-06-15,35.77654516640253
2018-06-16,35.77654516640253
2018-06-17,30.36846275752773
2018-06-18,37.85657686212361
2018-06-19,36.192551505546746
2018-06-20,39.10459587955626
2018-06-21,40.352614896988904
2018-06-22,33.69651347068145
2018-06-23,34.9445324881141
2018-06-24,28.28843106180665
2018-06-25,38.68858954041204
2018-06-26,41.60063391442155
2018-06-27,37.85657686212361
2018-06-28,40.768621236133114
2018-06-29,38.68858954041204
2018-06-30,29.536450079239298
2018-07-01,24.571199358202968
2018-07-02,40.164460489370235
2018-07-03,40.63698355395106
2018-07-04,36.38427597272363
2018-07-05,38.74689129562776
2018-07-06,34.021660649819495
2018-07-07,33.54913758523867
2018-07-08,29.768953068592058
2018-07-09,42.05455274769354
2018-07-10,40.63698355395106
2018-07-11,41.10950661853189
2018-07-12,34.96670677898115
2018-07-13,38.274368231046935
2018-07-14,33.07661452065784
2018-07-15,30.241476133172885
2018-07-16,38.274368231046935
2018-07-17,41.582029683112715
2018-07-18,42.999598876855195
2018-07-19,47.252306458082636
2018-07-20,44.417168070597675
2018-07-21,37.32932210188528
2018-07-22,35.9117529081428
2018-07-23,42.999598876855195
2018-07-24,41.10950661853189
2018-07-25,39.69193742478941
2018-07-26,40.63698355395106
2018-07-27,40.164460489370235
2018-07-28,36.856799037304455
2018-07-29,31.659045326915365
2018-07-30,41.582029683112715
2018-07-31,37.32932210188528
2018-08-01,37.954372623574145
2018-08-02,41.254752851711025
2018-08-03,39.054499366286436
2018-08-04,35.20405576679341
2018-08-05,31.90367553865653
2018-08-06,41.80481622306717
2018-08-07,39.60456273764259
2018-08-08,41.254752851711025
2018-08-09,36.3041825095057
2018-08-10,42.35487959442332
2018-08-11,32.453738910012675
2018-08-12,30.253485424588085
2018-08-13,50.60583016476553
2018-08-14,48.955640050697085
2018-08-15,53.35614702154626
2018-08-16,55.0063371356147
2018-08-17,53.90621039290241
2018-08-18,44.00506970849176
2018-08-19,34.653992395437264
2018-08-20,46.755386565272495
2018-08-21,44.00506970849176
2018-08-22,46.755386565272495
2018-08-23,43.455006337135615
2018-08-24,47.85551330798479
2018-08-25,40.154626108998734
2018-08-26,34.653992395437264
2018-08-27,38.50443599493029
2018-08-28,47.85551330798479
2018-08-29,42.90494296577947
2018-08-30,43.455006337135615
2018-08-31,35.754119138149555
2018-09-01,39.44805194805194
2018-09-02,31.996753246753244
2018-09-03,32.87337662337662
2018-09-04,43.39285714285714
2018-09-05,43.831168831168824
2018-09-06,39.009740259740255
2018-09-07,35.50324675324675
2018-09-08,31.996753246753244
2018-09-09,28.928571428571427
2018-09-10,36.81818181818181
2018-09-11,37.69480519480519
2018-09-12,39.009740259740255
2018-09-13,37.69480519480519
2018-09-14,36.81818181818181
2018-09-15,32.43506493506493
2018-09-16,28.05194805194805
2018-09-17,36.37987012987013
2018-09-18,39.44805194805194
2018-09-19,39.009740259740255
2018-09-20,39.44805194805194
2018-09-21,36.37987012987013
2018-09-22,34.62662337662337
2018-09-23,28.928571428571427
2018-09-24,37.256493506493506
2018-09-25,35.941558441558435
2018-09-26,38.57142857142857
2018-09-27,36.81818181818181
2018-09-28,36.81818181818181
2018-09-29,33.31168831168831
2018-09-30,31.558441558441555
2018-10-01,37.98198198198199
2018-10-02,37.42342342342343
2018-10-03,38.54054054054055
2018-10-04,39.09909909909911
2018-10-05,37.98198198198199
2018-10-06,35.18918918918919
2018-10-07,27.927927927927932
2018-10-08,39.09909909909911
2018-10-09,41.891891891891895
2018-10-10,43.00900900900901
2018-10-11,55.855855855855864
2018-10-12,46.918918918918926
2018-10-13,44.12612612612613
2018-10-14,30.162162162162165
2018-10-15,43.56756756756757
2018-10-16,43.56756756756757
2018-10-17,39.657657657657666
2018-10-18,39.09909909909911
2018-10-19,39.09909909909911
2018-10-20,39.09909909909911
2018-10-21,29.04504504504505
2018-10-22,36.30630630630631
2018-10-23,45.24324324324325
2018-10-24,36.30630630630631
2018-10-25,44.68468468468469
2018-10-26,41.333333333333336
2018-10-27,36.30630630630631
2018-10-28,37.42342342342343
2018-10-29,41.891891891891895
2018-10-30,45.80180180180181
2018-10-31,46.36036036036037
2018-11-01,43.23290845886443
2018-11-02,47.50869061413673
2018-11-03,43.70799536500579
2018-11-04,38.006952491309384
2018-11-05,44.65816917728853
2018-11-06,44.183082271147164
2018-11-07,34.206257242178445
2018-11-08,37.53186558516802
2018-11-09,42.75782155272306
2018-11-10,44.65816917728853
2018-11-11,42.75782155272306
2018-11-12,47.50869061413673
2018-11-13,41.80764774044032
2018-11-14,42.75782155272306
2018-11-15,40.85747392815759
2018-11-16,39.907300115874854
2018-11-17,38.006952491309384
2018-11-18,37.05677867902665
2018-11-19,39.907300115874854
2018-11-20,46.558516801854
2018-11-21,39.907300115874854
2018-11-22,35.63151796060255
2018-11-23,41.33256083429896
2018-11-24,39.43221320973349
2018-11-25,35.15643105446118
2018-11-26,38.006952491309384
2018-11-27,35.63151796060255
2018-11-28,41.80764774044032
2018-11-29,43.23290845886443
2018-11-30,42.282734646581694
2018-12-01,34.442908117752005
2018-12-02,36.392506690454944
2018-12-03,39.64183764495985
2018-12-04,42.891168599464756
2018-12-05,44.8407671721677
2018-12-06,49.38983050847457
2018-12-07,45.49063336306868
2018-12-08,46.79036574487065
2018-12-09,35.742640499553964
2018-12-10,45.49063336306868
2018-12-11,43.54103479036574
2018-12-12,40.29170383586084
2018-12-13,35.742640499553964
2018-12-14,42.891168599464756
2018-12-15,42.241302408563776
2018-12-16,37.69223907225691
2018-12-17,45.49063336306868
2018-12-18,46.79036574487065
2018-12-19,47.44023193577163
2018-12-20,57.838090990187325
2018-12-21,56.538358608385366
2018-12-22,50.689562890276534
2018-12-23,42.891168599464756
2018-12-24,59.137823371989285
2018-12-25,61.73728813559321
2018-12-26,64.33675289919714
2018-12-27,64.98661909009812
2018-12-28,59.137823371989285
2018-12-29,44.19090098126672
2018-12-30,41.591436217662796
2018-12-31,50.689562890276534
2019-01-01,45.35616438356165
2019-01-02,47.71232876712329
2019-01-03,55.95890410958904
2019-01-04,58.9041095890411
2019-01-05,40.64383561643836
2019-01-06,37.6986301369863
2019-01-07,43.589041095890416
2019-01-08,41.82191780821918
2019-01-09,43.589041095890416
2019-01-10,44.178082191780824
2019-01-11,41.82191780821918
2019-01-12,44.76712328767123
2019-01-13,37.109589041095894
2019-01-14,41.82191780821918
2019-01-15,40.64383561643836
2019-01-16,39.465753424657535
2019-01-17,41.82191780821918
2019-01-18,40.64383561643836
2019-01-19,41.23287671232877
2019-01-20,30.63013698630137
2019-01-21,38.28767123287671
2019-01-22,45.35616438356165
2019-01-23,41.23287671232877
2019-01-24,37.6986301369863
2019-01-25,40.054794520547944
2019-01-26,43.589041095890416
2019-01-27,37.6986301369863
2019-01-28,43.0
2019-01-29,47.71232876712329
2019-01-30,48.89041095890411
2019-01-31,50.06849315068494
2019-02-01,49.152512227656736
2019-02-02,39.74032903512672
2019-02-03,35.034237438861716
2019-02-04,42.87772343263673
2019-02-05,41.83192530013339
2019-02-06,40.786127167630056
2019-02-07,42.87772343263673
2019-02-08,40.26322810137839
2019-02-09,40.26322810137839
2019-02-10,37.64873277012005
2019-02-11,41.83192530013339
2019-02-12,43.92352156514006
2019-02-13,40.26322810137839
2019-02-14,38.694530902623384
2019-02-15,38.694530902623384
2019-02-16,35.557136505113384
2019-02-17,37.64873277012005
2019-02-18,41.83192530013339
2019-02-19,46.538016896398396
2019-02-20,52.289906625166736
2019-02-21,43.400622498888396
2019-02-22,44.446420631391724
2019-02-23,41.309026233881724
2019-02-24,37.64873277012005
2019-02-25,44.96931969764339
2019-02-26,50.198310360160065
2019-02-27,44.446420631391724
2019-02-28,41.83192530013339
2019-03-01,42.080413131685724
2019-03-02,44.367392106233865
2019-03-03,38.42124677240871
2019-03-04,40.25082995204721
2019-03-05,38.87864256731833
2019-03-06,39.79343415713759
2019-03-07,40.70822574695684
2019-03-08,40.70822574695684
2019-03-09,39.33603836222796
2019-03-10,34.762080413131685
2019-03-11,42.080413131685724
2019-03-12,40.70822574695684
2019-03-13,42.080413131685724
2019-03-14,38.42124677240871
2019-03-15,39.33603836222796
2019-03-16,45.73957949096275
2019-03-17,34.30468461822206
2019-03-18,37.96385097749908
2019-03-19,41.6230173367761
2019-03-20,42.080413131685724
2019-03-21,39.33603836222796
2019-03-22,39.33603836222796
2019-03-23,39.79343415713759
2019-03-24,33.84728882331243
2019-03-25,45.73957949096275
2019-03-26,42.99520472150498
2019-03-27,36.591663592770196
2019-03-28,43.452600516414606
2019-03-29,38.87864256731833
2019-03-30,42.53780892659535
2019-03-31,33.84728882331243
2019-04-01,48.4271523178808
2019-04-02,39.71026490066225
2019-04-03,44.55298013245033
2019-04-04,41.647350993377486
2019-04-05,40.67880794701987
2019-04-06,39.71026490066225
2019-04-07,32.44619205298013
2019-04-08,40.67880794701987
2019-04-09,39.71026490066225
2019-04-10,43.10016556291391
2019-04-11,38.741721854304636
2019-04-12,41.163079470198674
2019-04-13,32.93046357615894
2019-04-14,31.477649006622517
2019-04-15,35.35182119205298
2019-04-16,38.741721854304636
2019-04-17,39.22599337748344
2019-04-18,39.22599337748344
2019-04-19,37.288907284768214
2019-04-20,37.77317880794702
2019-04-21,33.89900662251656
2019-04-22,32.44619205298013
2019-04-23,36.8046357615894
2019-04-24,40.19453642384106
2019-04-25,40.19453642384106
2019-04-26,38.25745033112583
2019-04-27,38.25745033112583
2019-04-28,39.71026490066225
2019-04-29,46.97433774834437
2019-04-30,40.67880794701987
2019-05-01,40.392857142857146
2019-05-02,39.0
2019-05-03,41.785714285714285
2019-05-04,36.214285714285715
2019-05-05,31.107142857142858
2019-05-06,39.92857142857143
2019-05-07,42.25
2019-05-08,35.285714285714285
2019-05-09,38.535714285714285
2019-05-10,40.85714285714286
2019-05-11,39.92857142857143
2019-05-12,36.67857142857143
2019-05-13,44.57142857142857
2019-05-14,43.642857142857146
2019-05-15,42.25
2019-05-16,39.92857142857143
2019-05-17,37.60714285714286
2019-05-18,36.67857142857143
2019-05-19,34.35714285714286
2019-05-20,36.214285714285715
2019-05-21,35.75
2019-05-22,39.0
2019-05-23,41.32142857142857
2019-05-24,39.92857142857143
2019-05-25,31.571428571428573
2019-05-26,31.107142857142858
2019-05-27,33.42857142857143
2019-05-28,44.10714285714286
2019-05-29,46.42857142857143
2019-05-30,44.57142857142857
2019-05-31,44.57142857142857
2019-06-01,39.653363740022805
2019-06-02,36.205245153933866
2019-06-03,49.13568985176739
2019-06-04,51.721778791334096
2019-06-05,49.99771949828963
2019-06-06,50.85974914481186
2019-06-07,48.27366020524516
2019-06-08,43.96351197263398
2019-06-09,34.4811858608894
2019-06-10,47.41163055872292
2019-06-11,46.54960091220069
2019-06-12,46.54960091220069
2019-06-13,48.27366020524516
2019-06-14,54.307867730900796
2019-06-15,44.82554161915621
2019-06-16,34.4811858608894
2019-06-17,43.10148232611174
2019-06-18,46.54960091220069
2019-06-19,49.99771949828963
2019-06-20,77.58266818700115
2019-06-21,86.20296465222349
2019-06-22,61.20410490307868
2019-06-23,45.68757126567845
2019-06-24,76.7206385404789
2019-06-25,85.34093500570125
2019-06-26,75.85860889395667
2019-06-27,67.23831242873432
2019-06-28,69.82440136830103
