Date,Hydroelectric
2013-01-01,21.168465227817748
2013-01-02,39.84652278177458
2013-01-03,26.14928057553957
2013-01-04,36.110911270983216
2013-01-05,14.942446043165468
2013-01-06,26.14928057553957
2013-01-07,89.65467625899281
2013-01-08,53.54376498800959
2013-01-09,98.371103117506
2013-01-10,124.52038369304557
2013-01-11,62.26019184652279
2013-01-12,42.336930455635496
2013-01-13,29.884892086330936
2013-01-14,62.26019184652279
2013-01-15,108.33273381294964
2013-01-16,79.69304556354916
2013-01-17,88.40947242206235
2013-01-18,100.86151079136691
2013-01-19,31.130095923261393
2013-01-20,27.394484412470025
2013-01-21,32.37529976019185
2013-01-22,113.31354916067147
2013-01-23,78.4478417266187
2013-01-24,84.67386091127099
2013-01-25,73.46702637889689
2013-01-26,29.884892086330936
2013-01-27,63.50539568345324
2013-01-28,103.35191846522783
2013-01-29,117.04916067146283
2013-01-30,103.35191846522783
2013-01-31,114.55875299760191
2013-02-01,69.91239048811013
2013-02-02,29.43679599499374
2013-02-03,61.326658322903626
2013-02-04,68.68585732165207
2013-02-05,77.27158948685857
2013-02-06,89.5369211514393
2013-02-07,77.27158948685857
2013-02-08,55.19399249061326
2013-02-09,22.077596996245305
2013-02-10,35.5694618272841
2013-02-11,89.5369211514393
2013-02-12,111.6145181476846
2013-02-13,101.80225281602002
2013-02-14,69.91239048811013
2013-02-15,69.91239048811013
2013-02-16,31.889862327909885
2013-02-17,47.83479349186483
2013-02-18,55.19399249061326
2013-02-19,67.45932415519398
2013-02-20,122.65331664580725
2013-02-21,91.98998748435544
2013-02-22,63.77972465581977
2013-02-23,39.24906132665832
2013-02-24,52.74092615769712
2013-02-25,85.85732165206508
2013-02-26,85.85732165206508
2013-02-27,105.48185231539424
2013-02-28,80.9511889862328
2013-03-01,88.4310618066561
2013-03-02,37.73058637083994
2013-03-03,37.73058637083994
2013-03-04,87.25198098256736
2013-03-05,88.4310618066561
2013-03-06,107.29635499207608
2013-03-07,102.58003169572108
2013-03-08,73.10301109350237
2013-03-09,18.86529318541997
2013-03-10,30.656101426307448
2013-03-11,93.14738510301109
2013-03-12,103.75911251980983
2013-03-13,99.04278922345483
2013-03-14,88.4310618066561
2013-03-15,64.84944532488115
2013-03-16,45.98415213946117
2013-03-17,45.98415213946117
2013-03-18,116.72900158478606
2013-03-19,86.0729001584786
2013-03-20,96.68462757527733
2013-03-21,74.28209191759113
2013-03-22,113.1917591125198
2013-03-23,34.193343898573694
2013-03-24,37.73058637083994
2013-03-25,70.74484944532489
2013-03-26,117.9080824088748
2013-03-27,80.17749603803486
2013-03-28,81.35657686212362
2013-03-29,44.80507131537242
2013-03-30,23.58161648177496
2013-03-31,41.26782884310618
2013-04-01,63.411764705882355
2013-04-02,97.05882352941177
2013-04-03,111.29411764705883
2013-04-04,76.3529411764706
2013-04-05,72.47058823529412
2013-04-06,47.88235294117647
2013-04-07,55.64705882352941
2013-04-08,102.23529411764706
2013-04-09,111.29411764705883
2013-04-10,106.11764705882354
2013-04-11,120.3529411764706
2013-04-12,84.11764705882354
2013-04-13,40.11764705882353
2013-04-14,23.294117647058826
2013-04-15,107.41176470588236
2013-04-16,113.88235294117648
2013-04-17,122.94117647058825
2013-04-18,93.1764705882353
2013-04-19,111.29411764705883
2013-04-20,31.058823529411768
2013-04-21,76.3529411764706
2013-04-22,107.41176470588236
2013-04-23,108.70588235294119
2013-04-24,129.41176470588235
2013-04-25,119.05882352941177
2013-04-26,103.52941176470588
2013-04-27,49.1764705882353
2013-04-28,36.23529411764706
2013-04-29,115.1764705882353
2013-04-30,103.52941176470588
2013-05-01,113.14834578441835
2013-05-02,99.74919957310564
2013-05-03,119.1035218783351
2013-05-04,23.82070437566702
2013-05-05,61.04055496264674
2013-05-06,117.61472785485591
2013-05-07,110.17075773745997
2013-05-08,123.56990394877266
2013-05-09,101.23799359658483
2013-05-10,107.19316969050159
2013-05-11,35.73105656350053
2013-05-12,64.01814300960511
2013-05-13,139.94663820704375
2013-05-14,148.87940234791887
2013-05-15,125.05869797225185
2013-05-16,136.96905016008537
2013-05-17,102.72678762006403
2013-05-18,40.1974386339381
2013-05-19,28.28708644610459
2013-05-20,136.96905016008537
2013-05-21,129.5250800426894
2013-05-22,144.4130202774813
2013-05-23,113.14834578441835
2013-05-24,71.46211312700106
2013-05-25,4.466382070437566
2013-05-26,43.17502668089647
2013-05-27,31.264674493062962
2013-05-28,80.3948772678762
2013-05-29,74.43970117395943
2013-05-30,111.65955176093915
2013-05-31,50.618996798292414
2013-06-01,32.17270194986072
2013-06-02,32.17270194986072
2013-06-03,54.108635097493035
2013-06-04,73.11977715877437
2013-06-05,63.6142061281337
2013-06-06,54.83983286908077
2013-06-07,43.14066852367688
2013-06-08,24.129526462395543
2013-06-09,16.08635097493036
2013-06-10,43.871866295264624
2013-06-11,44.60306406685236
2013-06-12,25.59192200557103
2013-06-13,51.9150417827298
2013-06-14,19.742339832869078
2013-06-15,32.90389972144847
2013-06-16,37.29108635097493
2013-06-17,22.667130919220053
2013-06-18,41.67827298050139
2013-06-19,22.667130919220053
2013-06-20,19.742339832869078
2013-06-21,19.742339832869078
2013-06-22,20.473537604456823
2013-06-23,24.129526462395543
2013-06-24,16.08635097493036
2013-06-25,35.097493036211695
2013-06-26,44.60306406685236
2013-06-27,38.75348189415042
2013-06-28,50.45264623955431
2013-06-29,32.17270194986072
2013-06-30,12.430362116991642
2013-07-01,26.25770020533881
2013-07-02,30.236139630390145
2013-07-03,27.849075975359344
2013-07-04,29.042607802874745
2013-07-05,20.29004106776181
2013-07-06,25.06416837782341
2013-07-07,16.311601642710475
2013-07-08,20.29004106776181
2013-07-09,23.074948665297743
2013-07-10,23.074948665297743
2013-07-11,36.601642710472284
2013-07-12,38.19301848049282
2013-07-13,20.687885010266942
2013-07-14,11.935318275154005
2013-07-15,26.25770020533881
2013-07-16,19.494353182751542
2013-07-17,29.83829568788501
2013-07-18,23.472792607802877
2013-07-19,24.268480492813143
2013-07-20,33.02104722792608
2013-07-21,25.06416837782341
2013-07-22,23.074948665297743
2013-07-23,32.62320328542095
2013-07-24,29.83829568788501
2013-07-25,17.10728952772074
2013-07-26,24.666324435318277
2013-07-27,20.687885010266942
2013-07-28,3.978439425051335
2013-07-29,39.78439425051335
2013-07-30,33.02104722792608
2013-07-31,19.892197125256676
2013-08-01,29.03534430225472
2013-08-02,33.41803778184034
2013-08-03,43.27909811090798
2013-08-04,41.08775137111517
2013-08-05,25.748324192565505
2013-08-06,25.200487507617304
2013-08-07,42.18342474101157
2013-08-08,15.887263863497866
2013-08-09,42.73126142595978
2013-08-10,31.774527726995732
2013-08-11,19.72212065813528
2013-08-12,31.774527726995732
2013-08-13,28.487507617306516
2013-08-14,35.609384521633146
2013-08-15,6.574040219378427
2013-08-16,23.556977452772696
2013-08-17,24.1048141377209
2013-08-18,15.887263863497866
2013-08-19,29.03534430225472
2013-08-20,31.774527726995732
2013-08-21,32.32236441194393
2013-08-22,54.783668494820226
2013-08-23,26.296160877513707
2013-08-24,31.774527726995732
2013-08-25,23.556977452772696
2013-08-26,36.70505789152955
2013-08-27,24.652650822669102
2013-08-28,21.91346739792809
2013-08-29,35.061547836684944
2013-08-30,19.72212065813528
2013-08-31,15.339427178549663
2013-09-01,28.313609467455617
2013-09-02,14.644970414201183
2013-09-03,38.07692307692307
2013-09-04,31.242603550295854
2013-09-05,43.93491124260355
2013-09-06,46.86390532544378
2013-09-07,31.242603550295854
2013-09-08,30.26627218934911
2013-09-09,46.86390532544378
2013-09-10,36.124260355029584
2013-09-11,58.57988165680473
2013-09-12,49.792899408284015
2013-09-13,61.508875739644964
2013-09-14,19.52662721893491
2013-09-15,37.10059171597633
2013-09-16,57.60355029585798
2013-09-17,37.10059171597633
2013-09-18,39.05325443786982
2013-09-19,78.10650887573964
2013-09-20,33.19526627218934
2013-09-21,15.621301775147927
2013-09-22,41.98224852071005
2013-09-23,59.556213017751475
2013-09-24,62.48520710059171
2013-09-25,46.86390532544378
2013-09-26,60.53254437869822
2013-09-27,60.53254437869822
2013-09-28,20.502958579881653
2013-09-29,35.14792899408283
2013-09-30,97.63313609467454
2013-10-01,79.95036764705881
2013-10-02,103.5422794117647
2013-10-03,56.358455882352935
2013-10-04,82.57169117647058
2013-10-05,40.63051470588235
2013-10-06,64.22242647058823
2013-10-07,69.46507352941175
2013-10-08,77.32904411764706
2013-10-09,91.74632352941175
2013-10-10,94.36764705882352
2013-10-11,66.84375
2013-10-12,22.28125
2013-10-13,36.6985294117647
2013-10-14,39.319852941176464
2013-10-15,110.09558823529412
2013-10-16,77.32904411764706
2013-10-17,41.94117647058823
2013-10-18,55.04779411764706
2013-10-19,14.417279411764705
2013-10-20,18.34926470588235
2013-10-21,121.89154411764704
2013-10-22,81.2610294117647
2013-10-23,131.06617647058823
2013-10-24,73.3970588235294
2013-10-25,66.84375
2013-10-26,26.213235294117645
2013-10-27,57.66911764705882
2013-10-28,89.125
2013-10-29,99.61029411764704
2013-10-30,81.2610294117647
2013-10-31,68.15441176470588
2013-11-01,80.79800498753116
2013-11-02,35.91022443890274
2013-11-03,56.857855361596
2013-11-04,124.18952618453864
2013-11-05,86.78304239401496
2013-11-06,125.68578553615959
2013-11-07,106.23441396508727
2013-11-08,91.27182044887779
2013-11-09,32.917705735660846
2013-11-10,32.917705735660846
2013-11-11,82.29426433915211
2013-11-12,94.26433915211969
2013-11-13,137.65586034912718
2013-11-14,112.21945137157105
2013-11-15,94.26433915211969
2013-11-16,20.947630922693264
2013-11-17,28.428927680798
2013-11-18,106.23441396508727
2013-11-19,113.715710723192
2013-11-20,148.1296758104738
2013-11-21,149.62593516209475
2013-11-22,122.69326683291769
2013-11-23,32.917705735660846
2013-11-24,38.90274314214464
2013-11-25,118.20448877805485
2013-11-26,70.32418952618453
2013-11-27,49.37655860349127
2013-11-28,41.89526184538653
2013-11-29,28.428927680798
2013-11-30,35.91022443890274
2013-12-01,46.99846860643185
2013-12-02,90.86370597243491
2013-12-03,119.06278713629402
2013-12-04,114.36294027565084
2013-12-05,126.895865237366
2013-12-06,93.9969372128637
2013-12-07,21.93261868300153
2013-12-08,46.99846860643185
2013-12-09,103.39663093415007
2013-12-10,125.3292496171516
2013-12-11,144.12863705972435
2013-12-12,156.6615620214395
2013-12-13,106.52986217457887
2013-12-14,29.765696784073505
2013-12-15,70.49770290964777
2013-12-16,131.5957120980092
2013-12-17,100.26339969372128
2013-12-18,90.86370597243491
2013-12-19,61.09800918836141
2013-12-20,43.86523736600306
2013-12-21,12.53292496171516
2013-12-22,23.499234303215925
2013-12-23,10.966309341500764
2013-12-24,10.966309341500764
2013-12-25,14.099540581929556
2013-12-26,18.79938744257274
2013-12-27,14.099540581929556
2013-12-28,23.499234303215925
2013-12-29,26.632465543644717
2013-12-30,45.43185298621746
2013-12-31,20.366003062787136
2014-01-01,7.909793814432989
2014-01-02,25.047680412371133
2014-01-03,27.684278350515463
2014-01-04,21.09278350515464
2014-01-05,39.54896907216495
2014-01-06,56.68685567010309
2014-01-07,85.68943298969072
2014-01-08,104.14561855670102
2014-01-09,110.73711340206185
2014-01-10,64.59664948453609
2014-01-11,25.047680412371133
2014-01-12,50.095360824742265
2014-01-13,94.91752577319588
2014-01-14,94.91752577319588
2014-01-15,131.8298969072165
2014-01-16,101.5090206185567
2014-01-17,93.59922680412372
2014-01-18,25.047680412371133
2014-01-19,26.3659793814433
2014-01-20,43.503865979381445
2014-01-21,79.0979381443299
2014-01-22,87.00773195876289
2014-01-23,76.46134020618557
2014-01-24,87.00773195876289
2014-01-25,14.501288659793815
2014-01-26,39.54896907216495
2014-01-27,102.82731958762886
2014-01-28,59.32345360824742
2014-01-29,84.37113402061856
2014-01-30,85.68943298969072
2014-01-31,100.19072164948453
2014-02-01,47.90994371482177
2014-02-02,23.954971857410886
2014-02-03,57.22576610381489
2014-02-04,51.90243902439025
2014-02-05,75.85741088180113
2014-02-06,107.79737335834898
2014-02-07,70.5340838023765
2014-02-08,23.954971857410886
2014-02-09,57.22576610381489
2014-02-10,110.4590368980613
2014-02-11,123.76735459662291
2014-02-12,87.83489681050658
2014-02-13,89.16572858036274
2014-02-14,61.218261413383374
2014-02-15,23.954971857410886
2014-02-16,41.25578486554097
2014-02-17,73.19574734208881
2014-02-18,113.12070043777362
2014-02-19,97.1507191994997
2014-02-20,117.1131957473421
2014-02-21,86.50406504065042
2014-02-22,10.646654158849282
2014-02-23,41.25578486554097
2014-02-24,133.08317698561603
2014-02-25,106.46654158849282
2014-02-26,126.42901813633523
2014-02-27,86.50406504065042
2014-02-28,82.51156973108193
2014-03-01,27.087051142546244
2014-03-02,35.70565832426551
2014-03-03,77.56746463547334
2014-03-04,87.41730141458106
2014-03-05,81.26115342763873
2014-03-06,109.57943416757345
2014-03-07,88.64853101196954
2014-03-08,41.861806311207836
2014-03-09,50.48041349292709
2014-03-10,81.26115342763873
2014-03-11,89.879760609358
2014-03-12,93.57344940152339
2014-03-13,123.12295973884657
2014-03-14,76.33623503808488
2014-03-15,13.543525571273122
2014-03-16,40.630576713819366
2014-03-17,84.95484221980414
2014-03-18,104.65451577801959
2014-03-19,94.80467899891185
2014-03-20,98.49836779107726
2014-03-21,76.33623503808488
2014-03-22,30.780739934711644
2014-03-23,48.017954298150165
2014-03-24,70.18008705114255
2014-03-25,70.18008705114255
2014-03-26,104.65451577801959
2014-03-27,72.64254624591948
2014-03-28,96.03590859630033
2014-03-29,33.24319912948857
2014-03-30,40.630576713819366
2014-03-31,119.42927094668117
2014-04-01,98.87465181058496
2014-04-02,100.32869080779945
2014-04-03,79.97214484679665
2014-04-04,127.95543175487465
2014-04-05,30.534818941504177
2014-04-06,40.713091922005574
2014-04-07,100.32869080779945
2014-04-08,109.05292479108635
2014-04-09,111.96100278551532
2014-04-10,103.23676880222841
2014-04-11,93.05849582172702
2014-04-12,39.259052924791085
2014-04-13,49.43732590529248
2014-04-14,109.05292479108635
2014-04-15,97.42061281337048
2014-04-16,114.8690807799443
2014-04-17,91.60445682451254
2014-04-18,88.69637883008356
2014-04-19,18.9025069637883
2014-04-20,69.79387186629526
2014-04-21,97.42061281337048
2014-04-22,117.77715877437326
2014-04-23,145.40389972144848
2014-04-24,114.8690807799443
2014-04-25,81.42618384401115
2014-04-26,23.264623955431755
2014-04-27,45.07520891364903
2014-04-28,87.24233983286908
2014-04-29,94.5125348189415
2014-04-30,127.95543175487465
2014-05-01,112.49484536082475
2014-05-02,76.70103092783506
2014-05-03,23.01030927835052
2014-05-04,58.80412371134021
2014-05-05,126.55670103092784
2014-05-06,120.16494845360826
2014-05-07,125.27835051546393
2014-05-08,98.43298969072166
2014-05-09,95.87628865979383
2014-05-10,44.74226804123712
2014-05-11,58.80412371134021
2014-05-12,127.83505154639177
2014-05-13,98.43298969072166
2014-05-14,88.20618556701032
2014-05-15,122.7216494845361
2014-05-16,117.60824742268042
2014-05-17,38.35051546391753
2014-05-18,34.51546391752578
2014-05-19,118.88659793814435
2014-05-20,84.37113402061857
2014-05-21,72.86597938144331
2014-05-22,94.5979381443299
2014-05-23,85.64948453608248
2014-05-24,14.061855670103094
2014-05-25,23.01030927835052
2014-05-26,54.96907216494846
2014-05-27,66.47422680412372
2014-05-28,93.31958762886599
2014-05-29,88.20618556701032
2014-05-30,88.20618556701032
2014-05-31,26.845360824742272
2014-06-01,48.46356453028972
2014-06-02,92.71290605794556
2014-06-03,105.35557506584723
2014-06-04,104.30201931518876
2014-06-05,55.83845478489903
2014-06-06,47.410008779631255
2014-06-07,17.91044776119403
2014-06-08,31.60667251975417
2014-06-09,34.76733977172959
2014-06-10,66.37401229148375
2014-06-11,52.67778753292362
2014-06-12,45.30289727831431
2014-06-13,29.499561018437223
2014-06-14,9.48200175592625
2014-06-15,13.69622475856014
2014-06-16,64.26690079016682
2014-06-17,34.76733977172959
2014-06-18,52.67778753292362
2014-06-19,40.03511852502195
2014-06-20,18.9640035118525
2014-06-21,17.91044776119403
2014-06-22,27.39244951712028
2014-06-23,17.91044776119403
2014-06-24,28.44600526777875
2014-06-25,34.76733977172959
2014-06-26,21.071115013169447
2014-06-27,33.71378402107111
2014-06-28,13.69622475856014
2014-06-29,17.91044776119403
2014-06-30,21.071115013169447
2014-07-01,20.81399870382372
2014-07-02,43.31561892417369
2014-07-03,29.81464679196371
2014-07-04,27.00194426441996
2014-07-05,43.87815942968244
2014-07-06,18.001296176279975
2014-07-07,20.81399870382372
2014-07-08,20.25145819831497
2014-07-09,17.438755670771226
2014-07-10,28.12702527543746
2014-07-11,28.68956578094621
2014-07-12,25.876863253402465
2014-07-13,4.500324044069994
2014-07-14,24.189241736876216
2014-07-15,20.25145819831497
2014-07-16,38.25275437459495
2014-07-17,38.8152948801037
2014-07-18,29.25210628645496
2014-07-19,21.93907971484122
2014-07-20,31.502268308489956
2014-07-21,56.25405055087492
2014-07-22,10.125729099157486
2014-07-23,24.751782242384966
2014-07-24,14.06351263771873
2014-07-25,18.001296176279975
2014-07-26,30.37718729747246
2014-07-27,30.939727802981206
2014-07-28,41.06545690213869
2014-07-29,41.06545690213869
2014-07-30,44.44069993519119
2014-07-31,24.189241736876216
2014-08-01,31.125216387766876
2014-08-02,33.27178303519908
2014-08-03,46.15118291979227
2014-08-04,42.93133294864397
2014-08-05,26.29544143104443
2014-08-06,23.075591459896135
2014-08-07,25.222158107328333
2014-08-08,21.465666474321985
2014-08-09,20.929024812463936
2014-08-10,20.929024812463936
2014-08-11,19.319099826889786
2014-08-12,31.66185804962493
2014-08-13,52.05424120023081
2014-08-14,53.66416618580496
2014-08-15,34.345066358915176
2014-08-16,24.685516445470284
2014-08-17,12.342758222735142
2014-08-18,43.46797461050202
2014-08-19,29.51529140219273
2014-08-20,22.538949798038082
2014-08-21,23.075591459896135
2014-08-22,33.80842469705713
2014-08-23,32.19849971148298
2014-08-24,24.148874783612232
2014-08-25,38.63819965377957
2014-08-26,25.758799769186382
2014-08-27,38.63819965377957
2014-08-28,39.17484131563762
2014-08-29,26.83208309290248
2014-08-30,28.44200807847663
2014-08-31,4.293133294864397
2014-09-01,28.04677623261694
2014-09-02,58.994943109987354
2014-09-03,35.78381795195954
2014-09-04,39.65233881163084
2014-09-05,44.48798988621997
2014-09-06,0.0
2014-09-07,31.91529709228824
2014-09-08,49.3236409608091
2014-09-09,80.27180783817951
2014-09-10,75.43615676359039
2014-09-11,68.6662452591656
2014-09-12,58.02781289506953
2014-09-13,12.572692793931731
2014-09-14,45.455120101137794
2014-09-15,64.7977243994943
2014-09-16,52.22503160556258
2014-09-17,68.6662452591656
2014-09-18,39.65233881163084
2014-09-19,78.33754740834387
2014-09-20,8.70417193426043
2014-09-21,25.145385587863462
2014-09-22,78.33754740834387
2014-09-23,46.422250316055624
2014-09-24,96.71302149178254
2014-09-25,57.0606826801517
2014-09-26,48.35651074589127
2014-09-27,33.84955752212389
2014-09-28,46.422250316055624
2014-09-29,62.86346396965865
2014-09-30,93.81163084702906
2014-10-01,64.1830985915493
2014-10-02,90.38028169014085
2014-10-03,83.83098591549296
2014-10-04,23.577464788732396
2014-10-05,15.71830985915493
2014-10-06,72.04225352112677
2014-10-07,70.73239436619718
2014-10-08,111.33802816901408
2014-10-09,75.97183098591549
2014-10-10,72.04225352112677
2014-10-11,31.43661971830986
2014-10-12,27.507042253521128
2014-10-13,75.97183098591549
2014-10-14,52.3943661971831
2014-10-15,86.45070422535211
2014-10-16,98.23943661971832
2014-10-17,45.845070422535215
2014-10-18,40.605633802816904
2014-10-19,44.53521126760563
2014-10-20,103.47887323943662
2014-10-21,96.92957746478874
2014-10-22,106.09859154929578
2014-10-23,98.23943661971832
2014-10-24,96.92957746478874
2014-10-25,7.859154929577465
2014-10-26,35.36619718309859
2014-10-27,78.59154929577466
2014-10-28,121.8169014084507
2014-10-29,130.98591549295776
2014-10-30,96.92957746478874
2014-10-31,75.97183098591549
2014-11-01,17.36842105263158
2014-11-02,37.89473684210526
2014-11-03,113.6842105263158
2014-11-04,91.57894736842105
2014-11-05,104.21052631578948
2014-11-06,113.6842105263158
2014-11-07,108.94736842105263
2014-11-08,36.31578947368421
2014-11-09,48.94736842105263
2014-11-10,94.73684210526316
2014-11-11,86.84210526315789
2014-11-12,157.89473684210526
2014-11-13,108.94736842105263
2014-11-14,140.5263157894737
2014-11-15,23.68421052631579
2014-11-16,34.73684210526316
2014-11-17,115.26315789473685
2014-11-18,129.47368421052633
2014-11-19,137.3684210526316
2014-11-20,121.57894736842105
2014-11-21,115.26315789473685
2014-11-22,23.68421052631579
2014-11-23,31.578947368421055
2014-11-24,105.78947368421053
2014-11-25,93.15789473684211
2014-11-26,44.21052631578947
2014-11-27,15.789473684210527
2014-11-28,11.052631578947368
2014-11-29,28.42105263157895
2014-11-30,47.36842105263158
2014-12-01,110.00571428571429
2014-12-02,133.92000000000002
2014-12-03,132.3257142857143
2014-12-04,159.42857142857144
2014-12-05,141.89142857142858
2014-12-06,47.82857142857143
2014-12-07,65.36571428571429
2014-12-08,111.6
2014-12-09,137.10857142857142
2014-12-10,138.70285714285714
2014-12-11,140.29714285714286
2014-12-12,111.6
2014-12-13,17.537142857142857
2014-12-14,76.52571428571429
2014-12-15,81.30857142857143
2014-12-16,135.5142857142857
2014-12-17,116.38285714285715
2014-12-18,81.30857142857143
2014-12-19,58.98857142857143
2014-12-20,4.782857142857143
2014-12-21,17.537142857142857
2014-12-22,44.64
2014-12-23,22.32
2014-12-24,4.782857142857143
2014-12-25,20.725714285714286
2014-12-26,12.754285714285714
2014-12-27,22.32
2014-12-28,12.754285714285714
2014-12-29,33.480000000000004
2014-12-30,19.13142857142857
2014-12-31,19.13142857142857
2015-01-01,33.35419198055894
2015-01-02,27.553462940461728
2015-01-03,18.85236938031592
2015-01-04,26.10328068043743
2015-01-05,55.106925880923455
2015-01-06,68.15856622114217
2015-01-07,89.9113001215067
2015-01-08,116.01458080194412
2015-01-09,114.56439854191981
2015-01-10,23.202916160388824
2015-01-11,63.80801944106926
2015-01-12,84.11057108140949
2015-01-13,118.91494532199272
2015-01-14,139.21749696233294
2015-01-15,110.21385176184691
2015-01-16,72.50911300121507
2015-01-17,30.453827460510333
2015-01-18,34.804374240583236
2015-01-19,65.25820170109357
2015-01-20,145.01822600243014
2015-01-21,117.46476306196843
2015-01-22,118.91494532199272
2015-01-23,116.01458080194412
2015-01-24,23.202916160388824
2015-01-25,49.30619684082625
2015-01-26,107.31348724179831
2015-01-27,100.0625759416768
2015-01-28,100.0625759416768
2015-01-29,81.21020656136088
2015-01-30,110.21385176184691
2015-01-31,26.10328068043743
2015-02-01,33.35294117647059
2015-02-02,86.16176470588235
2015-02-03,138.97058823529412
2015-02-04,100.05882352941177
2015-02-05,100.05882352941177
2015-02-06,137.58088235294116
2015-02-07,43.080882352941174
2015-02-08,37.52205882352941
2015-02-09,108.3970588235294
2015-02-10,125.0735294117647
2015-02-11,107.00735294117646
2015-02-12,113.95588235294117
2015-02-13,87.55147058823529
2015-02-14,27.794117647058822
2015-02-15,30.573529411764703
2015-02-16,48.63970588235294
2015-02-17,95.88970588235294
2015-02-18,104.22794117647058
2015-02-19,83.38235294117646
2015-02-20,59.75735294117647
2015-02-21,54.1985294117647
2015-02-22,45.86029411764706
2015-02-23,86.16176470588235
2015-02-24,108.3970588235294
2015-02-25,102.83823529411764
2015-02-26,98.66911764705883
2015-02-27,80.60294117647058
2015-02-28,22.235294117647058
2015-03-01,32.51137594799567
2015-03-02,82.75622968580716
2015-03-03,115.26760563380283
2015-03-04,107.8786565547129
2015-03-05,88.6673889490791
2015-03-06,97.53412784398701
2015-03-07,63.544962080173356
2015-03-08,29.5557963163597
2015-03-09,119.70097508125679
2015-03-10,125.61213434452873
2015-03-11,122.65655471289276
2015-03-12,109.35644637053089
2015-03-13,78.3228602383532
2015-03-14,60.589382448537386
2015-03-15,60.589382448537386
2015-03-16,115.26760563380283
2015-03-17,110.83423618634887
2015-03-18,94.57854821235104
2015-03-19,116.74539544962082
2015-03-20,45.811484290357534
2015-03-21,42.85590465872156
2015-03-22,69.45612134344529
2015-03-23,104.92307692307693
2015-03-24,93.10075839653305
2015-03-25,101.96749729144096
2015-03-26,147.7789815817985
2015-03-27,93.10075839653305
2015-03-28,42.85590465872156
2015-03-29,41.37811484290358
2015-03-30,124.13434452871074
2015-03-31,88.6673889490791
2015-04-01,92.51386321626617
2015-04-02,109.33456561922365
2015-04-03,47.09796672828096
2015-04-04,21.866913123844732
2015-04-05,43.733826247689464
2015-04-06,89.14972273567467
2015-04-07,121.1090573012939
2015-04-08,122.79112754158965
2015-04-09,97.56007393715342
2015-04-10,95.87800369685768
2015-04-11,28.595194085027725
2015-04-12,45.415896487985215
2015-04-13,92.51386321626617
2015-04-14,102.60628465804066
2015-04-15,116.06284658040666
2015-04-16,144.65804066543438
2015-04-17,92.51386321626617
2015-04-18,25.23105360443623
2015-04-19,53.826247689463955
2015-04-20,121.1090573012939
2015-04-21,139.61182994454714
2015-04-22,111.01663585951941
2015-04-23,148.02218114602587
2015-04-24,102.60628465804066
2015-04-25,42.05175600739371
2015-04-26,33.64140480591497
2015-04-27,105.97042513863217
2015-04-28,89.14972273567467
2015-04-29,168.20702402957485
2015-04-30,126.15526802218115
2015-05-01,151.88902007083826
2015-05-02,53.069657615112156
2015-05-03,31.109799291617474
2015-05-04,144.56906729634002
2015-05-05,135.41912632821723
2015-05-06,148.22904368358914
2015-05-07,166.5289256198347
2015-05-08,102.47933884297521
2015-05-09,40.25974025974026
2015-05-10,45.74970484061393
2015-05-11,122.60920897284534
2015-05-12,182.99881936245572
2015-05-13,118.94923258559622
2015-05-14,155.54899645808737
2015-05-15,102.47933884297521
2015-05-16,36.599763872491145
2015-05-17,49.40968122786305
2015-05-18,155.54899645808737
2015-05-19,122.60920897284534
2015-05-20,128.099173553719
2015-05-21,157.37898465171193
2015-05-22,96.98937426210153
2015-05-23,18.299881936245573
2015-05-24,29.279811097992916
2015-05-25,25.619834710743802
2015-05-26,115.2892561983471
2015-05-27,153.71900826446281
2015-05-28,140.9090909090909
2015-05-29,91.49940968122786
2015-05-30,18.299881936245573
2015-05-31,58.55962219598583
2015-06-01,85.09433962264151
2015-06-02,103.77358490566037
2015-06-03,73.67924528301887
2015-06-04,93.39622641509433
2015-06-05,30.09433962264151
2015-06-06,26.9811320754717
2015-06-07,33.20754716981132
2015-06-08,62.264150943396224
2015-06-09,76.79245283018868
2015-06-10,80.94339622641509
2015-06-11,43.58490566037736
2015-06-12,44.62264150943396
2015-06-13,22.830188679245282
2015-06-14,28.0188679245283
2015-06-15,45.660377358490564
2015-06-16,45.660377358490564
2015-06-17,17.641509433962263
2015-06-18,36.320754716981135
2015-06-19,30.09433962264151
2015-06-20,4.150943396226415
2015-06-21,22.830188679245282
2015-06-22,29.056603773584904
2015-06-23,42.54716981132076
2015-06-24,57.075471698113205
2015-06-25,39.43396226415094
2015-06-26,37.35849056603774
2015-06-27,9.339622641509434
2015-06-28,22.830188679245282
2015-06-29,32.16981132075472
2015-06-30,42.54716981132076
2015-07-01,52.69770879526977
2015-07-02,23.713968957871398
2015-07-03,8.958610495195861
2015-07-04,20.55210643015521
2015-07-05,26.348854397634884
2015-07-06,30.03769401330377
2015-07-07,33.19955654101996
2015-07-08,26.875831485587582
2015-07-09,22.660014781966
2015-07-10,27.40280857354028
2015-07-11,9.48558758314856
2015-07-12,19.498152254249817
2015-07-13,30.03769401330377
2015-07-14,25.821877309682186
2015-07-15,33.72653362897265
2015-07-16,30.03769401330377
2015-07-17,15.80931263858093
2015-07-18,14.755358462675536
2015-07-19,25.294900221729492
2015-07-20,11.59349593495935
2015-07-21,7.377679231337768
2015-07-22,25.821877309682186
2015-07-23,30.56467110125647
2015-07-24,15.80931263858093
2015-07-25,34.25351071692535
2015-07-26,4.74279379157428
2015-07-27,18.44419807834442
2015-07-28,22.660014781966
2015-07-29,33.72653362897265
2015-07-30,15.282335550628234
2015-07-31,15.80931263858093
2015-08-01,26.332872928176794
2015-08-02,4.49585635359116
2015-08-03,31.47099447513812
2015-08-04,20.552486187845304
2015-08-05,20.552486187845304
2015-08-06,34.68232044198895
2015-08-07,21.194751381215468
2015-08-08,35.324585635359114
2015-08-09,22.4792817679558
2015-08-10,44.31629834254144
2015-08-11,33.39779005524862
2015-08-12,37.89364640883978
2015-08-13,38.53591160220994
2015-08-14,24.406077348066297
2015-08-15,8.349447513812155
2015-08-16,17.341160220994475
2015-08-17,23.763812154696133
2015-08-18,50.738950276243095
2015-08-19,37.251381215469614
2015-08-20,26.975138121546962
2015-08-21,24.406077348066297
2015-08-22,25.69060773480663
2015-08-23,34.68232044198895
2015-08-24,53.30801104972376
2015-08-25,32.755524861878456
2015-08-26,32.755524861878456
2015-08-27,16.69889502762431
2015-08-28,34.040055248618785
2015-08-29,25.69060773480663
2015-08-30,25.69060773480663
2015-08-31,64.22651933701657
2015-09-01,56.91699604743083
2015-09-02,41.46809712027103
2015-09-03,61.79559570863918
2015-09-04,33.33709768492377
2015-09-05,8.130999435347261
2015-09-06,13.009599096555618
2015-09-07,19.514398644833427
2015-09-08,38.21569734613213
2015-09-09,40.65499717673631
2015-09-10,62.608695652173914
2015-09-11,22.766798418972332
2015-09-12,16.261998870694523
2015-09-13,27.64539808018069
2015-09-14,62.608695652173914
2015-09-15,62.608695652173914
2015-09-16,59.356295878035006
2015-09-17,74.8051948051948
2015-09-18,56.103896103896105
2015-09-19,16.261998870694523
2015-09-20,52.8514963297572
2015-09-21,48.785996612083565
2015-09-22,61.79559570863918
2015-09-23,60.169395821569736
2015-09-24,63.42179559570864
2015-09-25,81.30999435347262
2015-09-26,29.27159796725014
2015-09-27,36.58949745906268
2015-09-28,80.4968944099379
2015-09-29,72.36589497459063
2015-09-30,78.87069452286843
2015-10-01,61.4655172413793
2015-10-02,65.47413793103448
2015-10-03,8.017241379310343
2015-10-04,28.060344827586203
2015-10-05,72.1551724137931
2015-10-06,92.19827586206895
2015-10-07,84.1810344827586
2015-10-08,100.2155172413793
2015-10-09,82.84482758620689
2015-10-10,8.017241379310343
2015-10-11,29.39655172413793
2015-10-12,58.79310344827586
2015-10-13,133.62068965517238
2015-10-14,109.56896551724137
2015-10-15,96.20689655172413
2015-10-16,101.55172413793102
2015-10-17,21.379310344827584
2015-10-18,64.13793103448275
2015-10-19,114.91379310344826
2015-10-20,106.89655172413792
2015-10-21,88.18965517241378
2015-10-22,84.1810344827586
2015-10-23,74.82758620689654
2015-10-24,45.43103448275861
2015-10-25,40.08620689655172
2015-10-26,104.22413793103448
2015-10-27,128.2758620689655
2015-10-28,105.56034482758619
2015-10-29,116.24999999999999
2015-10-30,65.47413793103448
2015-10-31,33.405172413793096
2015-11-01,37.60445682451254
2015-11-02,82.72980501392757
2015-11-03,135.37604456824513
2015-11-04,114.69359331476323
2015-11-05,154.1782729805014
2015-11-06,99.65181058495821
2015-11-07,39.48467966573816
2015-11-08,60.16713091922006
2015-11-09,135.37604456824513
2015-11-10,141.016713091922
2015-11-11,131.61559888579387
2015-11-12,125.974930362117
2015-11-13,122.21448467966574
2015-11-14,31.963788300835656
2015-11-15,39.48467966573816
2015-11-16,135.37604456824513
2015-11-17,135.37604456824513
2015-11-18,186.14206128133705
2015-11-19,188.02228412256267
2015-11-20,146.6573816155989
2015-11-21,24.44289693593315
2015-11-22,35.72423398328691
2015-11-23,50.76601671309192
2015-11-24,77.0891364902507
2015-11-25,67.68802228412257
2015-11-26,37.60445682451254
2015-11-27,15.041782729805014
2015-11-28,11.28133704735376
2015-11-29,48.8857938718663
2015-11-30,88.37047353760445
2015-12-01,177.6772247360483
2015-12-02,174.12368024132732
2015-12-03,147.47209653092008
2015-12-04,113.7134238310709
2015-12-05,39.08898944193062
2015-12-06,42.64253393665159
2015-12-07,111.93665158371041
2015-12-08,151.02564102564105
2015-12-09,152.80241327300152
2015-12-10,161.68627450980392
2015-12-11,122.59728506787332
2015-12-12,35.535444947209655
2015-12-13,65.74057315233786
2015-12-14,136.81146304675718
2015-12-15,110.15987933634993
2015-12-16,124.3740573152338
2015-12-17,103.052790346908
2015-12-18,63.96380090497738
2015-12-19,30.205128205128208
2015-12-20,21.321266968325794
2015-12-21,40.865761689291105
2015-12-22,51.526395173454
2015-12-23,28.428355957767725
2015-12-24,19.54449472096531
2015-12-25,5.330316742081449
2015-12-26,24.874811463046758
2015-12-27,28.428355957767725
2015-12-28,17.767722473604827
2015-12-29,17.767722473604827
2015-12-30,14.214177978883862
2015-12-31,21.321266968325794
2016-01-01,32.038277511961724
2016-01-02,41.38277511961722
2016-01-03,44.05263157894737
2016-01-04,74.75598086124401
2016-01-05,82.76555023923444
2016-01-06,101.45454545454545
2016-01-07,133.49282296650716
2016-01-08,96.11483253588517
2016-01-09,25.363636363636363
2016-01-10,29.36842105263158
2016-01-11,120.14354066985646
2016-01-12,90.77511961722487
2016-01-13,102.78947368421052
2016-01-14,88.10526315789474
2016-01-15,62.74162679425837
2016-01-16,12.014354066985646
2016-01-17,24.028708133971293
2016-01-18,22.69377990430622
2016-01-19,113.4688995215311
2016-01-20,106.79425837320574
2016-01-21,90.77511961722487
2016-01-22,90.77511961722487
2016-01-23,25.363636363636363
2016-01-24,52.0622009569378
2016-01-25,86.77033492822966
2016-01-26,94.77990430622009
2016-01-27,88.10526315789474
2016-01-28,102.78947368421052
2016-01-29,98.7846889952153
2016-01-30,57.40191387559808
2016-01-31,40.047846889952154
2016-02-01,87.67441860465117
2016-02-02,95.76744186046511
2016-02-03,103.86046511627907
2016-02-04,93.06976744186046
2016-02-05,79.5813953488372
2016-02-06,40.46511627906977
2016-02-07,26.97674418604651
2016-02-08,95.76744186046511
2016-02-09,87.67441860465117
2016-02-10,129.48837209302326
2016-02-11,90.37209302325581
2016-02-12,66.09302325581395
2016-02-13,31.023255813953487
2016-02-14,40.46511627906977
2016-02-15,63.3953488372093
2016-02-16,91.72093023255813
2016-02-17,105.20930232558139
2016-02-18,99.81395348837209
2016-02-19,121.3953488372093
2016-02-20,24.27906976744186
2016-02-21,48.55813953488372
2016-02-22,110.60465116279069
2016-02-23,134.88372093023256
2016-02-24,101.16279069767441
2016-02-25,132.1860465116279
2016-02-26,116.0
2016-02-27,21.58139534883721
2016-02-28,33.72093023255814
2016-02-29,105.20930232558139
2016-03-01,107.40064970221982
2016-03-02,116.91716296697348
2016-03-03,135.9501894964808
2016-03-04,111.47915538711425
2016-03-05,27.190037899296158
2016-03-06,32.62804547915539
2016-03-07,110.11965349214944
2016-03-08,99.24363833243098
2016-03-09,134.59068760151598
2016-03-10,118.27666486193829
2016-03-11,62.53708716838116
2016-03-12,39.42555495397943
2016-03-13,44.86356253383866
2016-03-14,82.92961559285328
2016-03-15,92.44612885760694
2016-03-16,110.11965349214944
2016-03-17,112.83865728207905
2016-03-18,82.92961559285328
2016-03-19,24.471034109366542
2016-03-20,54.380075798592316
2016-03-21,93.80563075257174
2016-03-22,91.08662696264213
2016-03-23,87.0081212777477
2016-03-24,81.57011369788847
2016-03-25,38.06605305901462
2016-03-26,9.516513264753655
2016-03-27,35.347049269085005
2016-03-28,93.80563075257174
2016-03-29,101.96264212236059
2016-03-30,100.60314022739578
2016-03-31,77.49160801299405
2016-04-01,84.15584415584416
2016-04-02,26.493506493506494
2016-04-03,59.22077922077922
2016-04-04,120.0
2016-04-05,118.44155844155844
2016-04-06,120.0
2016-04-07,113.76623376623377
2016-04-08,82.5974025974026
2016-04-09,20.259740259740262
2016-04-10,32.72727272727273
2016-04-11,121.55844155844156
2016-04-12,109.0909090909091
2016-04-13,113.76623376623377
2016-04-14,118.44155844155844
2016-04-15,129.35064935064935
2016-04-16,12.467532467532468
2016-04-17,51.42857142857143
2016-04-18,99.74025974025975
2016-04-19,135.58441558441558
2016-04-20,110.64935064935065
2016-04-21,96.62337662337663
2016-04-22,121.55844155844156
2016-04-23,42.07792207792208
2016-04-24,32.72727272727273
2016-04-25,107.53246753246754
2016-04-26,155.84415584415586
2016-04-27,115.32467532467533
2016-04-28,129.35064935064935
2016-04-29,149.61038961038963
2016-04-30,29.61038961038961
2016-05-01,49.194865810968494
2016-05-02,104.53908984830805
2016-05-03,149.12193698949824
2016-05-04,130.67386231038506
2016-05-05,133.7485414235706
2016-05-06,121.44982497082847
2016-05-07,44.5828471411902
2016-05-08,61.49358226371062
2016-05-09,99.92707117852976
2016-05-10,136.8232205367561
2016-05-11,86.09101516919486
2016-05-12,153.73395565927655
2016-05-13,135.28588098016337
2016-05-14,29.209451575262545
2016-05-15,38.43348891481914
2016-05-16,119.9124854142357
2016-05-17,109.15110851808635
2016-05-18,129.1365227537923
2016-05-19,109.15110851808635
2016-05-20,75.3296382730455
2016-05-21,26.134772462077013
2016-05-22,41.50816802800467
2016-05-23,86.09101516919486
2016-05-24,112.22578763127187
2016-05-25,78.40431738623104
2016-05-26,83.01633605600934
2016-05-27,59.95624270711785
2016-05-28,10.761376896149358
2016-05-29,19.98541423570595
2016-05-30,50.73220536756126
2016-05-31,49.194865810968494
2016-06-01,50.93775933609959
2016-06-02,61.6182572614108
2016-06-03,38.61410788381743
2016-06-04,37.79253112033195
2016-06-05,31.219917012448136
2016-06-06,50.93775933609959
2016-06-07,82.15767634854772
2016-06-08,64.08298755186722
2016-06-09,46.8298755186722
2016-06-10,39.43568464730291
2016-06-11,22.182572614107887
2016-06-12,22.182572614107887
2016-06-13,21.36099585062241
2016-06-14,26.290456431535272
2016-06-15,32.04149377593361
2016-06-16,41.07883817427386
2016-06-17,17.253112033195023
2016-06-18,29.57676348547718
2016-06-19,26.290456431535272
2016-06-20,16.431535269709546
2016-06-21,24.647302904564317
2016-06-22,16.431535269709546
2016-06-23,35.32780082987552
2016-06-24,13.966804979253114
2016-06-25,26.290456431535272
2016-06-26,16.431535269709546
2016-06-27,23.82572614107884
2016-06-28,24.647302904564317
2016-06-29,24.647302904564317
2016-06-30,25.468879668049794
2016-07-01,8.645070422535213
2016-07-02,23.053521126760565
2016-07-03,17.290140845070425
2016-07-04,26.25539906103287
2016-07-05,14.728638497652584
2016-07-06,25.294835680751177
2016-07-07,25.294835680751177
2016-07-08,31.058215962441317
2016-07-09,19.531455399061034
2016-07-10,16.329577464788734
2016-07-11,8.324882629107982
2016-07-12,22.413145539906107
2016-07-13,23.053521126760565
2016-07-14,29.7774647887324
2016-07-15,14.408450704225354
2016-07-16,9.925821596244132
2016-07-17,19.851643192488265
2016-07-18,28.176525821596247
2016-07-19,27.856338028169016
2016-07-20,25.615023474178408
2016-07-21,31.378403755868547
2016-07-22,25.935211267605638
2016-07-23,9.605633802816902
2016-07-24,19.531455399061034
2016-07-25,30.41784037558686
2016-07-26,24.974647887323947
2016-07-27,27.536150234741786
2016-07-28,22.092957746478877
2016-07-29,25.294835680751177
2016-07-30,32.01877934272301
2016-07-31,16.329577464788734
2016-08-01,21.34697508896797
2016-08-02,37.72953736654804
2016-08-03,16.38256227758007
2016-08-04,33.26156583629893
2016-08-05,14.893238434163699
2016-08-06,30.77935943060498
2016-08-07,19.8576512455516
2016-08-08,19.361209964412808
2016-08-09,19.361209964412808
2016-08-10,25.81494661921708
2016-08-11,20.35409252669039
2016-08-12,23.33274021352313
2016-08-13,26.311387900355868
2016-08-14,23.33274021352313
2016-08-15,36.73665480427046
2016-08-16,34.7508896797153
2016-08-17,20.35409252669039
2016-08-18,32.26868327402135
2016-08-19,11.91459074733096
2016-08-20,34.25444839857651
2016-08-21,13.90035587188612
2016-08-22,46.16903914590747
2016-08-23,39.7153024911032
2016-08-24,22.33985765124555
2016-08-25,23.82918149466192
2016-08-26,27.30427046263345
2016-08-27,15.88612099644128
2016-08-28,12.41103202846975
2016-08-29,49.644128113879
2016-08-30,46.66548042704626
2016-08-31,36.73665480427046
2016-09-01,53.69534555712271
2016-09-02,29.830747531734836
2016-09-03,8.949224259520452
2016-09-04,15.909732016925247
2016-09-05,29.830747531734836
2016-09-06,40.76868829337094
2016-09-07,37.78561354019746
2016-09-08,55.684062059238364
2016-09-09,33.80818053596615
2016-09-10,30.825105782792665
2016-09-11,23.86459802538787
2016-09-12,75.57122708039492
2016-09-13,47.72919605077574
2016-09-14,53.69534555712271
2016-09-15,43.751763046544426
2016-09-16,65.62764456981664
2016-09-17,20.881523272214388
2016-09-18,31.819464033850494
2016-09-19,54.68970380818054
2016-09-20,42.7574047954866
2016-09-21,65.62764456981664
2016-09-22,43.751763046544426
2016-09-23,47.72919605077574
2016-09-24,27.842031029619182
2016-09-25,32.81382228490832
2016-09-26,55.684062059238364
2016-09-27,73.58251057827927
2016-09-28,91.48095909732017
2016-09-29,99.4358251057828
2016-09-30,74.5768688293371
2016-10-01,14.848739495798318
2016-10-02,31.981900452488688
2016-10-03,85.66580478345183
2016-10-04,70.81706528765352
2016-10-05,90.23464770523593
2016-10-06,66.24822236586942
2016-10-07,47.97285067873303
2016-10-08,14.848739495798318
2016-10-09,34.266321913380736
2016-10-10,61.67937944408532
2016-10-11,71.95927601809954
2016-10-12,73.10148674854557
2016-10-13,42.261797026502904
2016-10-14,44.54621848739495
2016-10-15,21.702003878474464
2016-10-16,28.555268261150612
2016-10-17,89.0924369747899
2016-10-18,49.115061409179056
2016-10-19,82.23917259211376
2016-10-20,69.6748545572075
2016-10-21,73.10148674854557
2016-10-22,34.266321913380736
2016-10-23,38.83516483516483
2016-10-24,114.22107304460245
2016-10-25,77.67032967032966
2016-10-26,92.51906916612799
2016-10-27,61.67937944408532
2016-10-28,63.963800904977376
2016-10-29,35.40853264382676
2016-10-30,22.84421460892049
2016-10-31,61.67937944408532
2016-11-01,115.00614250614251
2016-11-02,113.55036855036855
2016-11-03,107.72727272727272
2016-11-04,93.16953316953317
2016-11-05,30.57125307125307
2016-11-06,42.217444717444714
2016-11-07,80.06756756756756
2016-11-08,107.72727272727272
2016-11-09,65.50982800982801
2016-11-10,141.21007371007371
2016-11-11,61.14250614250614
2016-11-12,24.74815724815725
2016-11-13,32.027027027027025
2016-11-14,100.44840294840294
2016-11-15,116.46191646191646
2016-11-16,128.1081081081081
2016-11-17,145.57739557739558
2016-11-18,117.91769041769041
2016-11-19,11.646191646191646
2016-11-20,29.115479115479115
2016-11-21,69.87714987714988
2016-11-22,59.686732186732186
2016-11-23,46.584766584766584
2016-11-24,36.394348894348894
2016-11-25,27.659705159705158
2016-11-26,42.217444717444714
2016-11-27,34.93857493857494
2016-11-28,103.35995085995086
2016-11-29,142.66584766584765
2016-11-30,142.66584766584765
2016-12-01,125.16250000000001
2016-12-02,102.10625
2016-12-03,46.112500000000004
2016-12-04,60.934375
2016-12-05,115.28125
2016-12-06,125.16250000000001
2016-12-07,164.6875
2016-12-08,135.04375000000002
2016-12-09,102.10625
2016-12-10,39.525000000000006
2016-12-11,31.290625000000002
2016-12-12,118.575
2016-12-13,139.984375
2016-12-14,98.8125
2016-12-15,79.05000000000001
2016-12-16,111.98750000000001
2016-12-17,29.64375
2016-12-18,59.2875
2016-12-19,49.40625
2016-12-20,69.16875
2016-12-21,41.171875
2016-12-22,31.290625000000002
2016-12-23,19.762500000000003
2016-12-24,24.703125
2016-12-25,13.175
2016-12-26,18.115625
2016-12-27,44.465625
2016-12-28,26.35
2016-12-29,29.64375
2016-12-30,32.9375
2016-12-31,23.056250000000002
2017-01-01,33.29037800687286
2017-01-02,31.958762886597942
2017-01-03,55.927835051546396
2017-01-04,69.24398625429554
2017-01-05,115.85051546391755
2017-01-06,91.88144329896909
2017-01-07,25.300687285223372
2017-01-08,30.627147766323027
2017-01-09,94.54467353951891
2017-01-10,93.21305841924399
2017-01-11,89.21821305841925
2017-01-12,103.86597938144331
2017-01-13,115.85051546391755
2017-01-14,34.62199312714777
2017-01-15,33.29037800687286
2017-01-16,37.2852233676976
2017-01-17,89.21821305841925
2017-01-18,106.52920962199315
2017-01-19,125.17182130584195
2017-01-20,103.86597938144331
2017-01-21,30.627147766323027
2017-01-22,45.274914089347085
2017-01-23,113.18728522336771
2017-01-24,97.20790378006873
2017-01-25,102.53436426116839
2017-01-26,71.90721649484537
2017-01-27,67.91237113402063
2017-01-28,39.948453608247426
2017-01-29,62.58591065292097
2017-01-30,79.89690721649485
2017-01-31,133.16151202749143
2017-02-01,156.0779046339825
2017-02-02,135.7877770315648
2017-02-03,120.17998656816654
2017-02-04,29.65480188045668
2017-02-05,40.58025520483545
2017-02-06,92.08596373404968
2017-02-07,106.13297515110811
2017-02-08,103.01141705842846
2017-02-09,101.45063801208865
2017-02-10,81.1605104096709
2017-02-11,28.094022834116853
2017-02-12,26.533243787777028
2017-02-13,121.74076561450637
2017-02-14,93.64674278038952
2017-02-15,142.03089321692408
2017-02-16,82.72128945601074
2017-02-17,106.13297515110811
2017-02-18,23.41168569509738
2017-02-19,45.262592343854934
2017-02-20,32.77635997313633
2017-02-21,90.52518468770987
2017-02-22,99.88985896574881
2017-02-23,109.25453324378776
2017-02-24,87.40362659503022
2017-02-25,23.41168569509738
2017-02-26,40.58025520483545
2017-02-27,101.45063801208865
2017-02-28,103.01141705842846
2017-03-01,114.39172135285209
2017-03-02,107.74103987884907
2017-03-03,73.15749621403332
2017-03-04,38.573952549217566
2017-03-05,42.56436143361938
2017-03-06,105.08076728924785
2017-03-07,129.02322059565876
2017-03-08,103.75063099444725
2017-03-09,123.70267541645633
2017-03-10,95.76981322564362
2017-03-11,31.923271075214537
2017-03-12,50.545179202423014
2017-03-13,82.46845027763756
2017-03-14,97.09994952044421
2017-03-15,94.439676930843
2017-03-16,113.06158505805148
2017-03-17,93.1095406360424
2017-03-18,26.602725896012114
2017-03-19,21.28218071680969
2017-03-20,83.79858657243815
2017-03-21,93.1095406360424
2017-03-22,133.01362948006056
2017-03-23,97.09994952044421
2017-03-24,90.44926804644119
2017-03-25,41.23422513881878
2017-03-26,35.91367995961635
2017-03-27,99.76022211004543
2017-03-28,117.0519939424533
2017-03-29,103.75063099444725
2017-03-30,126.36294800605754
2017-03-31,69.1670873296315
2017-04-01,26.297183942480526
2017-04-02,34.601557819053326
2017-04-03,92.73217495506292
2017-04-04,92.73217495506292
2017-04-05,88.57998801677651
2017-04-06,102.42061114439784
2017-04-07,83.04373876572798
2017-04-08,22.144997004194128
2017-04-09,40.13780707010186
2017-04-10,76.12342720191731
2017-04-11,121.7974835230677
2017-04-12,89.96405032953865
2017-04-13,98.26842420611145
2017-04-14,58.13061713600958
2017-04-15,30.449370880766924
2017-04-16,26.297183942480526
2017-04-17,85.81186339125225
2017-04-18,87.19592570401437
2017-04-19,114.87717195925704
2017-04-20,84.4278010784901
2017-04-21,110.72498502097064
2017-04-22,41.52186938286399
2017-04-23,40.13780707010186
2017-04-24,138.4062312762133
2017-04-25,116.26123427201917
2017-04-26,101.03654883163571
2017-04-27,128.71779508687837
2017-04-28,77.50748951467945
2017-04-29,53.978430197723185
2017-04-30,45.67405632115039
2017-05-01,131.8985776128633
2017-05-02,98.15708101422386
2017-05-03,153.37043908472478
2017-05-04,102.7581941867656
2017-05-05,136.49969078540505
2017-05-06,46.011131725417435
2017-05-07,55.213358070500924
2017-05-08,116.56153370439084
2017-05-09,105.8256029684601
2017-05-10,124.23005565862708
2017-05-11,115.02782931354359
2017-05-12,87.42115027829313
2017-05-13,26.072974644403214
2017-05-14,42.94372294372294
2017-05-15,108.8930117501546
2017-05-16,113.49412492269634
2017-05-17,110.42671614100185
2017-05-18,98.15708101422386
2017-05-19,59.81447124304267
2017-05-20,42.94372294372294
2017-05-21,39.87631416202844
2017-05-22,99.69078540507111
2017-05-23,61.348175633889916
2017-05-24,62.881880024737164
2017-05-25,65.94928880643165
2017-05-26,73.6178107606679
2017-05-27,26.072974644403214
2017-05-28,16.870748299319725
2017-05-29,29.14038342609771
2017-05-30,73.6178107606679
2017-05-31,55.213358070500924
2017-06-01,65.59485530546624
2017-06-02,58.37942122186495
2017-06-03,42.636655948553056
2017-06-04,32.79742765273312
2017-06-05,49.19614147909968
2017-06-06,60.347266881028936
2017-06-07,53.78778135048231
2017-06-08,59.69131832797428
2017-06-09,36.733118971061096
2017-06-10,18.366559485530548
2017-06-11,21.64630225080386
2017-06-12,44.60450160771704
2017-06-13,38.70096463022508
2017-06-14,26.893890675241156
2017-06-15,30.829581993569132
2017-06-16,36.07717041800643
2017-06-17,24.270096463022508
2017-06-18,30.173633440514468
2017-06-19,41.98070739549839
2017-06-20,35.42122186495177
2017-06-21,31.485530546623792
2017-06-22,24.270096463022508
2017-06-23,28.861736334405144
2017-06-24,5.903536977491961
2017-06-25,21.64630225080386
2017-06-26,20.334405144694532
2017-06-27,22.958199356913184
2017-06-28,13.118971061093248
2017-06-29,26.893890675241156
2017-06-30,16.39871382636656
2017-07-01,12.392623438429506
2017-07-02,22.572278405710886
2017-07-03,25.670434265318264
2017-07-04,34.52230814991077
2017-07-05,30.538964901844142
2017-07-06,23.457465794170137
2017-07-07,21.24449732302201
2017-07-08,15.048185603807259
2017-07-09,12.392623438429506
2017-07-10,44.25936942296252
2017-07-11,20.801903628792388
2017-07-12,34.07971445568114
2017-07-13,18.58893515764426
2017-07-14,24.342653182629387
2017-07-15,21.687091017251635
2017-07-16,24.785246876859013
2017-07-17,31.424152290303393
2017-07-18,20.801903628792388
2017-07-19,23.457465794170137
2017-07-20,18.146341463414636
2017-07-21,23.900059488399762
2017-07-22,18.146341463414636
2017-07-23,30.538964901844142
2017-07-24,26.11302795954789
2017-07-25,18.146341463414636
2017-07-26,35.85008923259964
2017-07-27,23.457465794170137
2017-07-28,26.555621653777514
2017-07-29,24.342653182629387
2017-07-30,18.58893515764426
2017-07-31,18.146341463414636
2017-08-01,29.624157303370783
2017-08-02,25.862359550561795
2017-08-03,29.624157303370783
2017-08-04,20.689887640449438
2017-08-05,17.868539325842697
2017-08-06,23.9814606741573
2017-08-07,26.802808988764042
2017-08-08,14.106741573033707
2017-08-09,22.100561797752807
2017-08-10,31.034831460674155
2017-08-11,23.041011235955054
2017-08-12,2.8213483146067415
2017-08-13,17.868539325842697
2017-08-14,30.564606741573034
2017-08-15,30.09438202247191
2017-08-16,27.74325842696629
2017-08-17,35.26685393258427
2017-08-18,27.74325842696629
2017-08-19,2.8213483146067415
2017-08-20,20.219662921348313
2017-08-21,23.51123595505618
2017-08-22,39.9691011235955
2017-08-23,30.09438202247191
2017-08-24,39.49887640449438
2017-08-25,32.91573033707865
2017-08-26,14.106741573033707
2017-08-27,21.630337078651685
2017-08-28,47.02247191011236
2017-08-29,43.26067415730337
2017-08-30,43.73089887640449
2017-08-31,41.379775280898876
2017-09-01,29.772570640937285
2017-09-02,16.747070985527223
2017-09-03,31.633356305995864
2017-09-04,15.816678152997932
2017-09-05,41.867677463818055
2017-09-06,33.49414197105445
2017-09-07,46.519641626464505
2017-09-08,51.17160578911096
2017-09-09,8.373535492763612
2017-09-10,13.955892487939353
2017-09-11,29.772570640937285
2017-09-12,53.96278428669883
2017-09-13,67.91867677463819
2017-09-14,69.77946243969676
2017-09-15,67.91867677463819
2017-09-16,19.538249483115095
2017-09-17,27.911784975878707
2017-09-18,53.03239145416954
2017-09-19,55.82356995175741
2017-09-20,93.03928325292901
2017-09-21,53.96278428669883
2017-09-22,70.70985527222605
2017-09-23,26.050999310820124
2017-09-24,11.164713990351482
2017-09-25,61.40592694693315
2017-09-26,66.0578911095796
2017-09-27,70.70985527222605
2017-09-28,80.94417643004824
2017-09-29,69.77946243969676
2017-09-30,11.164713990351482
2017-10-01,19.3351610692255
2017-10-02,70.43522960932145
2017-10-03,82.86497601096642
2017-10-04,81.48389307745032
2017-10-05,80.1028101439342
2017-10-06,52.481151473612066
2017-10-07,13.81082933516107
2017-10-08,22.097326936257712
2017-10-09,81.48389307745032
2017-10-10,75.95956134338589
2017-10-11,64.91089787525704
2017-10-12,81.48389307745032
2017-10-13,74.57847840986977
2017-10-14,33.145990404386566
2017-10-15,38.670322138451
2017-10-16,80.1028101439342
2017-10-17,66.29198080877313
2017-10-18,93.91363947909528
2017-10-19,89.77039067854696
2017-10-20,81.48389307745032
2017-10-21,20.716244002741604
2017-10-22,44.194653872515424
2017-10-23,62.14873200822481
2017-10-24,138.1082933516107
2017-10-25,117.3920493488691
2017-10-26,91.15147361206306
2017-10-27,73.19739547635368
2017-10-28,23.47840986977382
2017-10-29,19.3351610692255
2017-10-30,82.86497601096642
2017-10-31,58.00548320767649
2017-11-01,100.1868556701031
2017-11-02,97.44201030927834
2017-11-03,90.5798969072165
2017-11-04,30.193298969072167
2017-11-05,26.076030927835053
2017-11-06,91.95231958762886
2017-11-07,64.50386597938144
2017-11-08,86.46262886597938
2017-11-09,80.9729381443299
2017-11-10,69.99355670103093
2017-11-11,27.448453608247423
2017-11-12,53.524484536082475
2017-11-13,83.71778350515464
2017-11-14,115.28350515463917
2017-11-15,137.2422680412371
2017-11-16,102.93170103092784
2017-11-17,122.14561855670104
2017-11-18,30.193298969072167
2017-11-19,35.68298969072165
2017-11-20,46.66237113402062
2017-11-21,68.62113402061856
2017-11-22,30.193298969072167
2017-11-23,19.213917525773198
2017-11-24,10.97938144329897
2017-11-25,16.469072164948454
2017-11-26,48.03479381443299
2017-11-27,97.44201030927834
2017-11-28,115.28350515463917
2017-11-29,108.42139175257732
2017-11-30,122.14561855670104
2017-12-01,92.68259385665529
2017-12-02,52.05460750853242
2017-12-03,53.32423208191126
2017-12-04,106.64846416382252
2017-12-05,90.14334470989762
2017-12-06,85.06484641638225
2017-12-07,119.34470989761093
2017-12-08,90.14334470989762
2017-12-09,30.47098976109215
2017-12-10,48.2457337883959
2017-12-11,124.42320819112628
2017-12-12,100.30034129692832
2017-12-13,126.96245733788396
2017-12-14,110.45733788395904
2017-12-15,97.76109215017065
2017-12-16,19.044368600682596
2017-12-17,33.01023890784983
2017-12-18,87.60409556313994
2017-12-19,96.4914675767918
2017-12-20,74.90784982935153
2017-12-21,57.13310580204778
2017-12-22,15.235494880546074
2017-12-23,11.426621160409557
2017-12-24,15.235494880546074
2017-12-25,19.044368600682596
2017-12-26,19.044368600682596
2017-12-27,5.078498293515358
2017-12-28,22.853242320819113
2017-12-29,15.235494880546074
2017-12-30,16.505119453924916
2017-12-31,24.12286689419795
2018-01-01,19.586206896551722
2018-01-02,35.5
2018-01-03,84.4655172413793
2018-01-04,40.39655172413793
2018-01-05,73.44827586206895
2018-01-06,35.5
2018-01-07,26.93103448275862
2018-01-08,73.44827586206895
2018-01-09,107.72413793103448
2018-01-10,104.05172413793103
2018-01-11,122.41379310344827
2018-01-12,115.06896551724137
2018-01-13,31.827586206896548
2018-01-14,41.62068965517241
2018-01-15,52.637931034482754
2018-01-16,90.58620689655172
2018-01-17,78.34482758620689
2018-01-18,74.67241379310344
2018-01-19,90.58620689655172
2018-01-20,18.36206896551724
2018-01-21,34.275862068965516
2018-01-22,83.24137931034483
2018-01-23,117.51724137931033
2018-01-24,88.13793103448275
2018-01-25,91.81034482758619
2018-01-26,83.24137931034483
2018-01-27,33.05172413793103
2018-01-28,51.41379310344827
2018-01-29,88.13793103448275
2018-01-30,113.84482758620689
2018-01-31,99.1551724137931
2018-02-01,104.88057237204183
2018-02-02,99.82608695652175
2018-02-03,29.06329113924051
2018-02-04,34.117776554760596
2018-02-05,82.13538800220144
2018-02-06,88.45349477160154
2018-02-07,104.88057237204183
2018-02-08,107.40781507980188
2018-02-09,116.25316455696203
2018-02-10,24.008805723720418
2018-02-11,53.072096862960926
2018-02-12,126.3621353880022
2018-02-13,126.3621353880022
2018-02-14,106.14419372592185
2018-02-15,106.14419372592185
2018-02-16,101.08970831040176
2018-02-17,44.22674738580077
2018-02-18,31.59053384700055
2018-02-19,53.072096862960926
2018-02-20,93.50798018712163
2018-02-21,80.87176664832141
2018-02-22,74.5536598789213
2018-02-23,85.9262520638415
2018-02-24,31.59053384700055
2018-02-25,45.4903687396808
2018-02-26,107.40781507980188
2018-02-27,120.0440286186021
2018-02-28,117.51678591084205
2018-03-01,97.82420749279538
2018-03-02,96.48414985590777
2018-03-03,29.481268011527376
2018-03-04,53.60230547550432
2018-03-05,128.64553314121036
2018-03-06,134.0057636887608
2018-03-07,129.985590778098
2018-03-08,93.80403458213256
2018-03-09,79.06340057636888
2018-03-10,24.121037463976943
2018-03-11,26.80115273775216
2018-03-12,103.18443804034582
2018-03-13,107.20461095100865
2018-03-14,79.06340057636888
2018-03-15,69.68299711815561
2018-03-16,92.46397694524495
2018-03-17,21.44092219020173
2018-03-18,38.861671469740635
2018-03-19,91.12391930835734
2018-03-20,121.94524495677233
2018-03-21,85.76368876080691
2018-03-22,99.16426512968299
2018-03-23,89.78386167146974
2018-03-24,30.821325648414984
2018-03-25,10.720461095100864
2018-03-26,73.70317002881845
2018-03-27,85.76368876080691
2018-03-28,81.74351585014409
2018-03-29,64.32276657060518
2018-03-30,42.88184438040346
2018-03-31,41.54178674351585
2018-04-01,30.91671659676453
2018-04-02,51.01258238466147
2018-04-03,83.47513481126423
2018-04-04,102.02516476932294
2018-04-05,98.93349310964649
2018-04-06,64.92510485320551
2018-04-07,34.00838825644098
2018-04-08,40.19173157579389
2018-04-09,100.47932893948472
2018-04-10,102.02516476932294
2018-04-11,94.29598562013182
2018-04-12,103.57100059916117
2018-04-13,128.30437387657278
2018-04-14,17.00419412822049
2018-04-15,55.65008987417615
2018-04-16,81.929298981426
2018-04-17,139.12522468544037
2018-04-18,109.75434391851408
2018-04-19,132.94188136608747
2018-04-20,106.66267225883762
2018-04-21,27.825044937088077
2018-04-22,38.64589574595566
2018-04-23,139.12522468544037
2018-04-24,109.75434391851408
2018-04-25,123.66686638705812
2018-04-26,154.58358298382265
2018-04-27,102.02516476932294
2018-04-28,41.73756740563211
2018-04-29,60.28759736369083
2018-04-30,105.11683642899939
2018-05-01,118.0630733944954
2018-05-02,109.4243119266055
2018-05-03,143.97935779816513
2018-05-04,113.74369266055045
2018-05-05,24.47649082568807
2018-05-06,15.837729357798164
2018-05-07,123.82224770642202
2018-05-08,123.82224770642202
2018-05-09,110.86410550458714
2018-05-10,113.74369266055045
2018-05-11,95.02637614678899
2018-05-12,24.47649082568807
2018-05-13,56.1519495412844
2018-05-14,128.14162844036696
2018-05-15,120.94266055045871
2018-05-16,99.34575688073394
2018-05-17,100.78555045871559
2018-05-18,63.350917431192656
2018-05-19,34.55504587155963
2018-05-20,30.235665137614678
2018-05-21,106.54472477064219
2018-05-22,105.10493119266054
2018-05-23,77.74885321100918
2018-05-24,95.02637614678899
2018-05-25,53.272362385321095
2018-05-26,25.916284403669724
2018-05-27,33.11525229357798
2018-05-28,31.675458715596328
2018-05-29,90.70699541284404
2018-05-30,67.67029816513761
2018-05-31,73.42947247706422
2018-06-01,45.933014354066984
2018-06-02,19.904306220095695
2018-06-03,34.44976076555024
2018-06-04,49.760765550239235
2018-06-05,64.30622009569377
2018-06-06,33.68421052631579
2018-06-07,53.588516746411486
2018-06-08,39.80861244019139
2018-06-09,8.421052631578947
2018-06-10,28.32535885167464
2018-06-11,76.55502392344498
2018-06-12,29.09090909090909
2018-06-13,39.04306220095694
2018-06-14,52.822966507177036
2018-06-15,19.904306220095695
2018-06-16,22.966507177033492
2018-06-17,14.545454545454545
2018-06-18,24.497607655502392
2018-06-19,38.27751196172249
2018-06-20,34.44976076555024
2018-06-21,16.842105263157894
2018-06-22,19.904306220095695
2018-06-23,30.62200956937799
2018-06-24,11.483253588516746
2018-06-25,35.98086124401914
2018-06-26,16.842105263157894
2018-06-27,40.57416267942584
2018-06-28,19.904306220095695
2018-06-29,22.966507177033492
2018-06-30,14.545454545454545
2018-07-01,23.104013104013102
2018-07-02,12.54217854217854
2018-07-03,34.98607698607698
2018-07-04,23.104013104013102
2018-07-05,18.48321048321048
2018-07-06,24.424242424242422
2018-07-07,19.8034398034398
2018-07-08,11.22194922194922
2018-07-09,33.665847665847664
2018-07-10,23.76412776412776
2018-07-11,4.62080262080262
2018-07-12,15.18263718263718
2018-07-13,15.18263718263718
2018-07-14,20.46355446355446
2018-07-15,11.22194922194922
2018-07-16,29.7051597051597
2018-07-17,39.6068796068796
2018-07-18,27.06470106470106
2018-07-19,43.567567567567565
2018-07-20,15.18263718263718
2018-07-21,14.52252252252252
2018-07-22,22.44389844389844
2018-07-23,42.24733824733824
2018-07-24,66.011466011466
2018-07-25,58.09009009009008
2018-07-26,34.98607698607698
2018-07-27,17.82309582309582
2018-07-28,29.04504504504504
2018-07-29,17.82309582309582
2018-07-30,36.96642096642096
2018-07-31,19.14332514332514
2018-08-01,12.185745140388768
2018-08-02,25.308855291576673
2018-08-03,19.684665226781856
2018-08-04,14.060475161987041
2018-08-05,28.120950323974082
2018-08-06,24.840172786177106
2018-08-07,26.24622030237581
2018-08-08,14.529157667386608
2018-08-09,31.401727861771057
2018-08-10,37.025917926565874
2018-08-11,11.248380129589632
2018-08-12,30.93304535637149
2018-08-13,17.341252699784018
2018-08-14,43.587473002159825
2018-08-15,26.714902807775378
2018-08-16,29.526997840172786
2018-08-17,36.557235421166304
2018-08-18,25.77753779697624
2018-08-19,17.341252699784018
2018-08-20,44.056155507559396
2018-08-21,23.90280777537797
2018-08-22,29.058315334773216
2018-08-23,46.868250539956804
2018-08-24,29.526997840172786
2018-08-25,17.341252699784018
2018-08-26,36.557235421166304
2018-08-27,36.08855291576674
2018-08-28,33.27645788336933
2018-08-29,21.559395248380127
2018-08-30,43.118790496760255
2018-08-31,34.213822894168466
2018-09-01,5.1233396584440225
2018-09-02,17.077798861480076
2018-09-03,26.470588235294116
2018-09-04,51.23339658444023
2018-09-05,54.64895635673624
2018-09-06,60.62618595825427
2018-09-07,36.717267552182165
2018-09-08,5.1233396584440225
2018-09-09,31.59392789373814
2018-09-10,52.08728652751423
2018-09-11,63.18785578747628
2018-09-12,47.817836812144215
2018-09-13,47.817836812144215
2018-09-14,35.009487666034154
2018-09-15,24.76280834914611
2018-09-16,27.32447817836812
2018-09-17,45.2561669829222
2018-09-18,76.85009487666034
2018-09-19,67.4573055028463
2018-09-20,85.38899430740038
2018-09-21,51.23339658444023
2018-09-22,36.717267552182165
2018-09-23,27.32447817836812
2018-09-24,70.87286527514232
2018-09-25,43.54838709677419
2018-09-26,73.43453510436433
2018-09-27,74.28842504743832
2018-09-28,58.91840607210626
2018-09-29,17.077798861480076
2018-09-30,35.009487666034154
2018-10-01,57.95728929384966
2018-10-02,88.71013667425969
2018-10-03,98.17255125284738
2018-10-04,75.6993166287016
2018-10-05,55.59168564920273
2018-10-06,22.473234624145785
2018-10-07,21.290432801822323
2018-10-08,74.51651480637813
2018-10-09,78.06492027334852
2018-10-10,104.08656036446469
2018-10-11,98.17255125284738
2018-10-12,57.95728929384966
2018-10-13,20.10763097949886
2018-10-14,27.204441913439634
2018-10-15,74.51651480637813
2018-10-16,73.33371298405467
2018-10-17,104.08656036446469
2018-10-18,82.79612756264237
2018-10-19,78.06492027334852
2018-10-20,18.9248291571754
2018-10-21,43.76366742596811
2018-10-22,87.52733485193622
2018-10-23,79.24772209567199
2018-10-24,67.41970387243735
2018-10-25,92.25854214123007
2018-10-26,62.68849658314351
2018-10-27,36.666856492027335
2018-10-28,24.83883826879271
2018-10-29,88.71013667425969
2018-10-30,118.28018223234625
2018-10-31,63.87129840546697
2018-11-01,101.85676392572944
2018-11-02,92.94429708222812
2018-11-03,34.37665782493369
2018-11-04,31.830238726790448
2018-11-05,63.660477453580896
2018-11-06,82.75862068965517
2018-11-07,84.03183023872678
2018-11-08,105.6763925729443
2018-11-09,38.19628647214854
2018-11-10,28.010610079575596
2018-11-11,44.56233421750663
2018-11-12,63.660477453580896
2018-11-13,103.12997347480106
2018-11-14,91.6710875331565
2018-11-15,95.49071618037135
2018-11-16,84.03183023872678
2018-11-17,5.092838196286472
2018-11-18,21.644562334217504
2018-11-19,43.28912466843501
2018-11-20,53.47480106100795
2018-11-21,12.73209549071618
2018-11-22,22.917771883289124
2018-11-23,17.824933687002652
2018-11-24,16.551724137931032
2018-11-25,40.742705570291776
2018-11-26,59.84084880636605
2018-11-27,126.04774535809018
2018-11-28,126.04774535809018
2018-11-29,127.32095490716179
2018-11-30,100.58355437665782
2018-12-01,14.077981651376145
2018-12-02,21.899082568807337
2018-12-03,106.36697247706421
2018-12-04,140.77981651376146
2018-12-05,100.11009174311926
2018-12-06,134.5229357798165
2018-12-07,89.16055045871559
2018-12-08,45.362385321100916
2018-12-09,51.61926605504587
2018-12-10,114.1880733944954
2018-12-11,100.11009174311926
2018-12-12,131.39449541284404
2018-12-13,156.42201834862385
2018-12-14,104.80275229357797
2018-12-15,26.591743119266052
2018-12-16,28.15596330275229
2018-12-17,136.08715596330273
2018-12-18,93.8532110091743
2018-12-19,96.98165137614677
2018-12-20,86.0321100917431
2018-12-21,42.23394495412843
2018-12-22,14.077981651376145
2018-12-23,23.463302752293576
2018-12-24,14.077981651376145
2018-12-25,26.591743119266052
2018-12-26,39.10550458715596
2018-12-27,26.591743119266052
2018-12-28,12.513761467889907
2018-12-29,21.899082568807337
2018-12-30,20.3348623853211
2018-12-31,26.591743119266052
2019-01-01,20.13077790304397
2019-01-02,55.91882750845547
2019-01-03,48.0901916572717
2019-01-04,64.86583990980834
2019-01-05,13.420518602029313
2019-01-06,7.8286358511837655
2019-01-07,78.28635851183766
2019-01-08,81.64148816234498
2019-01-09,81.64148816234498
2019-01-10,111.83765501691094
2019-01-11,93.94363021420519
2019-01-12,35.7880496054115
2019-01-13,40.26155580608794
2019-01-14,71.576099210823
2019-01-15,107.3641488162345
2019-01-16,89.47012401352876
2019-01-17,88.35174746335964
2019-01-18,55.91882750845547
2019-01-19,23.485907553551296
2019-01-20,23.485907553551296
2019-01-21,51.44532130777903
2019-01-22,93.94363021420519
2019-01-23,64.86583990980834
2019-01-24,96.1803833145434
2019-01-25,77.16798196166854
2019-01-26,38.02480270574972
2019-01-27,27.959413754227736
2019-01-28,78.28635851183766
2019-01-29,78.28635851183766
2019-01-30,84.99661781285232
2019-01-31,99.53551296505074
2019-02-01,92.65454545454546
2019-02-02,21.381818181818183
2019-02-03,30.884848484848487
2019-02-04,89.0909090909091
2019-02-05,89.0909090909091
2019-02-06,91.46666666666667
2019-02-07,117.60000000000001
2019-02-08,100.96969696969698
2019-02-09,39.2
2019-02-10,30.884848484848487
2019-02-11,106.90909090909092
2019-02-12,76.02424242424243
2019-02-13,102.15757575757577
2019-02-14,89.0909090909091
2019-02-15,90.27878787878788
2019-02-16,21.381818181818183
2019-02-17,36.82424242424243
2019-02-18,34.44848484848485
2019-02-19,83.15151515151516
2019-02-20,116.41212121212122
2019-02-21,91.46666666666667
2019-02-22,104.53333333333335
2019-02-23,35.63636363636364
2019-02-24,55.830303030303035
2019-02-25,86.71515151515152
2019-02-26,118.7878787878788
2019-02-27,110.47272727272728
2019-02-28,92.65454545454546
2019-03-01,114.48602395892756
2019-03-02,28.966343411294925
2019-03-03,27.586993725042785
2019-03-04,96.55447803764974
2019-03-05,136.5556189389618
2019-03-06,137.93496862521394
2019-03-07,100.69252709640617
2019-03-08,99.31317741015403
2019-03-09,34.483742156303485
2019-03-10,40.00114090131204
2019-03-11,99.31317741015403
2019-03-12,82.76098117512835
2019-03-13,120.00342270393611
2019-03-14,124.14147176269253
2019-03-15,85.51968054763263
2019-03-16,31.725042783799204
2019-03-17,33.104392470051344
2019-03-18,78.62293211637194
2019-03-19,106.20992584141473
2019-03-20,102.07187678265831
2019-03-21,104.83057615516259
2019-03-22,77.2435824301198
2019-03-23,23.44894466628637
2019-03-24,33.104392470051344
2019-03-25,77.2435824301198
2019-03-26,81.38163148887622
2019-03-27,129.6588705077011
2019-03-28,82.76098117512835
2019-03-29,77.2435824301198
2019-03-30,30.345693097547063
2019-03-31,20.690245293782088
2019-04-01,102.98759864712514
2019-04-02,88.2750845546787
2019-04-03,110.34385569334837
2019-04-04,147.1251409244645
2019-04-05,97.10259301014656
2019-04-06,47.08004509582864
2019-04-07,44.13754227733935
2019-04-08,125.05636978579481
2019-04-09,104.45885005636978
2019-04-10,97.10259301014656
2019-04-11,144.1826381059752
2019-04-12,76.50507328072153
2019-04-13,11.77001127395716
2019-04-14,44.13754227733935
2019-04-15,95.63134160090192
2019-04-16,92.68883878241263
2019-04-17,95.63134160090192
2019-04-18,116.22886133032695
2019-04-19,44.13754227733935
2019-04-20,30.896279594137543
2019-04-21,26.482525366403607
2019-04-22,116.22886133032695
2019-04-23,94.16009019165728
2019-04-24,127.9988726042841
2019-04-25,126.52762119503946
2019-04-26,102.98759864712514
2019-04-27,38.252536640360766
2019-04-28,35.31003382187148
2019-04-29,125.05636978579481
2019-04-30,101.5163472378805
2019-05-01,119.16790830945558
2019-05-02,112.23954154727794
2019-05-03,91.45444126074499
2019-05-04,34.64183381088825
2019-05-05,29.09914040114613
2019-05-06,130.2532951289398
2019-05-07,130.2532951289398
2019-05-08,91.45444126074499
2019-05-09,126.09627507163323
2019-05-10,117.78223495702005
2019-05-11,16.62808022922636
2019-05-12,33.25616045845272
2019-05-13,138.567335243553
2019-05-14,110.8538681948424
2019-05-15,130.2532951289398
2019-05-16,94.22578796561604
2019-05-17,96.9971346704871
2019-05-18,33.25616045845272
2019-05-19,33.25616045845272
2019-05-20,91.45444126074499
2019-05-21,77.59770773638968
2019-05-22,74.82636103151862
2019-05-23,85.91174785100286
2019-05-24,59.58395415472779
2019-05-25,22.17077363896848
2019-05-26,13.8567335243553
2019-05-27,26.32779369627507
2019-05-28,69.2836676217765
2019-05-29,73.4406876790831
2019-05-30,80.36905444126074
2019-05-31,73.4406876790831
2019-06-01,34.259818731117825
2019-06-02,28.54984894259819
2019-06-03,54.244712990936556
2019-06-04,57.09969788519638
2019-06-05,39.96978851963746
2019-06-06,47.392749244712995
2019-06-07,39.3987915407855
2019-06-08,7.993957703927492
2019-06-09,18.27190332326284
2019-06-10,29.12084592145015
2019-06-11,31.404833836858007
2019-06-12,29.12084592145015
2019-06-13,9.13595166163142
2019-06-14,33.1178247734139
2019-06-15,21.12688821752266
2019-06-16,10.848942598187312
2019-06-17,19.98489425981873
2019-06-18,17.70090634441088
2019-06-19,33.1178247734139
2019-06-20,29.12084592145015
2019-06-21,23.410876132930515
2019-06-22,13.70392749244713
2019-06-23,24.552870090634443
2019-06-24,25.123867069486405
2019-06-25,20.555891238670696
2019-06-26,9.13595166163142
2019-06-27,34.259818731117825
2019-06-28,14.274924471299094
