Date,Natural Gas
2013-01-01,9.932038834951456
2013-01-02,81.2621359223301
2013-01-03,79.45631067961165
2013-01-04,90.29126213592234
2013-01-05,9.029126213592233
2013-01-06,27.990291262135923
2013-01-07,31.601941747572816
2013-01-08,38.8252427184466
2013-01-09,70.42718446601943
2013-01-10,55.077669902912625
2013-01-11,32.504854368932044
2013-01-12,9.029126213592233
2013-01-13,27.990291262135923
2013-01-14,60.49514563106796
2013-01-15,68.62135922330097
2013-01-16,45.14563106796117
2013-01-17,54.1747572815534
2013-01-18,40.63106796116505
2013-01-19,57.786407766990294
2013-01-20,9.932038834951456
2013-01-21,39.728155339805824
2013-01-22,60.49514563106796
2013-01-23,30.699029126213595
2013-01-24,84.873786407767
2013-01-25,39.728155339805824
2013-01-26,18.058252427184467
2013-01-27,18.058252427184467
2013-01-28,29.79611650485437
2013-01-29,60.49514563106796
2013-01-30,52.368932038834956
2013-01-31,60.49514563106796
2013-02-01,46.358490566037744
2013-02-02,46.358490566037744
2013-02-03,0.0
2013-02-04,45.169811320754725
2013-02-05,52.30188679245284
2013-02-06,74.8867924528302
2013-02-07,53.49056603773586
2013-02-08,22.584905660377363
2013-02-09,27.33962264150944
2013-02-10,9.509433962264152
2013-02-11,51.11320754716982
2013-02-12,45.169811320754725
2013-02-13,29.716981132075475
2013-02-14,22.584905660377363
2013-02-15,40.41509433962265
2013-02-16,46.358490566037744
2013-02-17,28.528301886792455
2013-02-18,30.905660377358494
2013-02-19,118.8679245283019
2013-02-20,52.30188679245284
2013-02-21,67.75471698113209
2013-02-22,30.905660377358494
2013-02-23,27.33962264150944
2013-02-24,9.509433962264152
2013-02-25,51.11320754716982
2013-02-26,101.03773584905662
2013-02-27,67.75471698113209
2013-02-28,60.62264150943397
2013-03-01,69.91807228915663
2013-03-02,17.479518072289157
2013-03-03,17.479518072289157
2013-03-04,81.57108433734939
2013-03-05,35.93012048192771
2013-03-06,36.90120481927711
2013-03-07,51.46746987951807
2013-03-08,83.5132530120482
2013-03-09,27.190361445783132
2013-03-10,44.66987951807229
2013-03-11,66.03373493975903
2013-03-12,72.83132530120481
2013-03-13,44.66987951807229
2013-03-14,97.10843373493975
2013-03-15,45.64096385542169
2013-03-16,8.739759036144578
2013-03-17,18.450602409638556
2013-03-18,87.39759036144578
2013-03-19,80.6
2013-03-20,44.66987951807229
2013-03-21,81.57108433734939
2013-03-22,46.612048192771084
2013-03-23,54.380722891566265
2013-03-24,18.450602409638556
2013-03-25,72.83132530120481
2013-03-26,66.03373493975903
2013-03-27,75.74457831325302
2013-03-28,46.612048192771084
2013-03-29,40.785542168674695
2013-03-30,57.29397590361446
2013-03-31,19.42168674698795
2013-04-01,53.35489086499596
2013-04-02,89.36944219886823
2013-04-03,52.02101859337106
2013-04-04,30.679062247372677
2013-04-05,78.69846402586904
2013-04-06,18.674211802748587
2013-04-07,0.0
2013-04-08,81.36620856911884
2013-04-09,37.348423605497175
2013-04-10,29.34518997574778
2013-04-11,84.03395311236864
2013-04-12,38.68229587712207
2013-04-13,28.011317704122877
2013-04-14,65.35974130962005
2013-04-15,50.68714632174616
2013-04-16,81.36620856911884
2013-04-17,52.02101859337106
2013-04-18,133.3872271624899
2013-04-19,69.36135812449474
2013-04-20,18.674211802748587
2013-04-21,29.34518997574778
2013-04-22,68.02748585286984
2013-04-23,37.348423605497175
2013-04-24,104.04203718674212
2013-04-25,85.36782538399353
2013-04-26,40.01616814874697
2013-04-27,20.008084074373485
2013-04-28,9.337105901374294
2013-04-29,89.36944219886823
2013-04-30,74.69684721099435
2013-05-01,52.84090909090909
2013-05-02,36.58216783216783
2013-05-03,69.91258741258741
2013-05-04,38.20804195804196
2013-05-05,18.69755244755245
2013-05-06,52.027972027972034
2013-05-07,21.9493006993007
2013-05-08,81.29370629370631
2013-05-09,52.027972027972034
2013-05-10,39.02097902097903
2013-05-11,47.15034965034965
2013-05-12,9.755244755244757
2013-05-13,45.52447552447553
2013-05-14,52.84090909090909
2013-05-15,52.84090909090909
2013-05-16,68.2867132867133
2013-05-17,56.09265734265735
2013-05-18,19.510489510489514
2013-05-19,27.639860139860144
2013-05-20,37.3951048951049
2013-05-21,51.215034965034974
2013-05-22,52.84090909090909
2013-05-23,69.91258741258741
2013-05-24,24.38811188811189
2013-05-25,19.510489510489514
2013-05-26,0.0
2013-05-27,46.337412587412594
2013-05-28,67.47377622377623
2013-05-29,74.7902097902098
2013-05-30,61.78321678321679
2013-05-31,47.15034965034965
2013-06-01,18.450797872340427
2013-06-02,27.307180851063833
2013-06-03,73.0651595744681
2013-06-04,50.924202127659576
2013-06-05,65.68484042553192
2013-06-06,51.662234042553195
2013-06-07,37.63962765957447
2013-06-08,28.045212765957448
2013-06-09,0.0
2013-06-10,21.402925531914896
2013-06-11,65.68484042553192
2013-06-12,29.521276595744684
2013-06-13,36.901595744680854
2013-06-14,53.87632978723405
2013-06-15,19.188829787234045
2013-06-16,0.0
2013-06-17,22.140957446808514
2013-06-18,44.28191489361703
2013-06-19,73.80319148936171
2013-06-20,60.5186170212766
2013-06-21,53.13829787234043
2013-06-22,9.594414893617023
2013-06-23,9.594414893617023
2013-06-24,36.901595744680854
2013-06-25,36.901595744680854
2013-06-26,65.68484042553192
2013-06-27,51.662234042553195
2013-06-28,38.37765957446809
2013-06-29,0.0
2013-06-30,28.045212765957448
2013-07-01,46.170212765957444
2013-07-02,62.11992263056093
2013-07-03,40.294003868471954
2013-07-04,38.61508704061895
2013-07-05,83.9458413926499
2013-07-06,19.307543520309476
2013-07-07,19.307543520309476
2013-07-08,54.56479690522244
2013-07-09,76.39071566731141
2013-07-10,46.170212765957444
2013-07-11,53.725338491295936
2013-07-12,80.58800773694391
2013-07-13,0.0
2013-07-14,18.46808510638298
2013-07-15,46.170212765957444
2013-07-16,83.1063829787234
2013-07-17,31.059961315280464
2013-07-18,38.61508704061895
2013-07-19,55.40425531914894
2013-07-20,9.23404255319149
2013-07-21,9.23404255319149
2013-07-22,30.220502901353964
2013-07-23,30.220502901353964
2013-07-24,31.059961315280464
2013-07-25,70.51450676982591
2013-07-26,57.08317214700193
2013-07-27,9.23404255319149
2013-07-28,0.0
2013-07-29,53.725338491295936
2013-07-30,53.725338491295936
2013-07-31,53.725338491295936
2013-08-01,45.93690248565966
2013-08-02,31.849585723390696
2013-08-03,37.36201402166985
2013-08-04,9.79987253027406
2013-08-05,53.89929891650733
2013-08-06,37.97450605481198
2013-08-07,15.31230082855322
2013-08-08,53.2868068833652
2013-08-09,31.237093690248567
2013-08-10,18.98725302740599
2013-08-11,9.187380497131931
2013-08-12,30.62460165710644
2013-08-13,22.662205226258763
2013-08-14,45.93690248565966
2013-08-15,31.237093690248567
2013-08-16,39.81198215423837
2013-08-17,28.78712555768005
2013-08-18,18.98725302740599
2013-08-19,61.24920331421288
2013-08-20,45.324410452517526
2013-08-21,15.31230082855322
2013-08-22,38.58699808795411
2013-08-23,23.88718929254302
2013-08-24,18.98725302740599
2013-08-25,0.0
2013-08-26,50.83683875079669
2013-08-27,36.749521988527725
2013-08-28,36.749521988527725
2013-08-29,45.324410452517526
2013-08-30,15.924792861695348
2013-08-31,9.187380497131931
2013-09-01,9.480122324159021
2013-09-02,8.53211009174312
2013-09-03,37.920489296636084
2013-09-04,51.19266055045871
2013-09-05,52.14067278287461
2013-09-06,23.700305810397552
2013-09-07,0.0
2013-09-08,8.53211009174312
2013-09-09,94.80122324159021
2013-09-10,56.88073394495412
2013-09-11,36.02446483180428
2013-09-12,36.97247706422018
2013-09-13,37.920489296636084
2013-09-14,9.480122324159021
2013-09-15,17.06422018348624
2013-09-16,50.244648318042806
2013-09-17,29.388379204892964
2013-09-18,42.66055045871559
2013-09-19,51.19266055045871
2013-09-20,22.75229357798165
2013-09-21,18.01223241590214
2013-09-22,0.0
2013-09-23,29.388379204892964
2013-09-24,36.97247706422018
2013-09-25,44.556574923547394
2013-09-26,30.336391437308865
2013-09-27,39.81651376146789
2013-09-28,0.0
2013-09-29,9.480122324159021
2013-09-30,44.556574923547394
2013-10-01,53.80518763796909
2013-10-02,55.70419426048565
2013-10-03,13.926048565121413
2013-10-04,29.11810154525386
2013-10-05,17.091059602649004
2013-10-06,43.04415011037527
2013-10-07,47.4751655629139
2013-10-08,56.33719646799116
2013-10-09,48.74116997792494
2013-10-10,28.48509933774834
2013-10-11,21.522075055187635
2013-10-12,17.724061810154524
2013-10-13,8.862030905077262
2013-10-14,50.00717439293598
2013-10-15,62.03421633554083
2013-10-16,41.14514348785872
2013-10-17,63.30022075055187
2013-10-18,36.71412803532009
2013-10-19,17.724061810154524
2013-10-20,17.724061810154524
2013-10-21,27.219094922737305
2013-10-22,60.13520971302428
2013-10-23,41.77814569536424
2013-10-24,41.77814569536424
2013-10-25,29.11810154525386
2013-10-26,44.31015452538631
2013-10-27,8.229028697571744
2013-10-28,54.43818984547461
2013-10-29,53.80518763796909
2013-10-30,20.2560706401766
2013-10-31,35.44812362030905
2013-11-01,47.82918149466192
2013-11-02,17.935943060498218
2013-11-03,17.935943060498218
2013-11-04,51.245551601423486
2013-11-05,85.40925266903913
2013-11-06,22.206405693950174
2013-11-07,51.245551601423486
2013-11-08,7.686832740213522
2013-11-09,0.0
2013-11-10,0.0
2013-11-11,43.55871886120996
2013-11-12,21.352313167259783
2013-11-13,36.72597864768683
2013-11-14,43.55871886120996
2013-11-15,22.206405693950174
2013-11-16,35.871886120996436
2013-11-17,26.476868327402133
2013-11-18,56.37010676156583
2013-11-19,21.352313167259783
2013-11-20,35.871886120996436
2013-11-21,43.55871886120996
2013-11-22,44.41281138790035
2013-11-23,26.476868327402133
2013-11-24,43.55871886120996
2013-11-25,35.871886120996436
2013-11-26,50.39145907473309
2013-11-27,52.95373665480427
2013-11-28,0.0
2013-11-29,0.0
2013-11-30,17.935943060498218
2013-12-01,23.949832775919734
2013-12-02,45.72240802675586
2013-12-03,19.59531772575251
2013-12-04,33.747491638795985
2013-12-05,55.52006688963211
2013-12-06,56.608695652173914
2013-12-07,25.03846153846154
2013-12-08,16.32943143812709
2013-12-09,27.21571906354515
2013-12-10,60.963210702341144
2013-12-11,48.98829431438127
2013-12-12,71.8494983277592
2013-12-13,51.16555183946488
2013-12-14,0.0
2013-12-15,17.418060200668897
2013-12-16,70.76086956521739
2013-12-17,48.98829431438127
2013-12-18,108.8628762541806
2013-12-19,52.25418060200669
2013-12-20,39.19063545150502
2013-12-21,8.709030100334449
2013-12-22,28.304347826086957
2013-12-23,23.949832775919734
2013-12-24,70.76086956521739
2013-12-25,21.77257525083612
2013-12-26,76.20401337792643
2013-12-27,89.2675585284281
2013-12-28,8.709030100334449
2013-12-29,8.709030100334449
2013-12-30,52.25418060200669
2013-12-31,39.19063545150502
2014-01-01,11.447247706422019
2014-01-02,71.95412844036697
2014-01-03,62.142201834862384
2014-01-04,9.811926605504587
2014-01-05,31.071100917431192
2014-01-06,52.330275229357795
2014-01-07,42.51834862385321
2014-01-08,94.84862385321101
2014-01-09,53.965596330275226
2014-01-10,44.15366972477064
2014-01-11,9.811926605504587
2014-01-12,31.071100917431192
2014-01-13,76.86009174311926
2014-01-14,121.0137614678899
2014-01-15,70.31880733944953
2014-01-16,94.84862385321101
2014-01-17,63.777522935779814
2014-01-18,52.330275229357795
2014-01-19,11.447247706422019
2014-01-20,8.176605504587155
2014-01-21,34.341743119266056
2014-01-22,101.38990825688073
2014-01-23,85.03669724770641
2014-01-24,139.00229357798165
2014-01-25,94.84862385321101
2014-01-26,83.40137614678899
2014-01-27,132.46100917431193
2014-01-28,163.5321100917431
2014-01-29,101.38990825688073
2014-01-30,111.20183486238531
2014-01-31,78.4954128440367
2014-02-01,56.55498721227622
2014-02-02,8.70076726342711
2014-02-03,52.20460358056266
2014-02-04,123.26086956521739
2014-02-05,79.75703324808184
2014-02-06,108.75959079283888
2014-02-07,71.05626598465473
2014-02-08,15.951406649616368
2014-02-09,47.85421994884911
2014-02-10,63.80562659846547
2014-02-11,89.9079283887468
2014-02-12,65.25575447570333
2014-02-13,85.55754475703324
2014-02-14,117.46035805626599
2014-02-15,24.652173913043477
2014-02-16,73.95652173913044
2014-02-17,97.15856777493606
2014-02-18,117.46035805626599
2014-02-19,124.71099744245524
2014-02-20,126.1611253196931
2014-02-21,95.70843989769821
2014-02-22,42.0537084398977
2014-02-23,24.652173913043477
2014-02-24,134.8618925831202
2014-02-25,129.0613810741688
2014-02-26,91.35805626598466
2014-02-27,145.01278772378515
2014-02-28,55.10485933503836
2014-03-01,33.5351506456241
2014-03-02,40.473457675753224
2014-03-03,115.63845050215207
2014-03-04,105.23098995695838
2014-03-05,47.41176470588235
2014-03-06,61.288378766140596
2014-03-07,84.41606886657101
2014-03-08,25.440459110473455
2014-03-09,25.440459110473455
2014-03-10,69.38307030129124
2014-03-11,41.629842180774745
2014-03-12,95.97991391678622
2014-03-13,48.56814921090387
2014-03-14,57.819225251076034
2014-03-15,34.69153515064562
2014-03-16,33.5351506456241
2014-03-17,108.70014347202294
2014-03-18,48.56814921090387
2014-03-19,13.876614060258248
2014-03-20,55.50645624103299
2014-03-21,50.88091822094691
2014-03-22,17.34576757532281
2014-03-23,8.094691535150645
2014-03-24,34.69153515064562
2014-03-25,61.288378766140596
2014-03-26,61.288378766140596
2014-03-27,62.44476327116212
2014-03-28,21.971305595408893
2014-03-29,25.440459110473455
2014-03-30,58.975609756097555
2014-03-31,62.44476327116212
2014-04-01,66.36956521739131
2014-04-02,66.36956521739131
2014-04-03,67.30434782608695
2014-04-04,48.608695652173914
2014-04-05,25.23913043478261
2014-04-06,25.23913043478261
2014-04-07,71.04347826086956
2014-04-08,65.43478260869566
2014-04-09,33.65217391304348
2014-04-10,47.673913043478265
2014-04-11,56.08695652173913
2014-04-12,8.41304347826087
2014-04-13,0.0
2014-04-14,53.28260869565218
2014-04-15,32.71739130434783
2014-04-16,32.71739130434783
2014-04-17,55.152173913043484
2014-04-18,22.434782608695652
2014-04-19,8.41304347826087
2014-04-20,28.043478260869566
2014-04-21,61.69565217391305
2014-04-22,40.19565217391305
2014-04-23,67.30434782608695
2014-04-24,93.47826086956522
2014-04-25,21.5
2014-04-26,16.82608695652174
2014-04-27,25.23913043478261
2014-04-28,39.26086956521739
2014-04-29,77.58695652173914
2014-04-30,32.71739130434783
2014-05-01,96.72
2014-05-02,58.9992
2014-05-03,8.7048
2014-05-04,8.7048
2014-05-05,0.0
2014-05-06,56.0976
2014-05-07,41.589600000000004
2014-05-08,35.7864
2014-05-09,51.2616
2014-05-10,18.376800000000003
2014-05-11,36.753600000000006
2014-05-12,63.8352
2014-05-13,28.0488
2014-05-14,56.0976
2014-05-15,57.064800000000005
2014-05-16,51.2616
2014-05-17,36.753600000000006
2014-05-18,18.376800000000003
2014-05-19,71.5728
2014-05-20,42.5568
2014-05-21,87.048
2014-05-22,31.9176
2014-05-23,33.852000000000004
2014-05-24,21.2784
2014-05-25,33.852000000000004
2014-05-26,30.950400000000002
2014-05-27,15.475200000000001
2014-05-28,24.18
2014-05-29,64.8024
2014-05-30,16.4424
2014-05-31,10.6392
2014-06-01,29.528145695364238
2014-06-02,45.81953642384106
2014-06-03,37.673841059602644
2014-06-04,62.11092715231788
2014-06-05,31.56456953642384
2014-06-06,57.019867549668874
2014-06-07,0.0
2014-06-08,20.364238410596023
2014-06-09,31.56456953642384
2014-06-10,70.25662251655629
2014-06-11,31.56456953642384
2014-06-12,101.82119205298012
2014-06-13,32.58278145695364
2014-06-14,30.54635761589404
2014-06-15,10.182119205298012
2014-06-16,47.85596026490066
2014-06-17,77.38410596026489
2014-06-18,31.56456953642384
2014-06-19,80.4387417218543
2014-06-20,49.89238410596026
2014-06-21,10.182119205298012
2014-06-22,20.364238410596023
2014-06-23,31.56456953642384
2014-06-24,39.710264900662246
2014-06-25,38.692052980132445
2014-06-26,64.14735099337747
2014-06-27,49.89238410596026
2014-06-28,10.182119205298012
2014-06-29,30.54635761589404
2014-06-30,54.983443708609265
2014-07-01,16.464730290456433
2014-07-02,59.68464730290457
2014-07-03,9.261410788381744
2014-07-04,10.29045643153527
2014-07-05,11.319502074688797
2014-07-06,32.92946058091287
2014-07-07,57.62655601659752
2014-07-08,40.13278008298756
2014-07-09,41.16182572614108
2014-07-10,58.65560165975104
2014-07-11,102.90456431535272
2014-07-12,20.58091286307054
2014-07-13,10.29045643153527
2014-07-14,40.13278008298756
2014-07-15,16.464730290456433
2014-07-16,32.92946058091287
2014-07-17,58.65560165975104
2014-07-18,68.94605809128632
2014-07-19,10.29045643153527
2014-07-20,31.90041493775934
2014-07-21,58.65560165975104
2014-07-22,41.16182572614108
2014-07-23,75.12033195020747
2014-07-24,50.42323651452283
2014-07-25,43.219917012448136
2014-07-26,30.871369294605813
2014-07-27,30.871369294605813
2014-07-28,48.36514522821577
2014-07-29,32.92946058091287
2014-07-30,40.13278008298756
2014-07-31,57.62655601659752
2014-08-01,16.69800796812749
2014-08-02,0.0
2014-08-03,20.551394422310757
2014-08-04,32.11155378486056
2014-08-05,48.167330677290835
2014-08-06,40.4605577689243
2014-08-07,48.809561752988046
2014-08-08,25.689243027888445
2014-08-09,0.0
2014-08-10,10.275697211155379
2014-08-11,31.469322709163347
2014-08-12,15.413545816733068
2014-08-13,55.87410358565737
2014-08-14,24.404780876494023
2014-08-15,33.39601593625498
2014-08-16,0.0
2014-08-17,19.909163346613546
2014-08-18,32.75378486055777
2014-08-19,64.22310756972112
2014-08-20,23.762549800796812
2014-08-21,24.404780876494023
2014-08-22,25.047011952191234
2014-08-23,0.0
2014-08-24,19.909163346613546
2014-08-25,55.23187250996016
2014-08-26,31.469322709163347
2014-08-27,23.762549800796812
2014-08-28,39.81832669322709
2014-08-29,32.75378486055777
2014-08-30,9.633466135458168
2014-08-31,0.0
2014-09-01,45.045372050816695
2014-09-02,45.045372050816695
2014-09-03,59.85480943738657
2014-09-04,14.809437386569872
2014-09-05,16.04355716878403
2014-09-06,19.12885662431942
2014-09-07,18.511796733212343
2014-09-08,59.85480943738657
2014-09-09,29.618874773139744
2014-09-10,22.83121597096189
2014-09-11,37.64065335753176
2014-09-12,30.852994555353902
2014-09-13,0.0
2014-09-14,0.0
2014-09-15,45.045372050816695
2014-09-16,22.21415607985481
2014-09-17,60.471869328493646
2014-09-18,59.85480943738657
2014-09-19,39.491833030852995
2014-09-20,19.745916515426497
2014-09-21,0.0
2014-09-22,51.833030852994554
2014-09-23,37.64065335753176
2014-09-24,22.83121597096189
2014-09-25,61.705989110707804
2014-09-26,55.53539019963702
2014-09-27,29.618874773139744
2014-09-28,9.872958257713249
2014-09-29,60.471869328493646
2014-09-30,44.42831215970962
2014-10-01,56.87792848335389
2014-10-02,43.11713933415537
2014-10-03,53.208384710234284
2014-10-04,18.34771886559803
2014-10-05,9.173859432799015
2014-10-06,29.356350184956845
2014-10-07,43.11713933415537
2014-10-08,43.11713933415537
2014-10-09,44.034525277435264
2014-10-10,37.612823674475955
2014-10-11,27.521578298397042
2014-10-12,9.173859432799015
2014-10-13,51.37361282367448
2014-10-14,56.87792848335389
2014-10-15,28.438964241676945
2014-10-16,78.89519112207152
2014-10-17,44.95191122071517
2014-10-18,56.87792848335389
2014-10-19,28.438964241676945
2014-10-20,80.72996300863133
2014-10-21,91.73859432799014
2014-10-22,56.87792848335389
2014-10-23,35.778051787916155
2014-10-24,53.208384710234284
2014-10-25,28.438964241676945
2014-10-26,46.786683107274975
2014-10-27,56.87792848335389
2014-10-28,71.55610357583231
2014-10-29,77.97780517879163
2014-10-30,50.45622688039458
2014-10-31,77.06041923551172
2014-11-01,31.161290322580648
2014-11-02,37.935483870967744
2014-11-03,67.74193548387098
2014-11-04,51.48387096774194
2014-11-05,78.58064516129033
2014-11-06,81.29032258064517
2014-11-07,100.25806451612904
2014-11-08,37.935483870967744
2014-11-09,56.903225806451616
2014-11-10,96.19354838709678
2014-11-11,67.74193548387098
2014-11-12,81.29032258064517
2014-11-13,94.83870967741936
2014-11-14,52.83870967741936
2014-11-15,36.58064516129033
2014-11-16,54.19354838709678
2014-11-17,101.61290322580646
2014-11-18,135.48387096774195
2014-11-19,75.87096774193549
2014-11-20,74.51612903225808
2014-11-21,84.00000000000001
2014-11-22,75.87096774193549
2014-11-23,36.58064516129033
2014-11-24,73.16129032258065
2014-11-25,59.612903225806456
2014-11-26,97.5483870967742
2014-11-27,37.935483870967744
2014-11-28,100.25806451612904
2014-11-29,74.51612903225808
2014-11-30,46.06451612903226
2014-12-01,83.6754617414248
2014-12-02,117.90633245382585
2014-12-03,112.20118733509234
2014-12-04,161.6457783641161
2014-12-05,89.38060686015831
2014-12-06,17.11543535620053
2014-12-07,26.624010554089708
2014-12-08,114.10290237467018
2014-12-09,157.84234828496042
2014-12-10,123.61147757255937
2014-12-11,119.80804749340369
2014-12-12,140.7269129287599
2014-12-13,47.54287598944591
2014-12-14,38.03430079155673
2014-12-15,114.10290237467018
2014-12-16,136.92348284960423
2014-12-17,53.248021108179415
2014-12-18,95.08575197889182
2014-12-19,131.2183377308707
2014-12-20,79.87203166226912
2014-12-21,72.26517150395779
2014-12-22,140.7269129287599
2014-12-23,190.17150395778364
2014-12-24,102.69261213720317
2014-12-25,34.23087071240106
2014-12-26,47.54287598944591
2014-12-27,28.525725593667545
2014-12-28,19.017150395778366
2014-12-29,100.79089709762533
2014-12-30,74.16688654353563
2014-12-31,112.20118733509234
2015-01-01,91.43258426966291
2015-01-02,100.14044943820224
2015-01-03,17.41573033707865
2015-01-04,54.42415730337078
2015-01-05,143.67977528089887
2015-01-06,134.97191011235952
2015-01-07,150.21067415730334
2015-01-08,89.25561797752808
2015-01-09,91.43258426966291
2015-01-10,28.300561797752806
2015-01-11,17.41573033707865
2015-01-12,182.86516853932582
2015-01-13,108.84831460674155
2015-01-14,198.10393258426964
2015-01-15,185.04213483146066
2015-01-16,124.08707865168537
2015-01-17,19.59269662921348
2015-01-18,102.31741573033706
2015-01-19,134.97191011235952
2015-01-20,111.02528089887639
2015-01-21,95.78651685393257
2015-01-22,126.26404494382021
2015-01-23,76.19382022471909
2015-01-24,74.01685393258425
2015-01-25,17.41573033707865
2015-01-26,217.6966292134831
2015-01-27,108.84831460674155
2015-01-28,87.07865168539325
2015-01-29,95.78651685393257
2015-01-30,89.25561797752808
2015-01-31,26.123595505617974
2015-02-01,53.58620689655172
2015-02-02,107.17241379310344
2015-02-03,121.65517241379311
2015-02-04,144.82758620689654
2015-02-05,70.96551724137932
2015-02-06,81.10344827586206
2015-02-07,27.517241379310345
2015-02-08,27.517241379310345
2015-02-09,57.93103448275862
2015-02-10,91.24137931034483
2015-02-11,85.44827586206897
2015-02-12,49.241379310344826
2015-02-13,53.58620689655172
2015-02-14,27.517241379310345
2015-02-15,37.6551724137931
2015-02-16,99.93103448275862
2015-02-17,131.79310344827587
2015-02-18,88.3448275862069
2015-02-19,65.17241379310344
2015-02-20,82.55172413793103
2015-02-21,44.89655172413793
2015-02-22,18.82758620689655
2015-02-23,120.20689655172414
2015-02-24,63.724137931034484
2015-02-25,79.65517241379311
2015-02-26,72.41379310344827
2015-02-27,57.93103448275862
2015-02-28,53.58620689655172
2015-03-01,44.64307883302297
2015-03-02,43.527001862197395
2015-03-03,79.24146492861577
2015-03-04,88.17008069522036
2015-03-05,35.714463066418375
2015-03-06,68.08069522036003
2015-03-07,54.68777157045314
2015-03-08,18.97330850403476
2015-03-09,111.60769708255742
2015-03-10,59.152079453755434
2015-03-11,30.134078212290504
2015-03-12,81.47361887026692
2015-03-13,54.68777157045314
2015-03-14,27.901924270639356
2015-03-15,75.89323401613905
2015-03-16,99.3308504034761
2015-03-17,68.08069522036003
2015-03-18,59.152079453755434
2015-03-19,111.60769708255742
2015-03-20,30.134078212290504
2015-03-21,0.0
2015-03-22,8.928615766604594
2015-03-23,43.527001862197395
2015-03-24,44.64307883302297
2015-03-25,49.107386716325266
2015-03-26,71.42892613283675
2015-03-27,108.2594661700807
2015-03-28,20.089385474860336
2015-03-29,30.134078212290504
2015-03-30,75.89323401613905
2015-03-31,103.7951582867784
2015-04-01,69.94539781591264
2015-04-02,87.14508580343214
2015-04-03,68.79875195007801
2015-04-04,10.319812792511701
2015-04-05,20.639625585023403
2015-04-06,63.065522620904844
2015-04-07,52.74570982839314
2015-04-08,68.79875195007801
2015-04-09,114.66458658346335
2015-04-10,56.18564742589704
2015-04-11,19.492979719188767
2015-04-12,0.0
2015-04-13,60.77223088923557
2015-04-14,36.69266770670827
2015-04-15,60.77223088923557
2015-04-16,106.6380655226209
2015-04-17,57.33229329173167
2015-04-18,0.0
2015-04-19,10.319812792511701
2015-04-20,44.719188767550705
2015-04-21,60.77223088923557
2015-04-22,82.55850234009361
2015-04-23,55.0390015600624
2015-04-24,48.159126365054604
2015-04-25,10.319812792511701
2015-04-26,20.639625585023403
2015-04-27,68.79875195007801
2015-04-28,29.81279251170047
2015-04-29,37.839313572542906
2015-04-30,47.01248049921997
2015-05-01,55.80848153214774
2015-05-02,40.85978112175102
2015-05-03,40.85978112175102
2015-05-04,91.68536251709985
2015-05-05,22.92134062927496
2015-05-06,99.6580027359781
2015-05-07,61.787961696306425
2015-05-08,40.85978112175102
2015-05-09,30.893980848153213
2015-05-10,20.9281805745554
2015-05-11,61.787961696306425
2015-05-12,38.86662106703146
2015-05-13,46.83926128590971
2015-05-14,54.811901504787954
2015-05-15,88.69562243502051
2015-05-16,9.96580027359781
2015-05-17,0.0
2015-05-18,53.81532147742818
2015-05-19,54.811901504787954
2015-05-20,61.787961696306425
2015-05-21,40.85978112175102
2015-05-22,33.883720930232556
2015-05-23,21.92476060191518
2015-05-24,21.92476060191518
2015-05-25,29.89740082079343
2015-05-26,55.80848153214774
2015-05-27,85.70588235294117
2015-05-28,78.7298221614227
2015-05-29,58.79822161422708
2015-05-30,9.96580027359781
2015-05-31,41.8563611491108
2015-06-01,40.11756061719324
2015-06-02,56.164584864070534
2015-06-03,49.28728875826598
2015-06-04,75.65025716385011
2015-06-05,95.13592946362968
2015-06-06,10.315944158706833
2015-06-07,0.0
2015-06-08,89.40484937545922
2015-06-09,41.26377663482733
2015-06-10,98.57457751653196
2015-06-11,42.409992652461426
2015-06-12,52.72593681116825
2015-06-13,32.09404849375459
2015-06-14,33.24026451138868
2015-06-15,65.33431300514327
2015-06-16,33.24026451138868
2015-06-17,107.7443056576047
2015-06-18,8.023512123438648
2015-06-19,26.362968405584127
2015-06-20,42.409992652461426
2015-06-21,21.778104335047757
2015-06-22,50.43350477590007
2015-06-23,114.62160176340926
2015-06-24,58.45701689933872
2015-06-25,67.62674504041146
2015-06-26,60.7494489346069
2015-06-27,0.0
2015-06-28,53.87215282880235
2015-06-29,74.50404114621601
2015-06-30,58.45701689933872
2015-07-01,31.335740072202164
2015-07-02,41.40794223826715
2015-07-03,48.122743682310464
2015-07-04,11.191335740072201
2015-07-05,33.5740072202166
2015-07-06,79.45848375451263
2015-07-07,85.05415162454872
2015-07-08,111.91335740072202
2015-07-09,63.79061371841155
2015-07-10,66.028880866426
2015-07-11,10.072202166064981
2015-07-12,10.072202166064981
2015-07-13,62.67148014440433
2015-07-14,78.3393501805054
2015-07-15,23.501805054151625
2015-07-16,71.62454873646209
2015-07-17,24.620938628158843
2015-07-18,10.072202166064981
2015-07-19,32.454873646209386
2015-07-20,41.40794223826715
2015-07-21,70.50541516245487
2015-07-22,85.05415162454872
2015-07-23,57.075812274368225
2015-07-24,33.5740072202166
2015-07-25,40.288808664259925
2015-07-26,40.288808664259925
2015-07-27,54.83754512635379
2015-07-28,54.83754512635379
2015-07-29,62.67148014440433
2015-07-30,48.122743682310464
2015-07-31,66.028880866426
2015-08-01,40.2680412371134
2015-08-02,40.2680412371134
2015-08-03,62.91881443298969
2015-08-04,62.91881443298969
2015-08-05,70.46907216494846
2015-08-06,95.63659793814433
2015-08-07,49.07667525773196
2015-08-08,10.06701030927835
2015-08-09,20.1340206185567
2015-08-10,85.56958762886597
2015-08-11,46.55992268041237
2015-08-12,125.83762886597938
2015-08-13,47.81829896907217
2015-08-14,71.72744845360825
2015-08-15,28.942654639175256
2015-08-16,30.20103092783505
2015-08-17,84.31121134020619
2015-08-18,54.110180412371136
2015-08-19,76.76095360824742
2015-08-20,54.110180412371136
2015-08-21,79.27770618556701
2015-08-22,18.875644329896907
2015-08-23,67.95231958762886
2015-08-24,113.25386597938144
2015-08-25,67.95231958762886
2015-08-26,81.79445876288659
2015-08-27,75.50257731958763
2015-08-28,117.02899484536083
2015-08-29,10.06701030927835
2015-08-30,39.009664948453604
2015-08-31,124.57925257731958
2015-09-01,69.45054945054945
2015-09-02,61.53846153846154
2015-09-03,78.24175824175823
2015-09-04,57.14285714285714
2015-09-05,0.0
2015-09-06,0.0
2015-09-07,37.8021978021978
2015-09-08,53.62637362637363
2015-09-09,37.8021978021978
2015-09-10,75.6043956043956
2015-09-11,39.56043956043956
2015-09-12,39.56043956043956
2015-09-13,19.34065934065934
2015-09-14,83.51648351648352
2015-09-15,60.65934065934066
2015-09-16,37.8021978021978
2015-09-17,45.714285714285715
2015-09-18,31.64835164835165
2015-09-19,9.67032967032967
2015-09-20,9.67032967032967
2015-09-21,58.9010989010989
2015-09-22,66.81318681318682
2015-09-23,61.53846153846154
2015-09-24,76.48351648351648
2015-09-25,39.56043956043956
2015-09-26,60.65934065934066
2015-09-27,0.0
2015-09-28,81.75824175824175
2015-09-29,58.02197802197802
2015-09-30,87.91208791208791
2015-10-01,144.84682440846825
2015-10-02,62.69489414694895
2015-10-03,10.809464508094646
2015-10-04,19.457036114570364
2015-10-05,51.885429638854305
2015-10-06,75.66625155666252
2015-10-07,51.885429638854305
2015-10-08,58.371108343711086
2015-10-09,38.91407222914073
2015-10-10,19.457036114570364
2015-10-11,19.457036114570364
2015-10-12,92.96139476961396
2015-10-13,30.26650062266501
2015-10-14,36.752179327521795
2015-10-15,64.85678704856788
2015-10-16,62.69489414694895
2015-10-17,49.72353673723537
2015-10-18,19.457036114570364
2015-10-19,67.01867995018681
2015-10-20,28.10460772104608
2015-10-21,49.72353673723537
2015-10-22,51.885429638854305
2015-10-23,69.18057285180574
2015-10-24,8.647571606475717
2015-10-25,28.10460772104608
2015-10-26,216.18929016189293
2015-10-27,101.60896637608967
2015-10-28,77.82814445828146
2015-10-29,86.47571606475717
2015-10-30,30.26650062266501
2015-10-31,10.809464508094646
2015-11-01,19.49740034662045
2015-11-02,35.095320623916805
2015-11-03,50.693240901213166
2015-11-04,42.89428076256499
2015-11-05,51.99306759098786
2015-11-06,29.896013864818023
2015-11-07,46.79376083188908
2015-11-08,37.6949740034662
2015-11-09,129.98266897746967
2015-11-10,64.99133448873484
2015-11-11,54.59272097053726
2015-11-12,67.59098786828423
2015-11-13,45.493934142114384
2015-11-14,19.49740034662045
2015-11-15,28.596187175043326
2015-11-16,44.194107452339686
2015-11-17,57.19237435008665
2015-11-18,58.49220103986135
2015-11-19,58.49220103986135
2015-11-20,98.78682842287694
2015-11-21,9.098786828422876
2015-11-22,27.29636048526863
2015-11-23,83.18890814558058
2015-11-24,89.68804159445406
2015-11-25,90.98786828422877
2015-11-26,19.49740034662045
2015-11-27,27.29636048526863
2015-11-28,19.49740034662045
2015-11-29,9.098786828422876
2015-11-30,81.8890814558059
2015-12-01,48.193444730077125
2015-12-02,28.210796915167094
2015-12-03,84.63239074550128
2015-12-04,72.87789203084833
2015-12-05,0.0
2015-12-06,9.403598971722365
2015-12-07,55.2461439588689
2015-12-08,83.456940874036
2015-12-09,77.57969151670952
2015-12-10,49.368894601542415
2015-12-11,117.54498714652956
2015-12-12,45.84254498714653
2015-12-13,36.438946015424165
2015-12-14,105.79048843187661
2015-12-15,86.98329048843188
2015-12-16,51.71979434447301
2015-12-17,112.84318766066838
2015-12-18,23.508997429305914
2015-12-19,49.368894601542415
2015-12-20,9.403598971722365
2015-12-21,55.2461439588689
2015-12-22,88.15874035989718
2015-12-23,84.63239074550128
2015-12-24,65.82519280205656
2015-12-25,10.57904884318766
2015-12-26,29.38624678663239
2015-12-27,18.80719794344473
2015-12-28,64.64974293059126
2015-12-29,97.56233933161954
2015-12-30,105.79048843187661
2015-12-31,59.94794344473008
2016-01-01,17.271428571428572
2016-01-02,58.457142857142856
2016-01-03,14.614285714285714
2016-01-04,98.31428571428572
2016-01-05,55.8
2016-01-06,42.51428571428571
2016-01-07,78.38571428571429
2016-01-08,43.84285714285714
2016-01-09,21.257142857142856
2016-01-10,33.214285714285715
2016-01-11,106.28571428571428
2016-01-12,47.82857142857143
2016-01-13,98.31428571428572
2016-01-14,93.0
2016-01-15,131.5285714285714
2016-01-16,29.228571428571428
2016-01-17,34.542857142857144
2016-01-18,102.3
2016-01-19,59.785714285714285
2016-01-20,132.85714285714286
2016-01-21,131.5285714285714
2016-01-22,49.15714285714286
2016-01-23,14.614285714285714
2016-01-24,49.15714285714286
2016-01-25,106.28571428571428
2016-01-26,53.14285714285714
2016-01-27,71.74285714285713
2016-01-28,89.0142857142857
2016-01-29,79.71428571428571
2016-01-30,73.07142857142857
2016-01-31,29.228571428571428
2016-02-01,64.35667963683528
2016-02-02,86.54863813229572
2016-02-03,28.849546044098574
2016-02-04,71.01426718547341
2016-02-05,61.027885862516214
2016-02-06,0.0
2016-02-07,62.13748378728924
2016-02-08,57.69909208819715
2016-02-09,68.79507133592737
2016-02-10,93.20622568093385
2016-02-11,65.46627756160831
2016-02-12,42.16472114137484
2016-02-13,48.822308690012974
2016-02-14,27.739948119325554
2016-02-15,92.09662775616083
2016-02-16,56.58949416342413
2016-02-17,41.05512321660182
2016-02-18,41.05512321660182
2016-02-19,48.822308690012974
2016-02-20,35.50713359273671
2016-02-21,21.08236057068742
2016-02-22,104.30220492866408
2016-02-23,79.89105058365759
2016-02-24,110.95979247730222
2016-02-25,58.808690012970175
2016-02-26,55.47989623865111
2016-02-27,56.58949416342413
2016-02-28,35.50713359273671
2016-02-29,95.4254215304799
2016-03-01,99.43396226415094
2016-03-02,46.79245283018868
2016-03-03,106.45283018867924
2016-03-04,108.79245283018868
2016-03-05,43.283018867924525
2016-03-06,42.11320754716981
2016-03-07,116.98113207547169
2016-03-08,111.13207547169812
2016-03-09,29.245283018867923
2016-03-10,59.660377358490564
2016-03-11,54.9811320754717
2016-03-12,7.018867924528301
2016-03-13,21.056603773584904
2016-03-14,66.67924528301887
2016-03-15,78.37735849056604
2016-03-16,59.660377358490564
2016-03-17,92.41509433962264
2016-03-18,81.88679245283019
2016-03-19,14.037735849056602
2016-03-20,43.283018867924525
2016-03-21,59.660377358490564
2016-03-22,47.9622641509434
2016-03-23,36.264150943396224
2016-03-24,80.71698113207547
2016-03-25,38.60377358490566
2016-03-26,7.018867924528301
2016-03-27,30.41509433962264
2016-03-28,37.43396226415094
2016-03-29,60.83018867924528
2016-03-30,66.67924528301887
2016-03-31,49.13207547169811
2016-04-01,49.675324675324674
2016-04-02,0.0
2016-04-03,35.60064935064935
2016-04-04,76.99675324675324
2016-04-05,41.396103896103895
2016-04-06,76.99675324675324
2016-04-07,24.009740259740262
2016-04-08,62.09415584415584
2016-04-09,35.60064935064935
2016-04-10,21.525974025974026
2016-04-11,82.79220779220779
2016-04-12,77.82467532467533
2016-04-13,42.22402597402598
2016-04-14,53.814935064935064
2016-04-15,68.71753246753246
2016-04-16,37.256493506493506
2016-04-17,14.902597402597403
2016-04-18,60.43831168831169
2016-04-19,48.019480519480524
2016-04-20,53.814935064935064
2016-04-21,70.37337662337663
2016-04-22,55.47077922077922
2016-04-23,22.353896103896105
2016-04-24,36.42857142857143
2016-04-25,70.37337662337663
2016-04-26,69.54545454545455
2016-04-27,82.79220779220779
2016-04-28,82.79220779220779
2016-04-29,61.26623376623377
2016-04-30,14.902597402597403
2016-05-01,7.183673469387755
2016-05-02,67.34693877551021
2016-05-03,79.91836734693878
2016-05-04,49.38775510204081
2016-05-05,89.79591836734694
2016-05-06,19.755102040816325
2016-05-07,15.26530612244898
2016-05-08,8.081632653061224
2016-05-09,31.428571428571427
2016-05-10,80.81632653061224
2016-05-11,62.857142857142854
2016-05-12,70.93877551020408
2016-05-13,66.44897959183673
2016-05-14,8.081632653061224
2016-05-15,31.428571428571427
2016-05-16,63.755102040816325
2016-05-17,62.857142857142854
2016-05-18,82.61224489795919
2016-05-19,32.326530612244895
2016-05-20,33.224489795918366
2016-05-21,16.163265306122447
2016-05-22,15.26530612244898
2016-05-23,44.89795918367347
2016-05-24,89.79591836734694
2016-05-25,26.040816326530614
2016-05-26,46.69387755102041
2016-05-27,34.12244897959184
2016-05-28,16.163265306122447
2016-05-29,41.30612244897959
2016-05-30,30.53061224489796
2016-05-31,39.51020408163265
2016-06-01,85.4290296712109
2016-06-02,79.05372894947874
2016-06-03,49.72734562951082
2016-06-04,14.025661587810745
2016-06-05,21.67602245388933
2016-06-06,127.50601443464313
2016-06-07,77.77866880513231
2016-06-08,61.2028869286287
2016-06-09,62.477947072975134
2016-06-10,31.876503608660784
2016-06-11,14.025661587810745
2016-06-12,14.025661587810745
2016-06-13,36.97674418604651
2016-06-14,53.552526062550115
2016-06-15,48.45228548516439
2016-06-16,30.60144346431435
2016-06-17,38.25180433039294
2016-06-18,15.300721732157175
2016-06-19,30.60144346431435
2016-06-20,93.07939053728948
2016-06-21,75.22854851643945
2016-06-22,36.97674418604651
2016-06-23,67.57818765036086
2016-06-24,51.002405773857255
2016-06-25,29.32638331996792
2016-06-26,36.97674418604651
2016-06-27,73.95348837209302
2016-06-28,93.07939053728948
2016-06-29,82.87890938251803
2016-06-30,57.37770649558941
2016-07-01,65.60465116279069
2016-07-02,7.569767441860464
2016-07-03,23.550387596899224
2016-07-04,15.139534883720929
2016-07-05,40.372093023255815
2016-07-06,70.65116279069767
2016-07-07,58.03488372093023
2016-07-08,58.875968992248055
2016-07-09,22.709302325581394
2016-07-10,22.709302325581394
2016-07-11,31.961240310077518
2016-07-12,83.26744186046511
2016-07-13,79.06201550387597
2016-07-14,31.120155038759687
2016-07-15,32.802325581395344
2016-07-16,22.709302325581394
2016-07-17,7.569767441860464
2016-07-18,58.03488372093023
2016-07-19,31.961240310077518
2016-07-20,52.14728682170542
2016-07-21,39.531007751937985
2016-07-22,46.25968992248062
2016-07-23,22.709302325581394
2016-07-24,15.139534883720929
2016-07-25,44.57751937984496
2016-07-26,44.57751937984496
2016-07-27,76.53875968992247
2016-07-28,75.69767441860465
2016-07-29,84.10852713178294
2016-07-30,21.868217054263564
2016-07-31,15.139534883720929
2016-08-01,18.51753325272068
2016-08-02,55.55259975816203
2016-08-03,56.977025392986704
2016-08-04,51.27932285368803
2016-08-05,13.532043530834342
2016-08-06,15.668681983071343
2016-08-07,7.834340991535671
2016-08-08,64.09915356711004
2016-08-09,71.22128174123338
2016-08-10,32.761789600967354
2016-08-11,61.250302297460706
2016-08-12,27.064087061668683
2016-08-13,14.956469165659009
2016-08-14,54.12817412333737
2016-08-15,59.113663845223705
2016-08-16,59.825876662636034
2016-08-17,59.825876662636034
2016-08-18,54.12817412333737
2016-08-19,48.4304715840387
2016-08-20,23.503022974607013
2016-08-21,7.834340991535671
2016-08-22,26.35187424425635
2016-08-23,52.7037484885127
2016-08-24,6.409915356711004
2016-08-25,24.927448609431682
2016-08-26,63.38694074969771
2016-08-27,22.07859733978235
2016-08-28,22.07859733978235
2016-08-29,36.32285368802902
2016-08-30,54.12817412333737
2016-08-31,12.107617896009675
2016-09-01,60.93686354378819
2016-09-02,69.89816700610999
2016-09-03,21.507128309572302
2016-09-04,15.234215885947048
2016-09-05,7.169042769857434
2016-09-06,36.741344195519346
2016-09-07,52.871690427698574
2016-09-08,35.84521384928717
2016-09-09,55.56008146639511
2016-09-10,21.507128309572302
2016-09-11,20.61099796334012
2016-09-12,77.06720977596741
2016-09-13,71.69042769857434
2016-09-14,54.663951120162935
2016-09-15,60.93686354378819
2016-09-16,25.09164969450102
2016-09-17,28.676171079429736
2016-09-18,20.61099796334012
2016-09-19,41.22199592668024
2016-09-20,83.34012219959267
2016-09-21,89.61303462321793
2016-09-22,36.741344195519346
2016-09-23,49.28716904276986
2016-09-24,14.338085539714868
2016-09-25,14.338085539714868
2016-09-26,35.84521384928717
2016-09-27,35.84521384928717
2016-09-28,84.23625254582485
2016-09-29,35.84521384928717
2016-09-30,62.729124236252545
2016-10-01,14.773130544993663
2016-10-02,14.773130544993663
2016-10-03,36.00950570342205
2016-10-04,54.47591888466413
2016-10-05,30.46958174904943
2016-10-06,60.93916349809886
2016-10-07,49.85931558935361
2016-10-08,44.31939163498099
2016-10-09,21.23637515842839
2016-10-10,48.93599493029151
2016-10-11,92.33206590621039
2016-10-12,55.39923954372624
2016-10-13,92.33206590621039
2016-10-14,70.1723700887199
2016-10-15,7.386565272496831
2016-10-16,21.23637515842839
2016-10-17,60.93916349809886
2016-10-18,60.93916349809886
2016-10-19,67.40240811153359
2016-10-20,55.39923954372624
2016-10-21,74.78897338403041
2016-10-22,15.696451204055766
2016-10-23,29.546261089987325
2016-10-24,66.47908745247148
2016-10-25,77.55893536121673
2016-10-26,48.0126742712294
2016-10-27,78.48225602027884
2016-10-28,37.85614702154626
2016-10-29,7.386565272496831
2016-10-30,7.386565272496831
2016-10-31,54.47591888466413
2016-11-01,58.474178403755865
2016-11-02,110.32863849765258
2016-11-03,29.788732394366196
2016-11-04,45.23474178403755
2016-11-05,0.0
2016-11-06,22.065727699530516
2016-11-07,60.68075117370892
2016-11-08,52.95774647887323
2016-11-09,39.71830985915493
2016-11-10,62.88732394366197
2016-11-11,38.6150234741784
2016-11-12,29.788732394366196
2016-11-13,7.72300469483568
2016-11-14,48.544600938967136
2016-11-15,55.16431924882629
2016-11-16,68.4037558685446
2016-11-17,57.37089201877934
2016-11-18,45.23474178403755
2016-11-19,0.0
2016-11-20,44.13145539906103
2016-11-21,37.51173708920187
2016-11-22,45.23474178403755
2016-11-23,60.68075117370892
2016-11-24,29.788732394366196
2016-11-25,40.821596244131456
2016-11-26,20.96244131455399
2016-11-27,20.96244131455399
2016-11-28,90.4694835680751
2016-11-29,98.19248826291079
2016-11-30,88.26291079812206
2016-12-01,79.49969715324046
2016-12-02,40.29436705027256
2016-12-03,40.29436705027256
2016-12-04,64.25317989097518
2016-12-05,91.47910357359177
2016-12-06,58.80799515445185
2016-12-07,78.4106602059358
2016-12-08,101.28043609933374
2016-12-09,23.958812840702606
2016-12-10,14.157480314960631
2016-12-11,45.739551786795886
2016-12-12,108.9036947304664
2016-12-13,66.4312537855845
2016-12-14,90.39006662628711
2016-12-15,63.164142943670505
2016-12-16,78.4106602059358
2016-12-17,20.691701998788616
2016-12-18,20.691701998788616
2016-12-19,58.80799515445185
2016-12-20,66.4312537855845
2016-12-21,62.07510599636584
2016-12-22,96.92428831011509
2016-12-23,65.34221683827984
2016-12-24,14.157480314960631
2016-12-25,15.246517262265295
2016-12-26,33.76014536644458
2016-12-27,98.01332525741975
2016-12-28,63.164142943670505
2016-12-29,60.98606904906118
2016-12-30,76.23258631132647
2016-12-31,0.0
2017-01-01,62.3795918367347
2017-01-02,36.56734693877551
2017-01-03,90.34285714285714
2017-01-04,107.55102040816327
2017-01-05,52.7
2017-01-06,63.45510204081633
2017-01-07,32.26530612244898
2017-01-08,25.812244897959182
2017-01-09,93.56938775510204
2017-01-10,81.73877551020408
2017-01-11,94.64489795918368
2017-01-12,55.926530612244896
2017-01-13,27.963265306122448
2017-01-14,19.35918367346939
2017-01-15,19.35918367346939
2017-01-16,45.17142857142857
2017-01-17,49.4734693877551
2017-01-18,53.775510204081634
2017-01-19,49.4734693877551
2017-01-20,48.39795918367347
2017-01-21,6.453061224489796
2017-01-22,31.18979591836735
2017-01-23,57.002040816326534
2017-01-24,76.36122448979592
2017-01-25,53.775510204081634
2017-01-26,37.642857142857146
2017-01-27,61.30408163265306
2017-01-28,12.906122448979591
2017-01-29,6.453061224489796
2017-01-30,47.32244897959184
2017-01-31,80.66326530612245
2017-02-01,108.42857142857144
2017-02-02,47.0952380952381
2017-02-03,32.85714285714286
2017-02-04,13.142857142857144
2017-02-05,25.190476190476193
2017-02-06,46.00000000000001
2017-02-07,56.952380952380956
2017-02-08,31.761904761904766
2017-02-09,48.1904761904762
2017-02-10,32.85714285714286
2017-02-11,13.142857142857144
2017-02-12,0.0
2017-02-13,66.80952380952381
2017-02-14,63.52380952380953
2017-02-15,64.61904761904762
2017-02-16,47.0952380952381
2017-02-17,48.1904761904762
2017-02-18,6.571428571428572
2017-02-19,26.28571428571429
2017-02-20,38.333333333333336
2017-02-21,109.52380952380953
2017-02-22,72.28571428571429
2017-02-23,47.0952380952381
2017-02-24,43.80952380952381
2017-02-25,31.761904761904766
2017-02-26,24.0952380952381
2017-02-27,67.90476190476191
2017-02-28,74.47619047619048
2017-03-01,51.15837837837837
2017-03-02,37.468108108108105
2017-03-03,49.71729729729729
2017-03-04,19.454594594594592
2017-03-05,32.424324324324324
2017-03-06,61.96648648648648
2017-03-07,71.33351351351351
2017-03-08,64.84864864864865
2017-03-09,54.04054054054054
2017-03-10,72.05405405405405
2017-03-11,25.939459459459457
2017-03-12,6.484864864864864
2017-03-13,56.20216216216216
2017-03-14,54.76108108108108
2017-03-15,28.10108108108108
2017-03-16,38.909189189189185
2017-03-17,40.35027027027027
2017-03-18,19.454594594594592
2017-03-19,12.969729729729728
2017-03-20,49.71729729729729
2017-03-21,54.76108108108108
2017-03-22,55.48162162162162
2017-03-23,33.865405405405404
2017-03-24,62.68702702702702
2017-03-25,6.484864864864864
2017-03-26,33.144864864864864
2017-03-27,48.99675675675675
2017-03-28,28.10108108108108
2017-03-29,55.48162162162162
2017-03-30,50.43783783783783
2017-03-31,56.20216216216216
2017-04-01,13.430330162283155
2017-04-02,32.90430889759373
2017-04-03,53.04980414101846
2017-04-04,53.72132064913262
2017-04-05,26.86066032456631
2017-04-06,43.648573027420255
2017-04-07,67.15165081141578
2017-04-08,26.86066032456631
2017-04-09,39.61947397873531
2017-04-10,27.532176832680467
2017-04-11,61.10800223838836
2017-04-12,55.06435366536093
2017-04-13,67.15165081141578
2017-04-14,35.59037493005036
2017-04-15,34.24734191382205
2017-04-16,21.488528259653048
2017-04-17,55.06435366536093
2017-04-18,42.977056519306096
2017-04-19,65.1371012870733
2017-04-20,59.76496922216004
2017-04-21,51.706771124790144
2017-04-22,20.145495243424733
2017-04-23,0.0
2017-04-24,21.488528259653048
2017-04-25,32.23279238947957
2017-04-26,26.18914381645215
2017-04-27,65.1371012870733
2017-04-28,55.06435366536093
2017-04-29,26.18914381645215
2017-04-30,19.473978735310574
2017-05-01,57.17620137299771
2017-05-02,23.05491990846682
2017-05-03,52.56521739130435
2017-05-04,59.942791762013734
2017-05-05,30.432494279176204
2017-05-06,22.132723112128147
2017-05-07,29.51029748283753
2017-05-08,65.47597254004577
2017-05-09,23.977116704805493
2017-05-10,65.47597254004577
2017-05-11,11.988558352402746
2017-05-12,56.25400457665904
2017-05-13,7.377574370709382
2017-05-14,37.81006864988559
2017-05-15,69.16475972540046
2017-05-16,37.81006864988559
2017-05-17,37.81006864988559
2017-05-18,31.354691075514875
2017-05-19,78.38672768878719
2017-05-20,0.0
2017-05-21,7.377574370709382
2017-05-22,44.265446224256294
2017-05-23,92.21967963386729
2017-05-24,32.276887871853546
2017-05-25,32.276887871853546
2017-05-26,34.121281464530895
2017-05-27,0.0
2017-05-28,8.299771167048055
2017-05-29,22.132723112128147
2017-05-30,75.62013729977117
2017-05-31,62.70938215102975
2017-06-01,60.17142857142857
2017-06-02,44.292857142857144
2017-06-03,14.207142857142857
2017-06-04,6.685714285714286
2017-06-05,40.95
2017-06-06,62.67857142857143
2017-06-07,51.81428571428572
2017-06-08,23.400000000000002
2017-06-09,49.30714285714286
2017-06-10,14.207142857142857
2017-06-11,14.207142857142857
2017-06-12,11.700000000000001
2017-06-13,57.66428571428572
2017-06-14,51.81428571428572
2017-06-15,61.00714285714286
2017-06-16,12.535714285714286
2017-06-17,7.521428571428571
2017-06-18,21.728571428571428
2017-06-19,82.7357142857143
2017-06-20,83.57142857142857
2017-06-21,73.54285714285714
2017-06-22,68.52857142857142
2017-06-23,34.26428571428571
2017-06-24,13.371428571428572
2017-06-25,21.728571428571428
2017-06-26,30.085714285714285
2017-06-27,36.77142857142857
2017-06-28,62.67857142857143
2017-06-29,25.071428571428573
2017-06-30,31.75714285714286
2017-07-01,7.2381587725150105
2017-07-02,15.200133422281523
2017-07-03,26.781187458305542
2017-07-04,28.952635090060042
2017-07-05,39.086057371581056
2017-07-06,42.70513675783857
2017-07-07,37.638425617078056
2017-07-08,20.99066044029353
2017-07-09,42.70513675783857
2017-07-10,55.010006671114084
2017-07-11,49.21947965310208
2017-07-12,30.400266844563046
2017-07-13,24.60973982655104
2017-07-14,56.457638425617084
2017-07-15,14.476317545030021
2017-07-16,28.952635090060042
2017-07-17,18.095396931287528
2017-07-18,42.70513675783857
2017-07-19,49.21947965310208
2017-07-20,72.38158772515011
2017-07-21,31.124082721814545
2017-07-22,13.752501667778521
2017-07-23,28.228819212808542
2017-07-24,42.70513675783857
2017-07-25,36.190793862575056
2017-07-26,41.98132088058706
2017-07-27,36.190793862575056
2017-07-28,49.21947965310208
2017-07-29,7.2381587725150105
2017-07-30,28.952635090060042
2017-07-31,66.5910607071381
2017-08-01,74.16257225433526
2017-08-02,65.49421965317919
2017-08-03,56.82586705202312
2017-08-04,35.63656069364162
2017-08-05,20.226156069364162
2017-08-06,27.93135838150289
2017-08-07,27.93135838150289
2017-08-08,54.899566473988436
2017-08-09,52.01011560693642
2017-08-10,53.936416184971094
2017-08-11,18.299855491329478
2017-08-12,20.226156069364162
2017-08-13,13.484104046242773
2017-08-14,41.415462427745666
2017-08-15,64.53106936416185
2017-08-16,46.23121387283237
2017-08-17,76.08887283236994
2017-08-18,35.63656069364162
2017-08-19,33.710260115606935
2017-08-20,20.226156069364162
2017-08-21,44.304913294797686
2017-08-22,28.89450867052023
2017-08-23,23.115606936416185
2017-08-24,34.67341040462428
2017-08-25,28.89450867052023
2017-08-26,26.968208092485547
2017-08-27,51.046965317919074
2017-08-28,75.1257225433526
2017-08-29,27.93135838150289
2017-08-30,56.82586705202312
2017-08-31,96.3150289017341
2017-09-01,77.48344370860927
2017-09-02,13.172185430463575
2017-09-03,27.894039735099337
2017-09-04,25.569536423841058
2017-09-05,38.741721854304636
2017-09-06,37.966887417218544
2017-09-07,61.21192052980132
2017-09-08,55.788079470198674
2017-09-09,0.0
2017-09-10,38.741721854304636
2017-09-11,38.741721854304636
2017-09-12,44.94039735099337
2017-09-13,50.36423841059602
2017-09-14,62.76158940397351
2017-09-15,51.91390728476821
2017-09-16,13.947019867549669
2017-09-17,6.973509933774834
2017-09-18,66.63576158940397
2017-09-19,44.16556291390728
2017-09-20,49.58940397350993
2017-09-21,56.562913907284766
2017-09-22,58.11258278145695
2017-09-23,6.973509933774834
2017-09-24,20.14569536423841
2017-09-25,61.98675496688742
2017-09-26,39.51655629139073
2017-09-27,44.94039735099337
2017-09-28,39.51655629139073
2017-09-29,28.66887417218543
2017-09-30,6.973509933774834
2017-10-01,35.88156123822342
2017-10-02,51.73620457604307
2017-10-03,35.047106325706594
2017-10-04,60.08075370121131
2017-10-05,48.398384925975776
2017-10-06,43.39165545087483
2017-10-07,28.371467025572006
2017-10-08,28.371467025572006
2017-10-09,47.56393001345895
2017-10-10,23.364737550471062
2017-10-11,29.205921938088828
2017-10-12,35.88156123822342
2017-10-13,18.358008075370122
2017-10-14,14.185733512786003
2017-10-15,28.371467025572006
2017-10-16,41.722745625841185
2017-10-17,18.358008075370122
2017-10-18,83.44549125168237
2017-10-19,49.232839838492595
2017-10-20,62.58411843876178
2017-10-21,7.510094212651413
2017-10-22,28.371467025572006
2017-10-23,52.57065948855989
2017-10-24,52.57065948855989
2017-10-25,59.24629878869448
2017-10-26,54.23956931359354
2017-10-27,55.908479138627186
2017-10-28,29.205921938088828
2017-10-29,20.861372812920592
2017-10-30,35.047106325706594
2017-10-31,60.915208613728126
2017-11-01,61.71428571428571
2017-11-02,48.0
2017-11-03,55.71428571428571
2017-11-04,19.71428571428571
2017-11-05,12.857142857142856
2017-11-06,85.71428571428571
2017-11-07,54.0
2017-11-08,36.857142857142854
2017-11-09,59.14285714285714
2017-11-10,23.142857142857142
2017-11-11,19.71428571428571
2017-11-12,31.71428571428571
2017-11-13,36.857142857142854
2017-11-14,64.28571428571428
2017-11-15,64.28571428571428
2017-11-16,21.428571428571427
2017-11-17,27.428571428571427
2017-11-18,19.71428571428571
2017-11-19,12.857142857142856
2017-11-20,54.857142857142854
2017-11-21,56.57142857142857
2017-11-22,65.14285714285714
2017-11-23,39.42857142857142
2017-11-24,55.71428571428571
2017-11-25,56.57142857142857
2017-11-26,31.71428571428571
2017-11-27,24.857142857142854
2017-11-28,47.14285714285714
2017-11-29,68.57142857142857
2017-11-30,64.28571428571428
2017-12-01,42.74649766511008
2017-12-02,13.152768512341563
2017-12-03,43.84256170780521
2017-12-04,62.47565043362243
2017-12-05,30.689793195463647
2017-12-06,63.57171447631755
2017-12-07,84.39693128752504
2017-12-08,92.06937958639094
2017-12-09,19.729152768512343
2017-12-10,31.785857238158776
2017-12-11,47.1307538358906
2017-12-12,109.60640426951302
2017-12-13,99.74182788525685
2017-12-14,42.74649766511008
2017-12-15,72.3402268178786
2017-12-16,51.51501000667112
2017-12-17,38.36224149432956
2017-12-18,82.20480320213477
2017-12-19,61.379586390927294
2017-12-20,17.537024683122084
2017-12-21,52.61107404936625
2017-12-22,30.689793195463647
2017-12-23,47.1307538358906
2017-12-24,0.0
2017-12-25,37.26617745163443
2017-12-26,56.99533022014677
2017-12-27,84.39693128752504
2017-12-28,84.39693128752504
2017-12-29,72.3402268178786
2017-12-30,38.36224149432956
2017-12-31,31.785857238158776
2018-01-01,58.929073856975386
2018-01-02,90.27432590855804
2018-01-03,100.30480656506448
2018-01-04,122.87338804220398
2018-01-05,85.25908558030481
2018-01-06,18.80715123094959
2018-01-07,37.61430246189918
2018-01-08,47.64478311840563
2018-01-09,52.660023446658855
2018-01-10,65.19812426729192
2018-01-11,117.85814771395077
2018-01-12,60.18288393903869
2018-01-13,25.07620164126612
2018-01-14,31.34525205158265
2018-01-15,102.81242672919109
2018-01-16,80.24384525205159
2018-01-17,90.27432590855804
2018-01-18,91.52813599062134
2018-01-19,65.19812426729192
2018-01-20,18.80715123094959
2018-01-21,6.26905041031653
2018-01-22,52.660023446658855
2018-01-23,121.61957796014069
2018-01-24,75.22860492379836
2018-01-25,111.58909730363423
2018-01-26,125.3810082063306
2018-01-27,57.675263774912075
2018-01-28,25.07620164126612
2018-01-29,52.660023446658855
2018-01-30,84.0052754982415
2018-01-31,63.944314185228606
2018-02-01,86.88510007412897
2018-02-02,52.51297257227576
2018-02-03,24.824314306893992
2018-02-04,23.86953298739807
2018-02-05,68.74425500370644
2018-02-06,50.603409933283906
2018-02-07,64.92512972572275
2018-02-08,51.558191252779835
2018-02-09,51.558191252779835
2018-02-10,42.0103780578206
2018-02-11,36.281690140845065
2018-02-12,95.47813194959228
2018-02-13,60.15122312824314
2018-02-14,35.32690882134914
2018-02-15,57.286879169755366
2018-02-16,42.0103780578206
2018-02-17,19.095626389918458
2018-02-18,18.140845070422532
2018-02-19,26.73387694588584
2018-02-20,50.603409933283906
2018-02-21,51.558191252779835
2018-02-22,45.8295033358043
2018-02-23,46.78428465530022
2018-02-24,23.86953298739807
2018-02-25,5.728687916975537
2018-02-26,69.69903632320236
2018-02-27,70.65381764269829
2018-02-28,15.276501111934765
2018-03-01,35.452688904016334
2018-03-02,36.718856364874064
2018-03-03,12.661674608577263
2018-03-04,37.98502382573179
2018-03-05,46.84819605173587
2018-03-06,31.654186521443155
2018-03-07,47.481279782164734
2018-03-08,63.30837304288631
2018-03-09,22.157930565010208
2018-03-10,12.661674608577263
2018-03-11,12.661674608577263
2018-03-12,20.89176310415248
2018-03-13,53.179033356024505
2018-03-14,42.41660993873383
2018-03-15,37.98502382573179
2018-03-16,21.524846834581346
2018-03-17,18.992511912865893
2018-03-18,19.62559564329476
2018-03-19,57.610619469026545
2018-03-20,15.827093260721577
2018-03-21,26.589516678012252
2018-03-22,43.68277739959156
2018-03-23,50.64669843430905
2018-03-24,12.661674608577263
2018-03-25,32.287270251872016
2018-03-26,43.68277739959156
2018-03-27,16.46017699115044
2018-03-28,10.762423417290673
2018-03-29,33.553437712729746
2018-03-30,5.697753573859768
2018-03-31,6.3308373042886315
2018-04-01,13.82716049382716
2018-04-02,40.16460905349794
2018-04-03,49.382716049382715
2018-04-04,11.193415637860083
2018-04-05,23.045267489711936
2018-04-06,17.11934156378601
2018-04-07,19.753086419753085
2018-04-08,6.584362139917696
2018-04-09,32.92181069958848
2018-04-10,61.23456790123457
2018-04-11,65.84362139917695
2018-04-12,33.58024691358025
2018-04-13,51.358024691358025
2018-04-14,0.0
2018-04-15,6.584362139917696
2018-04-16,59.25925925925926
2018-04-17,32.92181069958848
2018-04-18,61.23456790123457
2018-04-19,33.58024691358025
2018-04-20,39.50617283950617
2018-04-21,20.411522633744855
2018-04-22,13.168724279835391
2018-04-23,26.995884773662553
2018-04-24,43.45679012345679
2018-04-25,42.79835390946502
2018-04-26,43.45679012345679
2018-04-27,33.58024691358025
2018-04-28,6.584362139917696
2018-04-29,26.995884773662553
2018-04-30,43.45679012345679
2018-05-01,47.26361279170268
2018-05-02,15.433016421780467
2018-05-03,36.653414001728606
2018-05-04,32.795159896283494
2018-05-05,6.751944684528954
2018-05-06,6.751944684528954
2018-05-07,31.830596369922212
2018-05-08,36.653414001728606
2018-05-09,47.26361279170268
2018-05-10,69.4485738980121
2018-05-11,16.397579948141747
2018-05-12,19.291270527225585
2018-05-13,32.795159896283494
2018-05-14,32.795159896283494
2018-05-15,21.22039757994814
2018-05-16,31.830596369922212
2018-05-17,42.44079515989628
2018-05-18,82.95246326707002
2018-05-19,12.539325842696629
2018-05-20,26.04321521175454
2018-05-21,37.61797752808989
2018-05-22,27.007778738115817
2018-05-23,27.007778738115817
2018-05-24,62.69662921348315
2018-05-25,46.2990492653414
2018-05-26,13.503889369057909
2018-05-27,13.503889369057909
2018-05-28,44.36992221261884
2018-05-29,37.61797752808989
2018-05-30,96.45635263612792
2018-05-31,60.767502160760586
2018-06-01,22.145536384096026
2018-06-02,6.481620405101276
2018-06-03,12.963240810202551
2018-06-04,37.80945236309078
2018-06-05,48.612153038259564
2018-06-06,27.546886721680423
2018-06-07,16.74418604651163
2018-06-08,16.74418604651163
2018-06-09,0.0
2018-06-10,19.444861215303828
2018-06-11,36.72918229557389
2018-06-12,35.108777194298575
2018-06-13,10.262565641410353
2018-06-14,37.80945236309078
2018-06-15,34.0285071267817
2018-06-16,12.963240810202551
2018-06-17,13.50337584396099
2018-06-18,38.889722430607655
2018-06-19,54.01350337584396
2018-06-20,11.342835708927232
2018-06-21,38.889722430607655
2018-06-22,38.889722430607655
2018-06-23,12.963240810202551
2018-06-24,12.963240810202551
2018-06-25,16.20405101275319
2018-06-26,27.546886721680423
2018-06-27,21.605401350337587
2018-06-28,16.74418604651163
2018-06-29,34.568642160540136
2018-06-30,6.481620405101276
2018-07-01,6.796907940969781
2018-07-02,23.0049191848208
2018-07-03,46.53267744202389
2018-07-04,0.0
2018-07-05,43.91848208011243
2018-07-06,0.0
2018-07-07,6.796907940969781
2018-07-08,13.070976809557273
2018-07-09,50.715390021082214
2018-07-10,33.461700632466616
2018-07-11,16.20801124385102
2018-07-12,41.30428671820098
2018-07-13,24.05059732958538
2018-07-14,6.796907940969781
2018-07-15,19.867884750527054
2018-07-16,46.53267744202389
2018-07-17,17.253689388615598
2018-07-18,52.28390723822909
2018-07-19,5.7512297962052
2018-07-20,17.77652846099789
2018-07-21,13.593815881939562
2018-07-22,6.796907940969781
2018-07-23,34.507378777231196
2018-07-24,28.756148981025998
2018-07-25,33.984539704848906
2018-07-26,47.05551651440618
2018-07-27,29.80182712579058
2018-07-28,13.593815881939562
2018-07-29,6.796907940969781
2018-07-30,23.0049191848208
2018-07-31,33.984539704848906
2018-08-01,11.167146974063401
2018-08-02,41.98847262247839
2018-08-03,22.334293948126803
2018-08-04,32.16138328530259
2018-08-05,6.253602305475504
2018-08-06,44.668587896253605
2018-08-07,43.328530259366
2018-08-08,43.77521613832853
2018-08-09,10.720461095100864
2018-08-10,22.334293948126803
2018-08-11,12.507204610951009
2018-08-12,12.953890489913546
2018-08-13,33.054755043227665
2018-08-14,27.2478386167147
2018-08-15,38.861671469740635
2018-08-16,39.30835734870317
2018-08-17,33.501440922190206
2018-08-18,12.953890489913546
2018-08-19,19.654178674351584
2018-08-20,33.501440922190206
2018-08-21,32.60806916426513
2018-08-22,27.2478386167147
2018-08-23,16.97406340057637
2018-08-24,16.97406340057637
2018-08-25,12.953890489913546
2018-08-26,6.253602305475504
2018-08-27,21.887608069164266
2018-08-28,16.080691642651296
2018-08-29,32.60806916426513
2018-08-30,32.60806916426513
2018-08-31,16.527377521613833
2018-09-01,32.28054298642534
2018-09-02,13.384615384615385
2018-09-03,12.597285067873303
2018-09-04,43.303167420814475
2018-09-05,21.257918552036198
2018-09-06,31.493212669683256
2018-09-07,26.76923076923077
2018-09-08,18.895927601809955
2018-09-09,24.407239819004523
2018-09-10,15.746606334841628
2018-09-11,25.981900452488688
2018-09-12,21.257918552036198
2018-09-13,32.28054298642534
2018-09-14,21.257918552036198
2018-09-15,6.298642533936651
2018-09-16,12.597285067873303
2018-09-17,37.004524886877824
2018-09-18,78.73303167420815
2018-09-19,22.04524886877828
2018-09-20,21.257918552036198
2018-09-21,33.06787330316742
2018-09-22,6.298642533936651
2018-09-23,12.597285067873303
2018-09-24,53.53846153846154
2018-09-25,64.56108597285068
2018-09-26,51.963800904977376
2018-09-27,75.58371040723982
2018-09-28,22.04524886877828
2018-09-29,6.298642533936651
2018-09-30,25.194570135746606
2018-10-01,52.89946380697051
2018-10-02,26.84450402144772
2018-10-03,46.583109919571044
2018-10-04,59.215817694369974
2018-10-05,27.634048257372655
2018-10-06,19.738605898123325
2018-10-07,25.265415549597854
2018-10-08,48.951742627345844
2018-10-09,69.4798927613941
2018-10-10,60.0053619302949
2018-10-11,48.951742627345844
2018-10-12,28.423592493297587
2018-10-13,0.0
2018-10-14,19.738605898123325
2018-10-15,37.89812332439678
2018-10-16,48.951742627345844
2018-10-17,53.68900804289544
2018-10-18,22.10723860589812
2018-10-19,62.3739946380697
2018-10-20,25.265415549597854
2018-10-21,25.265415549597854
2018-10-22,26.84450402144772
2018-10-23,21.31769436997319
2018-10-24,26.054959785522787
2018-10-25,37.89812332439678
2018-10-26,78.9544235924933
2018-10-27,12.632707774798927
2018-10-28,51.320375335120644
2018-10-29,37.10857908847185
2018-10-30,37.89812332439678
2018-10-31,38.687667560321714
2018-11-01,69.27631578947368
2018-11-02,33.35526315789474
2018-11-03,25.657894736842106
2018-11-04,25.657894736842106
2018-11-05,89.80263157894737
2018-11-06,25.657894736842106
2018-11-07,56.44736842105263
2018-11-08,69.27631578947368
2018-11-09,66.71052631578948
2018-11-10,25.657894736842106
2018-11-11,25.657894736842106
2018-11-12,48.75
2018-11-13,94.9342105263158
2018-11-14,256.57894736842104
2018-11-15,159.07894736842107
2018-11-16,110.32894736842105
2018-11-17,64.14473684210526
2018-11-18,51.31578947368421
2018-11-19,148.81578947368422
2018-11-20,182.17105263157896
2018-11-21,110.32894736842105
2018-11-22,56.44736842105263
2018-11-23,71.84210526315789
2018-11-24,35.921052631578945
2018-11-25,17.960526315789473
2018-11-26,102.63157894736842
2018-11-27,56.44736842105263
2018-11-28,64.14473684210526
2018-11-29,105.19736842105263
2018-11-30,89.80263157894737
2018-12-01,41.303661162957646
2018-12-02,29.687006460875807
2018-12-03,36.14070351758794
2018-12-04,67.11844938980617
2018-12-05,111.00358937544867
2018-12-06,68.4091888011486
2018-12-07,129.07394113424263
2018-12-08,24.524048815506102
2018-12-09,54.21105527638191
2018-12-10,46.466618808327354
2018-12-11,58.08327351040919
2018-12-12,47.757358219669776
2018-12-13,89.06101938262742
2018-12-14,77.44436468054559
2018-12-15,45.175879396984925
2018-12-16,0.0
2018-12-17,87.77027997128499
2018-12-18,100.67767408470927
2018-12-19,87.77027997128499
2018-12-20,77.44436468054559
2018-12-21,51.629576453697055
2018-12-22,12.907394113424264
2018-12-23,27.105527638190956
2018-12-24,70.99066762383346
2018-12-25,14.19813352476669
2018-12-26,61.95549174443647
2018-12-27,51.629576453697055
2018-12-28,90.35175879396985
2018-12-29,30.977745872218236
2018-12-30,25.814788226848528
2018-12-31,81.31658291457286
2019-01-01,33.63727764887857
2019-01-02,68.73704563031708
2019-01-03,67.27455529775715
2019-01-04,83.36194895591647
2019-01-05,30.7122969837587
2019-01-06,38.02474864655839
2019-01-07,90.67440061871616
2019-01-08,36.562258313998456
2019-01-09,54.11214230471771
2019-01-10,62.88708430007734
2019-01-11,65.81206496519721
2019-01-12,43.874709976798144
2019-01-13,11.699922660479505
2019-01-14,106.76179427687548
2019-01-15,78.97447795823666
2019-01-16,64.34957463263727
2019-01-17,100.91183294663573
2019-01-18,62.88708430007734
2019-01-19,24.862335653518947
2019-01-20,23.39984532095901
2019-01-21,80.4369682907966
2019-01-22,67.27455529775715
2019-01-23,77.51198762567672
2019-01-24,67.27455529775715
2019-01-25,76.04949729311679
2019-01-26,43.874709976798144
2019-01-27,0.0
2019-01-28,78.97447795823666
2019-01-29,46.79969064191802
2019-01-30,57.03712296983758
2019-01-31,146.24903325599382
2019-02-01,89.86046511627907
2019-02-02,25.16093023255814
2019-02-03,19.170232558139535
2019-02-04,56.312558139534886
2019-02-05,74.2846511627907
2019-02-06,88.66232558139535
2019-02-07,119.81395348837209
2019-02-08,26.35906976744186
2019-02-09,13.17953488372093
2019-02-10,37.14232558139535
2019-02-11,50.32186046511628
2019-02-12,68.2939534883721
2019-02-13,26.35906976744186
2019-02-14,43.13302325581395
2019-02-15,16.773953488372094
2019-02-16,13.17953488372093
2019-02-17,19.170232558139535
2019-02-18,33.54790697674419
2019-02-19,68.2939534883721
2019-02-20,41.93488372093023
2019-02-21,77.87906976744186
2019-02-22,69.49209302325582
2019-02-23,29.953488372093023
2019-02-24,25.16093023255814
2019-02-25,51.52
2019-02-26,31.151627906976746
2019-02-27,45.5293023255814
2019-02-28,26.35906976744186
2019-03-01,25.707317073170735
2019-03-02,12.486411149825784
2019-03-03,47.74216027874565
2019-03-04,68.30801393728224
2019-03-05,36.72473867595819
2019-03-06,60.963066202090594
2019-03-07,36.72473867595819
2019-03-08,32.31777003484321
2019-03-09,6.6104529616724745
2019-03-10,12.486411149825784
2019-03-11,47.007665505226484
2019-03-12,73.44947735191639
2019-03-13,47.74216027874565
2019-03-14,26.441811846689898
2019-03-15,42.6006968641115
2019-03-16,31.583275261324044
2019-03-17,13.220905923344949
2019-03-18,49.21114982578398
2019-03-19,52.14912891986063
2019-03-20,55.08710801393729
2019-03-21,16.158885017421603
2019-03-22,38.19372822299652
2019-03-23,6.6104529616724745
2019-03-24,5.8759581881533105
2019-03-25,48.47665505226481
2019-03-26,48.47665505226481
2019-03-27,22.034843205574916
2019-03-28,16.158885017421603
2019-03-29,16.158885017421603
2019-03-30,32.31777003484321
2019-03-31,24.97282229965157
2019-04-01,46.660899653979236
2019-04-02,31.375432525951556
2019-04-03,37.00692041522491
2019-04-04,30.570934256055363
2019-04-05,21.72145328719723
2019-04-06,6.43598615916955
2019-04-07,6.43598615916955
2019-04-08,20.91695501730104
2019-04-09,15.285467128027681
2019-04-10,20.91695501730104
2019-04-11,4.826989619377162
2019-04-12,42.63840830449827
2019-04-13,25.7439446366782
2019-04-14,12.8719723183391
2019-04-15,36.20242214532872
2019-04-16,41.83391003460208
2019-04-17,59.53287197231834
2019-04-18,80.44982698961938
2019-04-19,28.157439446366784
2019-04-20,32.17993079584775
2019-04-21,7.240484429065744
2019-04-22,32.984429065743946
2019-04-23,69.18685121107266
2019-04-24,32.17993079584775
2019-04-25,36.20242214532872
2019-04-26,52.292387543252595
2019-04-27,12.8719723183391
2019-04-28,44.24740484429066
2019-04-29,20.91695501730104
2019-04-30,20.112456747404845
2019-05-01,43.34573304157549
2019-05-02,26.25164113785558
2019-05-03,27.472647702407002
2019-05-04,19.536105032822757
2019-05-05,12.820568927789934
2019-05-06,42.735229759299784
2019-05-07,15.87308533916849
2019-05-08,32.35667396061269
2019-05-09,48.840262582056894
2019-05-10,22.588621444201312
2019-05-11,6.715536105032823
2019-05-12,6.715536105032823
2019-05-13,61.050328227571114
2019-05-14,27.472647702407002
2019-05-15,55.55579868708971
2019-05-16,16.483588621444202
2019-05-17,34.18818380743983
2019-05-18,6.715536105032823
2019-05-19,26.86214442013129
2019-05-20,21.9781181619256
2019-05-21,32.35667396061269
2019-05-22,39.072210065645514
2019-05-23,44.566739606126916
2019-05-24,11.599562363238512
2019-05-25,14.041575492341357
2019-05-26,6.715536105032823
2019-05-27,6.715536105032823
2019-05-28,44.566739606126916
2019-05-29,26.86214442013129
2019-05-30,26.86214442013129
2019-05-31,28.083150984682714
2019-06-01,19.25
2019-06-02,12.833333333333332
2019-06-03,53.258333333333326
2019-06-04,42.99166666666666
2019-06-05,32.724999999999994
2019-06-06,32.724999999999994
2019-06-07,28.23333333333333
2019-06-08,19.25
2019-06-09,6.416666666666666
2019-06-10,37.85833333333333
2019-06-11,43.633333333333326
2019-06-12,16.68333333333333
2019-06-13,55.824999999999996
2019-06-14,37.85833333333333
2019-06-15,12.833333333333332
2019-06-16,19.25
2019-06-17,32.724999999999994
2019-06-18,26.949999999999996
2019-06-19,64.16666666666666
2019-06-20,54.541666666666664
2019-06-21,39.78333333333333
2019-06-22,6.416666666666666
2019-06-23,19.891666666666666
2019-06-24,33.36666666666666
2019-06-25,50.05
2019-06-26,38.5
2019-06-27,38.5
2019-06-28,47.48333333333333
