Date,Nuclear Power
2013-01-01,35.17372421281216
2013-01-02,39.80184581976113
2013-01-03,48.13246471226927
2013-01-04,38.876221498371336
2013-01-05,32.396851248642776
2013-01-06,35.17372421281216
2013-01-07,50.90933767643865
2013-01-08,59.239956568946795
2013-01-09,62.01682953311617
2013-01-10,66.64495114006515
2013-01-11,63.86807817589576
2013-01-12,41.653094462540714
2013-01-13,49.058089033659066
2013-01-14,61.09120521172638
2013-01-15,67.57057546145494
2013-01-16,60.165580890336585
2013-01-17,56.46308360477742
2013-01-18,61.09120521172638
2013-01-19,33.32247557003257
2013-01-20,41.653094462540714
2013-01-21,45.35559174809989
2013-01-22,56.46308360477742
2013-01-23,56.46308360477742
2013-01-24,92.56243213897936
2013-01-25,60.165580890336585
2013-01-26,45.35559174809989
2013-01-27,48.13246471226927
2013-01-28,63.86807817589576
2013-01-29,84.23181324647122
2013-01-30,77.75244299674267
2013-01-31,70.34744842562432
2013-02-01,59.008665511265164
2013-02-02,39.33911034084344
2013-02-03,48.656268053148466
2013-02-04,66.25534373194685
2013-02-05,68.3258232235702
2013-02-06,75.57250144425188
2013-02-07,74.5372616984402
2013-02-08,60.04390525707684
2013-02-09,37.2686308492201
2013-02-10,47.6210283073368
2013-02-11,66.25534373194685
2013-02-12,103.52397458116695
2013-02-13,76.60774119006355
2013-02-14,64.1848642403235
2013-02-15,61.0791450028885
2013-02-16,50.72674754477181
2013-02-17,53.832466782206815
2013-02-18,57.9734257654535
2013-02-19,68.3258232235702
2013-02-20,70.39630271519353
2013-02-21,68.3258232235702
2013-02-22,67.29058347775852
2013-02-23,59.008665511265164
2013-02-24,48.656268053148466
2013-02-25,73.50202195262854
2013-02-26,77.64298093587522
2013-02-27,76.60774119006355
2013-02-28,71.4315424610052
2013-03-01,66.92063492063492
2013-03-02,48.66955266955267
2013-03-03,49.68350168350168
2013-03-04,76.04617604617604
2013-03-05,80.1019721019721
2013-03-06,74.01827801827801
2013-03-07,101.3949013949014
2013-03-08,82.12987012987013
2013-03-09,59.822991822991824
2013-03-10,52.725348725348724
2013-03-11,78.07407407407408
2013-03-12,82.12987012987013
2013-03-13,80.1019721019721
2013-03-14,57.79509379509379
2013-03-15,59.822991822991824
2013-03-16,42.58585858585859
2013-03-17,61.85088985088985
2013-03-18,77.06012506012506
2013-03-19,75.03222703222703
2013-03-20,77.06012506012506
2013-03-21,76.04617604617604
2013-03-22,61.85088985088985
2013-03-23,45.62770562770563
2013-03-24,49.68350168350168
2013-03-25,62.864838864838866
2013-03-26,71.99037999037999
2013-03-27,69.96248196248196
2013-03-28,79.08802308802309
2013-03-29,74.01827801827801
2013-03-30,64.89273689273689
2013-03-31,68.94853294853294
2013-04-01,85.1963746223565
2013-04-02,100.10574018126889
2013-04-03,117.14501510574019
2013-04-04,212.99093655589127
2013-04-05,136.3141993957704
2013-04-06,76.67673716012085
2013-04-07,85.1963746223565
2013-04-08,97.97583081570997
2013-04-09,108.62537764350454
2013-04-10,100.10574018126889
2013-04-11,115.01510574018127
2013-04-12,97.97583081570997
2013-04-13,70.28700906344412
2013-04-14,74.54682779456193
2013-04-15,106.49546827794563
2013-04-16,104.36555891238672
2013-04-17,93.71601208459215
2013-04-18,104.36555891238672
2013-04-19,87.32628398791542
2013-04-20,46.858006042296076
2013-04-21,59.63746223564955
2013-04-22,97.97583081570997
2013-04-23,87.32628398791542
2013-04-24,87.32628398791542
2013-04-25,93.71601208459215
2013-04-26,83.06646525679758
2013-04-27,53.24773413897282
2013-04-28,59.63746223564955
2013-04-29,87.32628398791542
2013-04-30,89.45619335347433
2013-05-01,87.07745266781411
2013-05-02,87.98450946643717
2013-05-03,73.47160068846816
2013-05-04,45.352839931153184
2013-05-05,56.23752151462995
2013-05-06,87.07745266781411
2013-05-07,80.72805507745267
2013-05-08,87.98450946643717
2013-05-09,90.70567986230637
2013-05-10,73.47160068846816
2013-05-11,41.72461273666093
2013-05-12,48.07401032702237
2013-05-13,83.44922547332186
2013-05-14,83.44922547332186
2013-05-15,89.79862306368331
2013-05-16,83.44922547332186
2013-05-17,79.8209982788296
2013-05-18,34.46815834767642
2013-05-19,40.81755593803786
2013-05-20,72.5645438898451
2013-05-21,78.91394148020653
2013-05-22,88.89156626506023
2013-05-23,78.00688468158347
2013-05-24,58.051635111876074
2013-05-25,34.46815834767642
2013-05-26,41.72461273666093
2013-05-27,44.44578313253012
2013-05-28,66.21514629948365
2013-05-29,68.02925989672977
2013-05-30,64.40103270223752
2013-05-31,57.14457831325301
2013-06-01,39.83463035019455
2013-06-02,39.32392996108949
2013-06-03,51.07003891050583
2013-06-04,47.495136186770424
2013-06-05,44.43093385214007
2013-06-06,46.47373540856031
2013-06-07,42.898832684824896
2013-06-08,32.17412451361867
2013-06-09,32.68482490272373
2013-06-10,40.856031128404666
2013-06-11,41.36673151750973
2013-06-12,37.791828793774314
2013-06-13,41.36673151750973
2013-06-14,31.663424124513618
2013-06-15,30.6420233463035
2013-06-16,30.131322957198442
2013-06-17,36.25972762645914
2013-06-18,31.663424124513618
2013-06-19,39.83463035019455
2013-06-20,37.28112840466926
2013-06-21,31.663424124513618
2013-06-22,26.556420233463033
2013-06-23,26.045719844357976
2013-06-24,24.5136186770428
2013-06-25,29.62062256809338
2013-06-26,28.08852140077821
2013-06-27,27.57782101167315
2013-06-28,25.535019455252915
2013-06-29,26.556420233463033
2013-06-30,28.599221789883266
2013-07-01,29.078167115902964
2013-07-02,24.92414324220254
2013-07-03,31.155179052753176
2013-07-04,23.19329996149403
2013-07-05,24.577974586060837
2013-07-06,19.38544474393531
2013-07-07,31.155179052753176
2013-07-08,32.88602233346168
2013-07-09,28.039661147477858
2013-07-10,27.693492491336155
2013-07-11,29.078167115902964
2013-07-12,28.039661147477858
2013-07-13,25.270311898344243
2013-07-14,28.73199845976126
2013-07-15,31.155179052753176
2013-07-16,34.616865614170194
2013-07-17,26.65498652291105
2013-07-18,31.84751636503658
2013-07-19,28.38582980361956
2013-07-20,31.501347708894876
2013-07-21,26.65498652291105
2013-07-22,29.770504428186367
2013-07-23,29.770504428186367
2013-07-24,33.57835964574509
2013-07-25,33.23219098960339
2013-07-26,30.46284174046977
2013-07-27,25.962649210627646
2013-07-28,27.001155179052752
2013-07-29,32.53985367731998
2013-07-30,33.23219098960339
2013-07-31,29.424335772044664
2013-08-01,31.340659340659343
2013-08-02,37.472527472527474
2013-08-03,29.2967032967033
2013-08-04,33.38461538461539
2013-08-05,35.42857142857143
2013-08-06,34.065934065934066
2013-08-07,42.92307692307693
2013-08-08,37.472527472527474
2013-08-09,33.38461538461539
2013-08-10,34.74725274725275
2013-08-11,38.83516483516484
2013-08-12,34.74725274725275
2013-08-13,38.83516483516484
2013-08-14,39.51648351648352
2013-08-15,43.604395604395606
2013-08-16,45.64835164835165
2013-08-17,34.065934065934066
2013-08-18,29.978021978021978
2013-08-19,34.74725274725275
2013-08-20,36.791208791208796
2013-08-21,45.64835164835165
2013-08-22,45.64835164835165
2013-08-23,44.285714285714285
2013-08-24,34.065934065934066
2013-08-25,33.38461538461539
2013-08-26,34.74725274725275
2013-08-27,55.86813186813187
2013-08-28,68.13186813186813
2013-08-29,56.549450549450555
2013-08-30,52.46153846153846
2013-08-31,42.92307692307693
2013-09-01,46.056712450155075
2013-09-02,55.560478511298186
2013-09-03,54.82941958351795
2013-09-04,59.21577315019938
2013-09-05,73.10589277802393
2013-09-06,62.87106778910058
2013-09-07,44.5945945945946
2013-09-08,49.71200708905627
2013-09-09,55.560478511298186
2013-09-10,54.09836065573771
2013-09-11,59.21577315019938
2013-09-12,59.94683207797962
2013-09-13,51.17412494461675
2013-09-14,43.86353566681436
2013-09-15,40.9392999556934
2013-09-16,53.36730172795747
2013-09-17,59.94683207797962
2013-09-18,52.63624280017723
2013-09-19,62.14000886132034
2013-09-20,49.71200708905627
2013-09-21,55.560478511298186
2013-09-22,48.98094816127603
2013-09-23,62.87106778910058
2013-09-24,58.48471422241914
2013-09-25,59.21577315019938
2013-09-26,67.25742135578201
2013-09-27,57.022596366858664
2013-09-28,45.325653522374836
2013-09-29,41.67035888347364
2013-09-30,65.0642445724413
2013-10-01,65.96567862714508
2013-10-02,70.46333853354135
2013-10-03,64.46645865834634
2013-10-04,62.967238689547585
2013-10-05,36.73088923556942
2013-10-06,43.477379095163805
2013-10-07,59.219188767550705
2013-10-08,65.21606864274571
2013-10-09,66.71528861154447
2013-10-10,73.46177847113884
2013-10-11,61.46801872074883
2013-10-12,41.97815912636506
2013-10-13,54.72152886115445
2013-10-14,59.968798751950075
2013-10-15,68.96411856474259
2013-10-16,72.71216848673947
2013-10-17,65.21606864274571
2013-10-18,66.71528861154447
2013-10-19,42.727769110764434
2013-10-20,48.72464898595944
2013-10-21,69.71372854914196
2013-10-22,72.71216848673947
2013-10-23,71.9625585023401
2013-10-24,73.46177847113884
2013-10-25,66.71528861154447
2013-10-26,40.4789391575663
2013-10-27,47.97503900156006
2013-10-28,70.46333853354135
2013-10-29,74.9609984399376
2013-10-30,74.9609984399376
2013-10-31,66.71528861154447
2013-11-01,61.73719376391983
2013-11-02,44.97995545657016
2013-11-03,51.153674832962146
2013-11-04,71.43875278396438
2013-11-05,74.08463251670379
2013-11-06,83.78619153674833
2013-11-07,88.19599109131404
2013-11-08,76.73051224944322
2013-11-09,40.57015590200446
2013-11-10,53.79955456570156
2013-11-11,67.9109131403118
2013-11-12,81.14031180400892
2013-11-13,78.4944320712695
2013-11-14,83.78619153674833
2013-11-15,72.32071269487751
2013-11-16,52.917594654788424
2013-11-17,44.09799554565702
2013-11-18,79.37639198218264
2013-11-19,81.14031180400892
2013-11-20,86.43207126948776
2013-11-21,88.19599109131404
2013-11-22,82.9042316258352
2013-11-23,44.97995545657016
2013-11-24,64.38307349665925
2013-11-25,74.08463251670379
2013-11-26,79.37639198218264
2013-11-27,47.62583518930958
2013-11-28,40.57015590200446
2013-11-29,38.80623608017818
2013-11-30,44.97995545657016
2013-12-01,47.70295924064769
2013-12-02,69.71970965940815
2013-12-03,79.8107202680067
2013-12-04,85.31490787269682
2013-12-05,91.73646007816862
2013-12-06,71.55443886097153
2013-12-07,46.785594639866
2013-12-08,46.785594639866
2013-12-09,63.29815745393635
2013-12-10,78.89335566722502
2013-12-11,78.89335566722502
2013-12-12,80.72808486878839
2013-12-13,59.62869905080961
2013-12-14,41.28140703517588
2013-12-15,44.03350083752094
2013-12-16,55.95924064768286
2013-12-17,67.88498045784478
2013-12-18,66.05025125628141
2013-12-19,54.12451144611949
2013-12-20,48.62032384142937
2013-12-21,22.01675041876047
2013-12-22,31.190396426577333
2013-12-23,35.777219430485765
2013-12-24,29.35566722501396
2013-12-25,35.777219430485765
2013-12-26,29.35566722501396
2013-12-27,33.94249022892239
2013-12-28,30.273031825795645
2013-12-29,30.273031825795645
2013-12-30,38.52931323283082
2013-12-31,47.70295924064769
2014-01-01,47.08368200836821
2014-01-02,57.07112970711297
2014-01-03,54.21757322175733
2014-01-04,47.08368200836821
2014-01-05,56.35774058577406
2014-01-06,53.50418410041841
2014-01-07,52.7907949790795
2014-01-08,59.92468619246863
2014-01-09,71.33891213389121
2014-01-10,67.77196652719665
2014-01-11,42.08995815899582
2014-01-12,44.94351464435147
2014-01-13,68.48535564853557
2014-01-14,64.91841004184101
2014-01-15,70.6255230125523
2014-01-16,62.06485355648536
2014-01-17,62.778242677824274
2014-01-18,34.9560669456067
2014-01-19,33.52928870292887
2014-01-20,42.08995815899582
2014-01-21,62.06485355648536
2014-01-22,57.78451882845189
2014-01-23,67.05857740585775
2014-01-24,53.50418410041841
2014-01-25,31.389121338912137
2014-01-26,45.65690376569038
2014-01-27,61.35146443514645
2014-01-28,50.65062761506277
2014-01-29,62.06485355648536
2014-01-30,59.92468619246863
2014-01-31,59.92468619246863
2014-02-01,33.148936170212764
2014-02-02,40.42553191489361
2014-02-03,50.12765957446808
2014-02-04,57.40425531914893
2014-02-05,59.82978723404255
2014-02-06,73.57446808510637
2014-02-07,54.97872340425531
2014-02-08,35.57446808510638
2014-02-09,42.04255319148936
2014-02-10,57.40425531914893
2014-02-11,65.48936170212765
2014-02-12,66.29787234042553
2014-02-13,67.1063829787234
2014-02-14,51.744680851063826
2014-02-15,35.57446808510638
2014-02-16,43.659574468085104
2014-02-17,54.97872340425531
2014-02-18,57.40425531914893
2014-02-19,70.34042553191489
2014-02-20,65.48936170212765
2014-02-21,58.212765957446805
2014-02-22,38.0
2014-02-23,42.04255319148936
2014-02-24,68.72340425531914
2014-02-25,75.19148936170212
2014-02-26,80.85106382978722
2014-02-27,78.42553191489361
2014-02-28,71.95744680851064
2014-03-01,56.302399275690355
2014-03-02,68.70801267541874
2014-03-03,77.29651425984608
2014-03-04,78.25079221367135
2014-03-05,79.2050701674966
2014-03-06,79.2050701674966
2014-03-07,68.70801267541874
2014-03-08,40.07967406066093
2014-03-09,59.16523313716613
2014-03-10,72.52512449071978
2014-03-11,75.38795835219555
2014-03-12,70.61656858306925
2014-03-13,65.84517881394295
2014-03-14,66.79945676776822
2014-03-15,43.896785875961974
2014-03-16,48.668175645088276
2014-03-17,95.42779538252603
2014-03-18,89.70212765957446
2014-03-19,79.2050701674966
2014-03-20,83.9764599366229
2014-03-21,73.47940244454504
2014-03-22,44.85106382978723
2014-03-23,50.57673155273879
2014-03-24,75.38795835219555
2014-03-25,74.4336803983703
2014-03-26,77.29651425984608
2014-03-27,79.2050701674966
2014-03-28,75.38795835219555
2014-03-29,45.80534178361249
2014-03-30,45.80534178361249
2014-03-31,66.79945676776822
2014-04-01,77.89613848202399
2014-04-02,72.70306258322238
2014-04-03,68.37549933422105
2014-04-04,60.58588548601865
2014-04-05,39.81358189081226
2014-04-06,50.199733688415456
2014-04-07,71.83754993342211
2014-04-08,76.16511318242344
2014-04-09,74.43408788282291
2014-04-10,77.0306258322237
2014-04-11,72.70306258322238
2014-04-12,39.81358189081226
2014-04-13,45.006657789613854
2014-04-14,62.316910785619186
2014-04-15,73.56857523302264
2014-04-16,70.97203728362184
2014-04-17,67.50998668442078
2014-04-18,51.06524633821572
2014-04-19,38.94806924101199
2014-04-20,53.66178428761652
2014-04-21,66.64447403462052
2014-04-22,75.29960053262317
2014-04-23,73.56857523302264
2014-04-24,76.16511318242344
2014-04-25,69.24101198402131
2014-04-26,43.27563249001332
2014-04-27,55.39280958721705
2014-04-28,80.49267643142478
2014-04-29,86.55126498002664
2014-04-30,78.76165113182425
2014-05-01,91.17647058823529
2014-05-02,81.1470588235294
2014-05-03,41.94117647058823
2014-05-04,52.88235294117647
2014-05-05,80.23529411764706
2014-05-06,84.79411764705883
2014-05-07,83.88235294117646
2014-05-08,90.26470588235294
2014-05-09,79.32352941176471
2014-05-10,34.64705882352941
2014-05-11,49.23529411764706
2014-05-12,85.70588235294117
2014-05-13,85.70588235294117
2014-05-14,88.44117647058823
2014-05-15,82.05882352941177
2014-05-16,80.23529411764706
2014-05-17,38.294117647058826
2014-05-18,51.05882352941176
2014-05-19,86.61764705882352
2014-05-20,83.88235294117646
2014-05-21,88.44117647058823
2014-05-22,91.17647058823529
2014-05-23,82.05882352941177
2014-05-24,39.205882352941174
2014-05-25,51.05882352941176
2014-05-26,51.05882352941176
2014-05-27,86.61764705882352
2014-05-28,79.32352941176471
2014-05-29,71.11764705882352
2014-05-30,68.38235294117646
2014-05-31,41.029411764705884
2014-06-01,37.241379310344826
2014-06-02,57.29442970822281
2014-06-03,56.72148541114058
2014-06-04,50.41909814323607
2014-06-05,50.41909814323607
2014-06-06,39.53315649867373
2014-06-07,29.793103448275858
2014-06-08,32.08488063660477
2014-06-09,46.9814323607427
2014-06-10,45.26259946949602
2014-06-11,39.53315649867373
2014-06-12,39.53315649867373
2014-06-13,44.11671087533156
2014-06-14,25.782493368700262
2014-06-15,33.230769230769226
2014-06-16,37.241379310344826
2014-06-17,34.37665782493368
2014-06-18,30.366047745358088
2014-06-19,30.366047745358088
2014-06-20,29.22015915119363
2014-06-21,24.636604774535805
2014-06-22,25.782493368700262
2014-06-23,29.22015915119363
2014-06-24,32.657824933686996
2014-06-25,32.657824933686996
2014-06-26,33.230769230769226
2014-06-27,29.22015915119363
2014-06-28,28.647214854111404
2014-06-29,27.501326259946946
2014-06-30,26.92838196286472
2014-07-01,27.63096168881939
2014-07-02,22.90461297888976
2014-07-03,26.903831118060985
2014-07-04,25.086004691164973
2014-07-05,23.26817826426896
2014-07-06,25.813135261923378
2014-07-07,29.0852228303362
2014-07-08,29.812353401094608
2014-07-09,28.358092259577795
2014-07-10,32.720875684128224
2014-07-11,27.994526974198592
2014-07-12,24.72243940578577
2014-07-13,33.81157154026583
2014-07-14,27.63096168881939
2014-07-15,30.903049257232215
2014-07-16,29.812353401094608
2014-07-17,34.538702111024236
2014-07-18,30.903049257232215
2014-07-19,31.993745113369823
2014-07-20,26.17670054730258
2014-07-21,35.26583268178265
2014-07-22,36.356528537920255
2014-07-23,31.63017982799062
2014-07-24,31.993745113369823
2014-07-25,31.266614542611418
2014-07-26,26.903831118060985
2014-07-27,34.538702111024236
2014-07-28,36.356528537920255
2014-07-29,36.356528537920255
2014-07-30,28.721657544956997
2014-07-31,30.539483971853013
2014-08-01,30.461571862787668
2014-08-02,28.792444637429437
2014-08-03,29.627008250108553
2014-08-04,27.957881024750325
2014-08-05,28.792444637429437
2014-08-06,30.04429005644811
2014-08-07,32.96526270082501
2014-08-08,30.461571862787668
2014-08-09,29.209726443768997
2014-08-10,31.29613547546678
2014-08-11,26.706035605731653
2014-08-12,30.461571862787668
2014-08-13,27.12331741207121
2014-08-14,29.627008250108553
2014-08-15,24.61962657403387
2014-08-16,26.288753799392097
2014-08-17,28.37516283108988
2014-08-18,31.71341728180634
2014-08-19,26.288753799392097
2014-08-20,31.71341728180634
2014-08-21,33.38254450716457
2014-08-22,32.130699088145896
2014-08-23,25.45419018671298
2014-08-24,28.792444637429437
2014-08-25,36.72079895788102
2014-08-26,38.80720798957881
2014-08-27,37.555362570560135
2014-08-28,41.72818063395571
2014-08-29,37.972644376899694
2014-08-30,35.05167173252279
2014-08-31,30.878853669127224
2014-09-01,38.91891891891892
2014-09-02,55.945945945945944
2014-09-03,45.608108108108105
2014-09-04,51.08108108108108
2014-09-05,45.608108108108105
2014-09-06,27.972972972972972
2014-09-07,35.87837837837838
2014-09-08,51.08108108108108
2014-09-09,50.472972972972975
2014-09-10,52.2972972972973
2014-09-11,57.16216216216216
2014-09-12,46.21621621621622
2014-09-13,24.324324324324323
2014-09-14,33.445945945945944
2014-09-15,54.72972972972973
2014-09-16,51.68918918918919
2014-09-17,54.72972972972973
2014-09-18,57.770270270270274
2014-09-19,55.945945945945944
2014-09-20,34.66216216216216
2014-09-21,39.527027027027025
2014-09-22,56.554054054054056
2014-09-23,58.37837837837838
2014-09-24,60.810810810810814
2014-09-25,56.554054054054056
2014-09-26,46.82432432432432
2014-09-27,40.13513513513514
2014-09-28,43.78378378378378
2014-09-29,56.554054054054056
2014-09-30,55.33783783783784
2014-10-01,55.25333333333334
2014-10-02,61.973333333333336
2014-10-03,50.77333333333333
2014-10-04,36.586666666666666
2014-10-05,34.34666666666667
2014-10-06,57.49333333333334
2014-10-07,54.50666666666667
2014-10-08,60.480000000000004
2014-10-09,64.96000000000001
2014-10-10,53.013333333333335
2014-10-11,32.10666666666667
2014-10-12,32.85333333333333
2014-10-13,50.77333333333333
2014-10-14,59.733333333333334
2014-10-15,70.18666666666667
2014-10-16,73.17333333333333
2014-10-17,66.45333333333333
2014-10-18,43.30666666666667
2014-10-19,48.53333333333334
2014-10-20,64.96000000000001
2014-10-21,70.93333333333334
2014-10-22,64.21333333333334
2014-10-23,58.98666666666667
2014-10-24,63.46666666666667
2014-10-25,32.85333333333333
2014-10-26,44.053333333333335
2014-10-27,61.22666666666667
2014-10-28,73.92
2014-10-29,67.94666666666667
2014-10-30,74.66666666666667
2014-10-31,52.266666666666666
2014-11-01,38.4089845577913
2014-11-02,42.40992044922789
2014-11-03,66.41553579784745
2014-11-04,64.01497426298549
2014-11-05,73.61722040243332
2014-11-06,72.01684604585868
2014-11-07,62.41459990641086
2014-11-08,34.4080486663547
2014-11-09,44.81048198408985
2014-11-10,66.41553579784745
2014-11-11,60.814225549836216
2014-11-12,72.817033224146
2014-11-13,76.01778193729527
2014-11-14,79.21853065044455
2014-11-15,44.81048198408985
2014-11-16,42.40992044922789
2014-11-17,68.8160973327094
2014-11-18,71.21665886757137
2014-11-19,80.01871782873187
2014-11-20,75.21759475900795
2014-11-21,68.01591015442209
2014-11-22,40.80954609265325
2014-11-23,44.81048198408985
2014-11-24,76.01778193729527
2014-11-25,57.61347683668694
2014-11-26,43.21010762751521
2014-11-27,34.4080486663547
2014-11-28,32.007487131492745
2014-11-29,36.80861020121666
2014-11-30,40.00935891436593
2014-12-01,60.02609603340292
2014-12-02,74.60386221294364
2014-12-03,85.75156576200418
2014-12-04,81.46398747390397
2014-12-05,75.46137787056368
2014-12-06,35.158141962421716
2014-12-07,42.01826722338205
2014-12-08,74.60386221294364
2014-12-09,78.89144050104385
2014-12-10,78.89144050104385
2014-12-11,79.74895615866389
2014-12-12,68.60125260960334
2014-12-13,38.58820459290188
2014-12-14,43.73329853862213
2014-12-15,61.741127348643005
2014-12-16,66.88622129436325
2014-12-17,68.60125260960334
2014-12-18,56.59603340292276
2014-12-19,53.16597077244259
2014-12-20,39.44572025052192
2014-12-21,39.44572025052192
2014-12-22,41.160751565762006
2014-12-23,29.15553235908142
2014-12-24,35.158141962421716
2014-12-25,26.582985386221296
2014-12-26,29.15553235908142
2014-12-27,32.585594989561585
2014-12-28,34.30062630480167
2014-12-29,36.01565762004176
2014-12-30,40.303235908141964
2014-12-31,35.158141962421716
2015-01-01,29.172367236723677
2015-01-02,32.01845184518452
2015-01-03,30.595409540954098
2015-01-04,29.883888388838887
2015-01-05,47.671917191719174
2015-01-06,59.056255625562564
2015-01-07,61.90234023402341
2015-01-08,56.210171017101715
2015-01-09,54.787128712871294
2015-01-10,34.15301530153016
2015-01-11,36.28757875787579
2015-01-12,56.921692169216925
2015-01-13,67.5945094509451
2015-01-14,64.74842484248425
2015-01-15,66.88298829882989
2015-01-16,54.787128712871294
2015-01-17,33.44149414941494
2015-01-18,48.38343834383439
2015-01-19,34.15301530153016
2015-01-20,52.65256525652566
2015-01-21,64.74842484248425
2015-01-22,69.72907290729074
2015-01-23,61.90234023402341
2015-01-24,36.28757875787579
2015-01-25,41.26822682268227
2015-01-26,58.34473447344735
2015-01-27,61.190819081908195
2015-01-28,71.15211521152116
2015-01-29,64.74842484248425
2015-01-30,62.61386138613862
2015-01-31,37.71062106210621
2015-02-01,34.055045871559635
2015-02-02,48.95412844036697
2015-02-03,65.98165137614679
2015-02-04,65.98165137614679
2015-02-05,68.11009174311927
2015-02-06,58.53211009174312
2015-02-07,30.86238532110092
2015-02-08,40.440366972477065
2015-02-09,106.42201834862387
2015-02-10,85.13761467889908
2015-02-11,83.00917431192661
2015-02-12,70.23853211009175
2015-02-13,62.788990825688074
2015-02-14,34.055045871559635
2015-02-15,42.56880733944954
2015-02-16,44.69724770642202
2015-02-17,55.33944954128441
2015-02-18,71.30275229357798
2015-02-19,57.467889908256886
2015-02-20,56.403669724770644
2015-02-21,30.86238532110092
2015-02-22,40.440366972477065
2015-02-23,71.30275229357798
2015-02-24,62.788990825688074
2015-02-25,71.30275229357798
2015-02-26,72.36697247706422
2015-02-27,53.21100917431193
2015-02-28,39.37614678899083
2015-03-01,46.48604860486049
2015-03-02,82.53645364536455
2015-03-03,94.86948694869488
2015-03-04,90.12601260126014
2015-03-05,73.04950495049506
2015-03-06,67.35733573357336
2015-03-07,43.63996399639964
2015-03-08,49.33213321332134
2015-03-09,64.51125112511252
2015-03-10,85.38253825382539
2015-03-11,85.38253825382539
2015-03-12,73.04950495049506
2015-03-13,69.25472547254726
2015-03-14,38.8964896489649
2015-03-15,46.48604860486049
2015-03-16,72.1008100810081
2015-03-17,70.2034203420342
2015-03-18,75.8955895589559
2015-03-19,71.15211521152116
2015-03-20,69.25472547254726
2015-03-21,44.58865886588659
2015-03-22,46.48604860486049
2015-03-23,72.1008100810081
2015-03-24,76.84428442844285
2015-03-25,67.35733573357336
2015-03-26,90.12601260126014
2015-03-27,77.7929792979298
2015-03-28,45.53735373537354
2015-03-29,55.02430243024303
2015-03-30,78.74167416741675
2015-03-31,84.43384338433845
2015-04-01,73.07171853856562
2015-04-02,78.91745602165088
2015-04-03,75.02029769959404
2015-04-04,53.58592692828146
2015-04-05,52.61163734776725
2015-04-06,67.22598105548037
2015-04-07,77.94316644113667
2015-04-08,74.04600811907983
2015-04-09,77.94316644113667
2015-04-10,62.35453315290933
2015-04-11,51.63734776725304
2015-04-12,49.68876860622463
2015-04-13,80.8660351826793
2015-04-14,87.68606224627875
2015-04-15,89.63464140730717
2015-04-16,78.91745602165088
2015-04-17,74.04600811907983
2015-04-18,40.92016238159675
2015-04-19,54.56021650879567
2015-04-20,83.78890392422191
2015-04-21,86.71177266576454
2015-04-22,71.12313937753721
2015-04-23,97.42895805142084
2015-04-24,73.07171853856562
2015-04-25,42.868741542625166
2015-04-26,61.38024357239512
2015-04-27,85.73748308525033
2015-04-28,87.68606224627875
2015-04-29,85.73748308525033
2015-04-30,83.78890392422191
2015-05-01,76.13215077605322
2015-05-02,37.090022172949006
2015-05-03,40.99423503325943
2015-05-04,87.84478935698449
2015-05-05,90.7729490022173
2015-05-06,85.89268292682928
2015-05-07,90.7729490022173
2015-05-08,87.84478935698449
2015-05-09,45.87450110864746
2015-05-10,63.443458980044355
2015-05-11,97.60532150776055
2015-05-12,89.7968957871397
2015-05-13,94.67716186252773
2015-05-14,94.67716186252773
2015-05-15,82.96452328159647
2015-05-16,39.04212860310422
2015-05-17,42.94634146341464
2015-05-18,81.01241685144126
2015-05-19,88.82084257206209
2015-05-20,89.7968957871397
2015-05-21,88.82084257206209
2015-05-22,78.08425720620843
2015-05-23,37.090022172949006
2015-05-24,38.06607538802661
2015-05-25,49.77871396895788
2015-05-26,84.91662971175167
2015-05-27,83.94057649667407
2015-05-28,81.01241685144126
2015-05-29,70.27583148558759
2015-05-30,32.20975609756098
2015-05-31,48.802660753880275
2015-06-01,57.14285714285714
2015-06-02,63.49206349206349
2015-06-03,55.238095238095234
2015-06-04,47.61904761904761
2015-06-05,41.269841269841265
2015-06-06,35.55555555555556
2015-06-07,33.01587301587301
2015-06-08,42.53968253968254
2015-06-09,43.80952380952381
2015-06-10,38.095238095238095
2015-06-11,37.460317460317455
2015-06-12,31.11111111111111
2015-06-13,23.49206349206349
2015-06-14,29.206349206349206
2015-06-15,30.476190476190474
2015-06-16,38.73015873015873
2015-06-17,34.285714285714285
2015-06-18,33.01587301587301
2015-06-19,27.3015873015873
2015-06-20,26.666666666666664
2015-06-21,25.396825396825395
2015-06-22,33.65079365079365
2015-06-23,34.285714285714285
2015-06-24,34.285714285714285
2015-06-25,35.55555555555556
2015-06-26,29.84126984126984
2015-06-27,26.666666666666664
2015-06-28,26.666666666666664
2015-06-29,32.38095238095238
2015-06-30,31.746031746031743
2015-07-01,31.907692307692308
2015-07-02,24.584615384615386
2015-07-03,28.24615384615385
2015-07-04,25.630769230769232
2015-07-05,35.04615384615385
2015-07-06,27.200000000000003
2015-07-07,24.06153846153846
2015-07-08,27.200000000000003
2015-07-09,36.61538461538462
2015-07-10,31.384615384615387
2015-07-11,26.153846153846157
2015-07-12,29.292307692307695
2015-07-13,32.43076923076923
2015-07-14,51.261538461538464
2015-07-15,52.307692307692314
2015-07-16,39.753846153846155
2015-07-17,36.09230769230769
2015-07-18,35.56923076923077
2015-07-19,34.52307692307693
2015-07-20,33.47692307692308
2015-07-21,32.95384615384616
2015-07-22,35.04615384615385
2015-07-23,38.184615384615384
2015-07-24,33.47692307692308
2015-07-25,30.33846153846154
2015-07-26,32.43076923076923
2015-07-27,35.56923076923077
2015-07-28,36.61538461538462
2015-07-29,38.70769230769231
2015-07-30,42.892307692307696
2015-07-31,35.04615384615385
2015-08-01,30.095278969957082
2015-08-02,34.76523605150215
2015-08-03,38.39742489270387
2015-08-04,39.435193133047214
2015-08-05,45.6618025751073
2015-08-06,51.88841201716738
2015-08-07,40.47296137339056
2015-08-08,37.35965665236051
2015-08-09,45.6618025751073
2015-08-10,36.84077253218884
2015-08-11,45.6618025751073
2015-08-12,43.06738197424893
2015-08-13,44.10515021459228
2015-08-14,39.435193133047214
2015-08-15,37.35965665236051
2015-08-16,41.51072961373391
2015-08-17,37.87854077253219
2015-08-18,43.5862660944206
2015-08-19,34.24635193133047
2015-08-20,39.435193133047214
2015-08-21,44.62403433476395
2015-08-22,25.94420600858369
2015-08-23,34.76523605150215
2015-08-24,36.32188841201717
2015-08-25,36.32188841201717
2015-08-26,38.91630901287554
2015-08-27,42.029613733905585
2015-08-28,40.99184549356223
2015-08-29,31.651931330472106
2015-08-30,31.651931330472106
2015-08-31,38.91630901287554
2015-09-01,54.78372591006424
2015-09-02,56.11991434689508
2015-09-03,53.44753747323341
2015-09-04,44.094218415417565
2015-09-05,33.40471092077088
2015-09-06,34.74089935760171
2015-09-07,36.07708779443255
2015-09-08,48.770877944325484
2015-09-09,54.78372591006424
2015-09-10,58.12419700214133
2015-09-11,53.44753747323341
2015-09-12,38.0813704496788
2015-09-13,42.08993576017131
2015-09-14,52.77944325481799
2015-09-15,63.468950749464675
2015-09-16,66.80942184154176
2015-09-17,62.800856531049256
2015-09-18,60.796573875803006
2015-09-19,37.41327623126339
2015-09-20,48.102783725910065
2015-09-21,62.800856531049256
2015-09-22,62.800856531049256
2015-09-23,58.12419700214133
2015-09-24,60.796573875803006
2015-09-25,54.78372591006424
2015-09-26,36.74518201284797
2015-09-27,42.75802997858673
2015-09-28,56.7880085653105
2015-09-29,62.13276231263384
2015-09-30,62.13276231263384
2015-10-01,63.77879982479194
2015-10-02,62.122207621550594
2015-10-03,38.9299167761717
2015-10-04,46.38458169075778
2015-10-05,64.60709592641261
2015-10-06,67.09198423127464
2015-10-07,75.37494524748139
2015-10-08,62.122207621550594
2015-10-09,62.122207621550594
2015-10-10,34.78843626806833
2015-10-11,36.44502847130968
2015-10-12,61.29391151992992
2015-10-13,73.71835304424003
2015-10-14,67.09198423127464
2015-10-15,72.06176084099869
2015-10-16,72.06176084099869
2015-10-17,38.9299167761717
2015-10-18,37.273324572930356
2015-10-19,70.40516863775734
2015-10-20,80.34472185720543
2015-10-21,79.51642575558476
2015-10-22,72.06176084099869
2015-10-23,65.43539202803329
2015-10-24,40.586508979413054
2015-10-25,45.556285589137104
2015-10-26,70.40516863775734
2015-10-27,78.68812965396408
2015-10-28,77.03153745072274
2015-10-29,82.82961016206745
2015-10-30,53.839246605343845
2015-10-31,38.10162067455103
2015-11-01,43.18085106382979
2015-11-02,74.77659574468086
2015-11-03,73.72340425531915
2015-11-04,70.56382978723406
2015-11-05,81.09574468085107
2015-11-06,70.56382978723406
2015-11-07,47.393617021276604
2015-11-08,47.393617021276604
2015-11-09,75.82978723404256
2015-11-10,77.93617021276597
2015-11-11,71.61702127659575
2015-11-12,90.57446808510639
2015-11-13,77.93617021276597
2015-11-14,57.925531914893625
2015-11-15,57.925531914893625
2015-11-16,94.78723404255321
2015-11-17,91.6276595744681
2015-11-18,105.31914893617022
2015-11-19,85.30851063829789
2015-11-20,83.20212765957447
2015-11-21,44.23404255319149
2015-11-22,41.07446808510639
2015-11-23,66.35106382978724
2015-11-24,68.45744680851065
2015-11-25,54.765957446808514
2015-11-26,33.70212765957447
2015-11-27,37.91489361702128
2015-11-28,40.02127659574469
2015-11-29,51.60638297872341
2015-11-30,63.19148936170214
2015-12-01,83.21322314049587
2015-12-02,82.25674931129477
2015-12-03,78.43085399449036
2015-12-04,85.12617079889807
2015-12-05,42.084848484848486
2015-12-06,49.7366391184573
2015-12-07,80.34380165289257
2015-12-08,84.16969696969697
2015-12-09,91.82148760330578
2015-12-10,95.64738292011019
2015-12-11,80.34380165289257
2015-12-12,43.99779614325069
2015-12-13,47.823691460055095
2015-12-14,81.30027548209367
2015-12-15,81.30027548209367
2015-12-16,72.69201101928374
2015-12-17,75.56143250688704
2015-12-18,52.6060606060606
2015-12-19,36.34600550964187
2015-12-20,32.520110192837464
2015-12-21,43.04132231404959
2015-12-22,37.30247933884297
2015-12-23,34.43305785123967
2015-12-24,29.65068870523416
2015-12-25,29.65068870523416
2015-12-26,30.60716253443526
2015-12-27,36.34600550964187
2015-12-28,34.43305785123967
2015-12-29,24.86831955922865
2015-12-30,34.43305785123967
2015-12-31,23.911845730027547
2016-01-01,38.17303822937626
2016-01-02,31.43661971830986
2016-01-03,33.68209255533199
2016-01-04,49.40040241448692
2016-01-05,59.50503018108652
2016-01-06,112.27364185110665
2016-01-07,92.06438631790745
2016-01-08,66.24144869215291
2016-01-09,38.17303822937626
2016-01-10,41.541247484909455
2016-01-11,66.24144869215291
2016-01-12,63.99597585513079
2016-01-13,65.11871227364185
2016-01-14,61.75050301810865
2016-01-15,52.76861167002012
2016-01-16,34.80482897384306
2016-01-17,38.17303822937626
2016-01-18,46.032193158953724
2016-01-19,58.38229376257546
2016-01-20,56.13682092555332
2016-01-21,62.87323943661972
2016-01-22,52.76861167002012
2016-01-23,37.05030181086519
2016-01-24,39.29577464788733
2016-01-25,55.014084507042256
2016-01-26,69.60965794768612
2016-01-27,60.627766599597585
2016-01-28,59.50503018108652
2016-01-29,63.99597585513079
2016-01-30,29.19114688128773
2016-01-31,38.17303822937626
2016-02-01,62.13722826086956
2016-02-02,58.39402173913043
2016-02-03,61.388586956521735
2016-02-04,65.13179347826086
2016-02-05,60.63994565217391
2016-02-06,41.92391304347826
2016-02-07,44.91847826086956
2016-02-08,56.89673913043478
2016-02-09,72.61820652173913
2016-02-10,68.875
2016-02-11,63.63451086956521
2016-02-12,55.399456521739125
2016-02-13,34.4375
2016-02-14,38.180706521739125
2016-02-15,47.16440217391304
2016-02-16,62.13722826086956
2016-02-17,65.13179347826086
2016-02-18,69.62364130434783
2016-02-19,63.63451086956521
2016-02-20,34.4375
2016-02-21,40.42663043478261
2016-02-22,67.37771739130434
2016-02-23,74.86413043478261
2016-02-24,65.13179347826086
2016-02-25,67.37771739130434
2016-02-26,62.88586956521739
2016-02-27,39.67798913043478
2016-02-28,44.91847826086956
2016-02-29,63.63451086956521
2016-03-01,70.1107094441934
2016-03-02,67.3791233619521
2016-03-03,69.20018075011296
2016-03-04,71.02123813827383
2016-03-05,41.884319927699956
2016-03-06,53.721192950745596
2016-03-07,76.48441030275644
2016-03-08,71.93176683235427
2016-03-09,76.48441030275644
2016-03-10,76.48441030275644
2016-03-11,65.55806597379123
2016-03-12,56.452779032986896
2016-03-13,63.73700858563036
2016-03-14,73.75282422051514
2016-03-15,73.75282422051514
2016-03-16,68.28965205603254
2016-03-17,59.184365115228196
2016-03-18,55.54225033890646
2016-03-19,36.42114776321735
2016-03-20,42.79484862178039
2016-03-21,65.55806597379123
2016-03-22,90.14234071396295
2016-03-23,66.46859466787167
2016-03-24,64.6475372797108
2016-03-25,48.25802078626299
2016-03-26,50.989606868504296
2016-03-27,51.90013556258473
2016-03-28,72.8422955264347
2016-03-29,67.3791233619521
2016-03-30,75.573881608676
2016-03-31,91.05286940804338
2016-04-01,78.56934306569345
2016-04-02,52.37956204379562
2016-04-03,53.38686131386862
2016-04-04,68.4963503649635
2016-04-05,74.54014598540147
2016-04-06,73.53284671532847
2016-04-07,71.51824817518249
2016-04-08,68.4963503649635
2016-04-09,38.277372262773724
2016-04-10,52.37956204379562
2016-04-11,81.59124087591242
2016-04-12,78.56934306569345
2016-04-13,73.53284671532847
2016-04-14,82.59854014598541
2016-04-15,68.4963503649635
2016-04-16,45.32846715328468
2016-04-17,49.35766423357665
2016-04-18,77.56204379562044
2016-04-19,74.54014598540147
2016-04-20,82.59854014598541
2016-04-21,80.58394160583943
2016-04-22,67.48905109489051
2016-04-23,45.32846715328468
2016-04-24,43.31386861313869
2016-04-25,74.54014598540147
2016-04-26,93.67883211678833
2016-04-27,100.72992700729928
2016-04-28,87.63503649635038
2016-04-29,79.57664233576644
2016-04-30,51.37226277372263
2016-05-01,76.42587719298245
2016-05-02,98.26184210526316
2016-05-03,91.3140350877193
2016-05-04,99.25438596491229
2016-05-05,97.26929824561404
2016-05-06,86.35131578947369
2016-05-07,42.679385964912285
2016-05-08,47.642105263157895
2016-05-09,89.32894736842105
2016-05-10,86.35131578947369
2016-05-11,88.33640350877194
2016-05-12,88.33640350877194
2016-05-13,80.39605263157895
2016-05-14,40.694298245614036
2016-05-15,50.61973684210526
2016-05-16,83.37368421052632
2016-05-17,92.30657894736842
2016-05-18,91.3140350877193
2016-05-19,93.29912280701755
2016-05-20,76.42587719298245
2016-05-21,40.694298245614036
2016-05-22,48.63464912280702
2016-05-23,74.44078947368422
2016-05-24,76.42587719298245
2016-05-25,69.4780701754386
2016-05-26,68.48552631578947
2016-05-27,80.39605263157895
2016-05-28,47.642105263157895
2016-05-29,40.694298245614036
2016-05-30,52.60482456140351
2016-05-31,63.52280701754386
2016-06-01,57.295336787564764
2016-06-02,59.067357512953365
2016-06-03,54.3419689119171
2016-06-04,35.44041450777202
2016-06-05,36.62176165803109
2016-06-06,41.93782383419689
2016-06-07,51.979274611398964
2016-06-08,46.07253886010363
2016-06-09,40.16580310880829
2016-06-10,40.75647668393783
2016-06-11,29.533678756476682
2016-06-12,31.89637305699482
2016-06-13,41.347150259067355
2016-06-14,35.44041450777202
2016-06-15,34.259067357512954
2016-06-16,36.031088082901555
2016-06-17,35.44041450777202
2016-06-18,32.487046632124354
2016-06-19,29.533678756476682
2016-06-20,36.031088082901555
2016-06-21,40.16580310880829
2016-06-22,37.21243523316062
2016-06-23,33.66839378238342
2016-06-24,29.533678756476682
2016-06-25,28.352331606217618
2016-06-26,31.89637305699482
2016-06-27,38.39378238341969
2016-06-28,27.761658031088082
2016-06-29,34.84974093264248
2016-06-30,32.487046632124354
2016-07-01,25.473731477323753
2016-07-02,18.792096991468345
2016-07-03,26.726537943421643
2016-07-04,29.23215087561742
2016-07-05,29.649753030983387
2016-07-06,30.48495734171531
2016-07-07,26.726537943421643
2016-07-08,28.81454872025146
2016-07-09,23.385720700493938
2016-07-10,25.89133363268972
2016-07-11,26.30893578805568
2016-07-12,29.23215087561742
2016-07-13,30.06735518634935
2016-07-14,27.144140098787606
2016-07-15,41.76021553659632
2016-07-16,35.49618320610687
2016-07-17,22.968118545127975
2016-07-18,26.30893578805568
2016-07-19,33.40817242927705
2016-07-20,36.74898967220476
2016-07-21,35.91378536147283
2016-07-22,31.32016165244724
2016-07-23,29.23215087561742
2016-07-24,25.05612932195779
2016-07-25,27.561742254153568
2016-07-26,32.57296811854513
2016-07-27,35.49618320610687
2016-07-28,34.24337674000898
2016-07-29,40.507409070498426
2016-07-30,30.902559497081274
2016-07-31,32.57296811854513
2016-08-01,33.55727002967359
2016-08-02,36.35370919881306
2016-08-03,69.91097922848665
2016-08-04,66.41543026706232
2016-08-05,45.44213649851632
2016-08-06,41.24747774480712
2016-08-07,46.84035608308606
2016-08-08,39.84925816023739
2016-08-09,41.946587537091986
2016-08-10,29.36261127596439
2016-08-11,34.95548961424333
2016-08-12,34.256379821958454
2016-08-13,33.55727002967359
2016-08-14,27.96439169139466
2016-08-15,36.35370919881306
2016-08-16,37.05281899109792
2016-08-17,34.256379821958454
2016-08-18,41.946587537091986
2016-08-19,34.95548961424333
2016-08-20,25.16795252225519
2016-08-21,27.96439169139466
2016-08-22,35.65459940652819
2016-08-23,33.55727002967359
2016-08-24,37.75192878338279
2016-08-25,39.84925816023739
2016-08-26,33.55727002967359
2016-08-27,32.15905044510386
2016-08-28,32.858160237388724
2016-08-29,36.35370919881306
2016-08-30,38.45103857566765
2016-08-31,38.45103857566765
2016-09-01,44.651162790697676
2016-09-02,42.7906976744186
2016-09-03,31.627906976744185
2016-09-04,29.767441860465116
2016-09-05,38.13953488372093
2016-09-06,47.44186046511628
2016-09-07,49.30232558139535
2016-09-08,51.16279069767442
2016-09-09,75.34883720930233
2016-09-10,41.860465116279066
2016-09-11,39.06976744186046
2016-09-12,55.81395348837209
2016-09-13,53.95348837209302
2016-09-14,60.46511627906977
2016-09-15,61.395348837209305
2016-09-16,57.67441860465116
2016-09-17,31.627906976744185
2016-09-18,40.93023255813954
2016-09-19,54.883720930232556
2016-09-20,59.53488372093023
2016-09-21,56.74418604651163
2016-09-22,59.53488372093023
2016-09-23,56.74418604651163
2016-09-24,38.13953488372093
2016-09-25,45.58139534883721
2016-09-26,56.74418604651163
2016-09-27,93.02325581395348
2016-09-28,62.325581395348834
2016-09-29,63.25581395348837
2016-09-30,60.46511627906977
2016-10-01,43.32354668232531
2016-10-02,43.32354668232531
2016-10-03,63.711098062243096
2016-10-04,68.80798590722254
2016-10-05,94.29242513211979
2016-10-06,68.80798590722254
2016-10-07,62.436876100998234
2016-10-08,43.32354668232531
2016-10-09,45.87199060481503
2016-10-10,73.904873752202
2016-10-11,66.25954198473282
2016-10-12,85.37287140340575
2016-10-13,84.09864944216089
2016-10-14,71.35642982971227
2016-10-15,54.79154433352907
2016-10-16,58.614210217263654
2016-10-17,72.63065179095713
2016-10-18,81.55020551967117
2016-10-19,75.17909571344686
2016-10-20,127.42219612448619
2016-10-21,96.84086905460951
2016-10-22,64.98532002348796
2016-10-23,56.06576629477393
2016-10-24,80.2759835584263
2016-10-25,84.09864944216089
2016-10-26,86.64709336465062
2016-10-27,81.55020551967117
2016-10-28,76.45331767469172
2016-10-29,45.87199060481503
2016-10-30,48.42043452730476
2016-10-31,63.711098062243096
2016-11-01,77.03056768558952
2016-11-02,80.69868995633188
2016-11-03,68.77729257641921
2016-11-04,77.9475982532751
2016-11-05,44.93449781659388
2016-11-06,48.60262008733624
2016-11-07,78.86462882096069
2016-11-08,73.36244541484716
2016-11-09,85.28384279475982
2016-11-10,91.70305676855894
2016-11-11,66.02620087336244
2016-11-12,34.8471615720524
2016-11-13,52.2707423580786
2016-11-14,83.44978165938863
2016-11-15,84.36681222707423
2016-11-16,79.78165938864628
2016-11-17,81.61572052401746
2016-11-18,66.94323144104803
2016-11-19,34.8471615720524
2016-11-20,37.598253275109165
2016-11-21,66.02620087336244
2016-11-22,63.27510917030567
2016-11-23,51.35371179039301
2016-11-24,30.26200873362445
2016-11-25,33.01310043668122
2016-11-26,33.93013100436681
2016-11-27,44.93449781659388
2016-11-28,63.27510917030567
2016-11-29,76.11353711790392
2016-11-30,78.86462882096069
2016-12-01,80.41855328547763
2016-12-02,76.44726670347873
2016-12-03,47.65543898398674
2016-12-04,49.64108227498619
2016-12-05,78.43290999447818
2016-12-06,77.44008834897846
2016-12-07,77.44008834897846
2016-12-08,78.43290999447818
2016-12-09,74.46162341247928
2016-12-10,41.698509110988404
2016-12-11,40.70568746548868
2016-12-12,87.3683048039757
2016-12-13,76.44726670347873
2016-12-14,76.44726670347873
2016-12-15,66.51905024848149
2016-12-16,58.576477084483706
2016-12-17,35.74157923799006
2016-12-18,35.74157923799006
2016-12-19,53.612368856985086
2016-12-20,50.63390392048591
2016-12-21,47.65543898398674
2016-12-22,65.52622860298177
2016-12-23,99.28216454997238
2016-12-24,62.5477636664826
2016-12-25,36.73440088348978
2016-12-26,33.75593594699061
2016-12-27,38.72004417448923
2016-12-28,37.72722252898951
2016-12-29,40.70568746548868
2016-12-30,33.75593594699061
2016-12-31,37.72722252898951
2017-01-01,35.141644325290436
2017-01-02,43.31411974977659
2017-01-03,58.02457551385166
2017-01-04,58.84182305630027
2017-01-05,64.56255585344057
2017-01-06,51.48659517426274
2017-01-07,39.22788203753351
2017-01-08,33.50714924039321
2017-01-09,63.74530831099196
2017-01-10,71.1005361930295
2017-01-11,73.55227882037534
2017-01-12,81.72475424486149
2017-01-13,67.83154602323503
2017-01-14,37.59338695263629
2017-01-15,41.679624664879356
2017-01-16,51.48659517426274
2017-01-17,62.11081322609473
2017-01-18,66.19705093833781
2017-01-19,72.73503127792672
2017-01-20,65.37980339588918
2017-01-21,43.31411974977659
2017-01-22,40.04512957998213
2017-01-23,62.92806076854335
2017-01-24,64.56255585344057
2017-01-25,71.91778373547811
2017-01-26,80.09025915996426
2017-01-27,72.73503127792672
2017-01-28,48.217605004468275
2017-01-29,51.48659517426274
2017-01-30,75.18677390527257
2017-01-31,79.27301161751564
2017-02-01,99.83792544570503
2017-02-02,94.84602917341977
2017-02-03,68.88816855753646
2017-02-04,47.922204213938414
2017-02-05,52.91410048622366
2017-02-06,63.896272285251214
2017-02-07,78.87196110210697
2017-02-08,80.86871961102106
2017-02-09,83.86385737439223
2017-02-10,72.88168557536467
2017-02-11,48.92058346839546
2017-02-12,53.91247974068071
2017-02-13,69.88654781199351
2017-02-14,71.88330632090762
2017-02-15,75.87682333873582
2017-02-16,76.87520259319287
2017-02-17,61.899513776337116
2017-02-18,42.93030794165316
2017-02-19,46.92382495948136
2017-02-20,51.91572123176661
2017-02-21,63.896272285251214
2017-02-22,71.88330632090762
2017-02-23,63.896272285251214
2017-02-24,73.88006482982172
2017-02-25,47.922204213938414
2017-02-26,44.92706645056726
2017-02-27,59.90275526742301
2017-02-28,75.87682333873582
2017-03-01,59.13062283737025
2017-03-02,68.42257785467129
2017-03-03,63.35423875432526
2017-03-04,38.85726643598616
2017-03-05,43.08088235294118
2017-03-06,68.42257785467129
2017-03-07,70.1120242214533
2017-03-08,76.02508650519032
2017-03-09,72.6461937716263
2017-03-10,64.19896193771626
2017-03-11,42.23615916955018
2017-03-12,48.1492214532872
2017-03-13,64.19896193771626
2017-03-14,61.66479238754326
2017-03-15,65.88840830449827
2017-03-16,66.73313148788928
2017-03-17,64.19896193771626
2017-03-18,41.39143598615917
2017-03-19,52.372837370242216
2017-03-20,72.6461937716263
2017-03-21,77.71453287197232
2017-03-22,74.33564013840831
2017-03-23,68.42257785467129
2017-03-24,63.35423875432526
2017-03-25,39.701989619377166
2017-03-26,48.9939446366782
2017-03-27,74.33564013840831
2017-03-28,76.86980968858131
2017-03-29,84.47231833910035
2017-03-30,76.02508650519032
2017-03-31,65.04368512110727
2017-04-01,30.425963488843813
2017-04-02,48.6815415821501
2017-04-03,68.96551724137932
2017-04-04,75.05070993914808
2017-04-05,85.19269776876268
2017-04-06,97.3630831643002
2017-04-07,123.73225152129818
2017-04-08,68.96551724137932
2017-04-09,75.05070993914808
2017-04-10,89.24949290060852
2017-04-11,113.59026369168357
2017-04-12,115.61866125760649
2017-04-13,202.8397565922921
2017-04-14,188.64097363083164
2017-04-15,154.158215010142
2017-04-16,113.59026369168357
2017-04-17,117.64705882352942
2017-04-18,117.64705882352942
2017-04-19,107.50507099391481
2017-04-20,103.44827586206897
2017-04-21,95.33468559837729
2017-04-22,66.93711967545639
2017-04-23,68.96551724137932
2017-04-24,101.41987829614605
2017-04-25,113.59026369168357
2017-04-26,119.67545638945234
2017-04-27,107.50507099391481
2017-04-28,99.39148073022312
2017-04-29,62.88032454361055
2017-04-30,66.93711967545639
2017-05-01,94.94199535962878
2017-05-02,96.38051044083528
2017-05-03,100.69605568445476
2017-05-04,99.25754060324827
2017-05-05,84.8723897911833
2017-05-06,46.03248259860789
2017-05-07,53.225058004640374
2017-05-08,103.57308584686776
2017-05-09,142.41299303944317
2017-05-10,143.85150812064967
2017-05-11,106.45011600928075
2017-05-12,97.81902552204177
2017-05-13,54.66357308584687
2017-05-14,58.97911832946636
2017-05-15,97.81902552204177
2017-05-16,93.50348027842229
2017-05-17,94.94199535962878
2017-05-18,79.11832946635731
2017-05-19,74.80278422273783
2017-05-20,40.278422273781906
2017-05-21,50.34802784222738
2017-05-22,80.55684454756381
2017-05-23,74.80278422273783
2017-05-24,99.25754060324827
2017-05-25,76.24129930394432
2017-05-26,60.417633410672856
2017-05-27,31.647331786542924
2017-05-28,40.278422273781906
2017-05-29,50.34802784222738
2017-05-30,80.55684454756381
2017-05-31,71.92575406032483
2017-06-01,59.09797822706066
2017-06-02,49.64230171073095
2017-06-03,40.77760497667185
2017-06-04,37.23172628304821
2017-06-05,49.05132192846035
2017-06-06,50.824261275272164
2017-06-07,51.41524105754277
2017-06-08,44.914463452566096
2017-06-09,45.505443234836704
2017-06-10,31.912908242612755
2017-06-11,34.27682737169518
2017-06-12,40.186625194401245
2017-06-13,36.6407465007776
2017-06-14,32.50388802488336
2017-06-15,37.23172628304821
2017-06-16,36.6407465007776
2017-06-17,28.367029548989116
2017-06-18,27.1850699844479
2017-06-19,30.139968895800934
2017-06-20,32.50388802488336
2017-06-21,36.6407465007776
2017-06-22,39.59564541213064
2017-06-23,29.54898911353033
2017-06-24,32.50388802488336
2017-06-25,30.73094867807154
2017-06-26,34.27682737169518
2017-06-27,43.14152410575428
2017-06-28,34.27682737169518
2017-06-29,33.685847589424576
2017-06-30,29.54898911353033
2017-07-01,25.493237150586115
2017-07-02,34.52209197475203
2017-07-03,32.9287646528404
2017-07-04,43.01983769161407
2017-07-05,48.330928764652846
2017-07-06,44.082055906221825
2017-07-07,48.86203787195672
2017-07-08,41.426510369702434
2017-07-09,39.833183047790804
2017-07-10,33.99098286744815
2017-07-11,37.7087466185753
2017-07-12,37.17763751127142
2017-07-13,34.52209197475203
2017-07-14,34.52209197475203
2017-07-15,31.866546438232643
2017-07-16,37.7087466185753
2017-07-17,29.211000901713255
2017-07-18,32.9287646528404
2017-07-19,33.99098286744815
2017-07-20,29.742110009017132
2017-07-21,30.273219116321012
2017-07-22,33.99098286744815
2017-07-23,37.17763751127142
2017-07-24,31.866546438232643
2017-07-25,38.77096483318305
2017-07-26,37.17763751127142
2017-07-27,51.517583408476106
2017-07-28,42.488728584310195
2017-07-29,43.01983769161407
2017-07-30,46.73760144274121
2017-07-31,53.11091073038774
2017-08-01,57.163120567375884
2017-08-02,48.2313829787234
2017-08-03,42.87234042553192
2017-08-04,37.513297872340424
2017-08-05,35.726950354609926
2017-08-06,44.65868794326241
2017-08-07,50.0177304964539
2017-08-08,100.0354609929078
2017-08-09,178.63475177304963
2017-08-10,160.77127659574467
2017-08-11,130.40336879432624
2017-08-12,112.53989361702128
2017-08-13,89.31737588652481
2017-08-14,66.09485815602837
2017-08-15,75.02659574468085
2017-08-16,53.59042553191489
2017-08-17,44.65868794326241
2017-08-18,41.08599290780142
2017-08-19,39.29964539007092
2017-08-20,42.87234042553192
2017-08-21,62.52216312056737
2017-08-22,64.30851063829788
2017-08-23,50.0177304964539
2017-08-24,48.2313829787234
2017-08-25,42.87234042553192
2017-08-26,42.87234042553192
2017-08-27,33.94060283687943
2017-08-28,48.2313829787234
2017-08-29,51.8040780141844
2017-08-30,58.94946808510638
2017-08-31,60.73581560283688
2017-09-01,44.62385321100918
2017-09-02,39.92660550458716
2017-09-03,117.43119266055047
2017-09-04,85.72477064220183
2017-09-05,82.20183486238533
2017-09-06,71.63302752293578
2017-09-07,71.63302752293578
2017-09-08,81.02752293577981
2017-09-09,58.71559633027523
2017-09-10,52.84403669724771
2017-09-11,55.19266055045872
2017-09-12,51.669724770642205
2017-09-13,51.669724770642205
2017-09-14,61.06422018348624
2017-09-15,61.06422018348624
2017-09-16,41.10091743119266
2017-09-17,38.75229357798165
2017-09-18,55.19266055045872
2017-09-19,65.76146788990826
2017-09-20,75.1559633027523
2017-09-21,65.76146788990826
2017-09-22,84.55045871559633
2017-09-23,58.71559633027523
2017-09-24,66.93577981651376
2017-09-25,77.5045871559633
2017-09-26,68.11009174311927
2017-09-27,72.80733944954129
2017-09-28,64.58715596330276
2017-09-29,56.36697247706422
2017-09-30,42.27522935779817
2017-10-01,37.87402933563416
2017-10-02,59.967213114754095
2017-10-03,59.967213114754095
2017-10-04,56.022001725625536
2017-10-05,55.23295944779983
2017-10-06,55.23295944779983
2017-10-07,36.29594477998274
2017-10-08,41.030198446937014
2017-10-09,55.23295944779983
2017-10-10,60.75625539257981
2017-10-11,74.95901639344262
2017-10-12,78.90422778257118
2017-10-13,68.64667817083692
2017-10-14,38.66307161345988
2017-10-15,49.70966350301984
2017-10-16,66.27955133735979
2017-10-17,78.90422778257118
2017-10-18,70.22476272648835
2017-10-19,63.912424503882654
2017-10-20,61.54529767040552
2017-10-21,38.66307161345988
2017-10-22,41.81924072476272
2017-10-23,71.01380500431407
2017-10-24,77.32614322691975
2017-10-25,69.43572044866264
2017-10-26,74.16997411561691
2017-10-27,63.912424503882654
2017-10-28,43.39732528041415
2017-10-29,46.553494391716995
2017-10-30,65.49050905953408
2017-10-31,67.85763589301122
2017-11-01,72.86579212916247
2017-11-02,72.86579212916247
2017-11-03,61.453077699293644
2017-11-04,42.13925327951564
2017-11-05,42.13925327951564
2017-11-06,63.208879919273464
2017-11-07,71.10998990918264
2017-11-08,77.255297679112
2017-11-09,69.35418768920283
2017-11-10,60.57517658930374
2017-11-11,38.627648839556
2017-11-12,44.77295660948537
2017-11-13,71.98789101917255
2017-11-14,73.74369323915238
2017-11-15,73.74369323915238
2017-11-16,71.98789101917255
2017-11-17,64.96468213925328
2017-11-18,32.48234106962664
2017-11-19,41.261352169525736
2017-11-20,63.208879919273464
2017-11-21,53.55196770938446
2017-11-22,43.01715438950555
2017-11-23,35.11604439959637
2017-11-24,28.092835519677095
2017-11-25,30.726538849646822
2017-11-26,34.23814328960646
2017-11-27,61.453077699293644
2017-11-28,71.10998990918264
2017-11-29,87.79011099899093
2017-11-30,85.15640766902119
2017-12-01,73.84859714134463
2017-12-02,38.56537850714663
2017-12-03,54.97617787188989
2017-12-04,75.48967707781895
2017-12-05,73.84859714134463
2017-12-06,71.38697723663313
2017-12-07,82.05399682371625
2017-12-08,72.2075172048703
2017-12-09,42.66807834833245
2017-12-10,42.66807834833245
2017-12-11,71.38697723663313
2017-12-12,70.56643726839597
2017-12-13,73.84859714134463
2017-12-14,67.28427739544732
2017-12-15,62.361037586024345
2017-12-16,36.10375860243515
2017-12-17,37.74483853890948
2017-12-18,51.694017998941234
2017-12-19,56.61725780836421
2017-12-20,46.77077818951826
2017-12-21,43.488618316569614
2017-12-22,36.10375860243515
2017-12-23,28.718898888300686
2017-12-24,36.10375860243515
2017-12-25,26.2572789835892
2017-12-26,25.436739015352035
2017-12-27,30.359978824775013
2017-12-28,31.180518793012173
2017-12-29,32.821598729486496
2017-12-30,26.2572789835892
2017-12-31,31.180518793012173
2018-01-01,38.324716553287985
2018-01-02,42.40181405895692
2018-01-03,81.54195011337869
2018-01-04,53.817687074829934
2018-01-05,53.00226757369615
2018-01-06,51.371428571428574
2018-01-07,44.84807256235828
2018-01-08,52.18684807256236
2018-01-09,62.78730158730159
2018-01-10,58.71020408163266
2018-01-11,67.67981859410432
2018-01-12,55.44852607709751
2018-01-13,49.740589569161
2018-01-14,66.04897959183674
2018-01-15,65.23356009070295
2018-01-16,70.94149659863946
2018-01-17,68.49523809523811
2018-01-18,70.94149659863946
2018-01-19,61.9718820861678
2018-01-20,40.770975056689345
2018-01-21,44.032653061224494
2018-01-22,62.78730158730159
2018-01-23,66.86439909297053
2018-01-24,61.9718820861678
2018-01-25,75.01859410430839
2018-01-26,60.34104308390023
2018-01-27,34.247619047619054
2018-01-28,41.586394557823134
2018-01-29,57.07936507936508
2018-01-30,65.23356009070295
2018-01-31,72.57233560090704
2018-02-01,70.67462138595685
2018-02-02,65.02065167508032
2018-02-03,41.69802661771455
2018-02-04,46.645250114731525
2018-02-05,53.71271225332721
2018-02-06,65.72739788893988
2018-02-07,67.84763653051859
2018-02-08,61.486920605782466
2018-02-09,60.7801743919229
2018-02-10,33.92381826525929
2018-02-11,40.28453418999541
2018-02-12,61.486920605782466
2018-02-13,65.72739788893988
2018-02-14,65.02065167508032
2018-02-15,57.95318953648462
2018-02-16,59.366681964203764
2018-02-17,37.457549334557136
2018-02-18,39.57778797613584
2018-02-19,45.93850390087196
2018-02-20,55.12620468104635
2018-02-21,59.366681964203764
2018-02-22,61.486920605782466
2018-02-23,59.366681964203764
2018-02-24,33.92381826525929
2018-02-25,36.75080312069757
2018-02-26,65.72739788893988
2018-02-27,64.31390546122074
2018-02-28,63.607159247361174
2018-03-01,90.74751698902249
2018-03-02,85.30266596968113
2018-03-03,43.55880815473079
2018-03-04,44.46628332462102
2018-03-05,66.24568740198642
2018-03-06,71.69053842132776
2018-03-07,68.06063774176685
2018-03-08,65.33821223209618
2018-03-09,64.43073706220596
2018-03-10,38.11395713538944
2018-03-11,43.55880815473079
2018-03-12,60.80083638264506
2018-03-13,61.708311552535285
2018-03-14,61.708311552535285
2018-03-15,65.33821223209618
2018-03-16,62.61578672242551
2018-03-17,33.57658128593832
2018-03-18,31.76163094615787
2018-03-19,57.17093570308416
2018-03-20,59.89336121275484
2018-03-21,56.263460533193935
2018-03-22,67.15316257187663
2018-03-23,60.80083638264506
2018-03-24,27.224255096706745
2018-03-25,42.651332984840565
2018-03-26,60.80083638264506
2018-03-27,57.17093570308416
2018-03-28,56.263460533193935
2018-03-29,55.355985363303716
2018-03-30,40.83638264506012
2018-03-31,35.39153162571877
2018-04-01,38.52601156069364
2018-04-02,54.653179190751445
2018-04-03,57.34104046242774
2018-04-04,61.82080924855491
2018-04-05,60.02890173410404
2018-04-06,48.38150289017341
2018-04-07,35.838150289017335
2018-04-08,41.21387283236994
2018-04-09,69.88439306358381
2018-04-10,63.61271676300578
2018-04-11,71.67630057803467
2018-04-12,76.15606936416185
2018-04-13,59.13294797687861
2018-04-14,67.1965317919075
2018-04-15,58.23699421965318
2018-04-16,71.67630057803467
2018-04-17,80.63583815028902
2018-04-18,70.78034682080924
2018-04-19,64.5086705202312
2018-04-20,68.09248554913295
2018-04-21,38.52601156069364
2018-04-22,48.38150289017341
2018-04-23,74.36416184971098
2018-04-24,71.67630057803467
2018-04-25,72.57225433526011
2018-04-26,75.26011560693641
2018-04-27,73.46820809248554
2018-04-28,44.797687861271676
2018-04-29,51.96531791907514
2018-04-30,89.59537572254335
2018-05-01,87.1779744346116
2018-05-02,81.23402163225173
2018-05-03,79.2527040314651
2018-05-04,72.31809242871189
2018-05-05,37.64503441494592
2018-05-06,45.57030481809243
2018-05-07,78.26204523107178
2018-05-08,89.15929203539822
2018-05-09,99.06588003933136
2018-05-10,88.16863323500492
2018-05-11,82.22468043264503
2018-05-12,41.607669616519175
2018-05-13,46.560963618485744
2018-05-14,83.21533923303835
2018-05-15,85.19665683382497
2018-05-16,76.28072763028516
2018-05-17,81.23402163225173
2018-05-18,67.36479842674532
2018-05-19,30.710422812192725
2018-05-20,34.67305801376598
2018-05-21,65.3834808259587
2018-05-22,69.34611602753196
2018-05-23,73.30875122910521
2018-05-24,72.31809242871189
2018-05-25,65.3834808259587
2018-05-26,30.710422812192725
2018-05-27,35.663716814159294
2018-05-28,42.59832841691249
2018-05-29,60.43018682399213
2018-05-30,59.43952802359882
2018-05-31,53.49557522123894
2018-06-01,47.950819672131146
2018-06-02,28.893442622950822
2018-06-03,37.5
2018-06-04,47.33606557377049
2018-06-05,43.032786885245905
2018-06-06,41.18852459016394
2018-06-07,42.41803278688525
2018-06-08,35.040983606557376
2018-06-09,27.66393442622951
2018-06-10,32.58196721311476
2018-06-11,42.41803278688525
2018-06-12,61.47540983606557
2018-06-13,48.5655737704918
2018-06-14,44.87704918032787
2018-06-15,35.65573770491803
2018-06-16,25.204918032786885
2018-06-17,30.737704918032787
2018-06-18,31.352459016393443
2018-06-19,29.508196721311478
2018-06-20,33.81147540983606
2018-06-21,26.434426229508198
2018-06-22,24.59016393442623
2018-06-23,21.516393442622952
2018-06-24,26.434426229508198
2018-06-25,26.434426229508198
2018-06-26,25.81967213114754
2018-06-27,36.885245901639344
2018-06-28,39.34426229508197
2018-06-29,27.66393442622951
2018-06-30,27.66393442622951
2018-07-01,24.376470588235293
2018-07-02,25.694117647058825
2018-07-03,22.729411764705883
2018-07-04,22.4
2018-07-05,28.0
2018-07-06,25.36470588235294
2018-07-07,24.376470588235293
2018-07-08,28.0
2018-07-09,29.647058823529413
2018-07-10,23.058823529411764
2018-07-11,27.341176470588234
2018-07-12,26.023529411764706
2018-07-13,30.63529411764706
2018-07-14,25.03529411764706
2018-07-15,24.705882352941178
2018-07-16,32.61176470588235
2018-07-17,32.94117647058823
2018-07-18,28.658823529411766
2018-07-19,30.63529411764706
2018-07-20,24.705882352941178
2018-07-21,28.658823529411766
2018-07-22,31.95294117647059
2018-07-23,32.61176470588235
2018-07-24,32.94117647058823
2018-07-25,26.352941176470587
2018-07-26,28.988235294117647
2018-07-27,31.294117647058822
2018-07-28,26.352941176470587
2018-07-29,30.96470588235294
2018-07-30,32.61176470588235
2018-07-31,28.32941176470588
2018-08-01,31.72212978369384
2018-08-02,31.72212978369384
2018-08-03,29.78785357737105
2018-08-04,32.1089850249584
2018-08-05,32.49584026622296
2018-08-06,29.78785357737105
2018-08-07,29.78785357737105
2018-08-08,27.466722129783694
2018-08-09,26.306156405990016
2018-08-10,28.62728785357737
2018-08-11,27.079866888519135
2018-08-12,26.693011647254576
2018-08-13,29.01414309484193
2018-08-14,26.306156405990016
2018-08-15,27.466722129783694
2018-08-16,30.561564059900167
2018-08-17,29.40099833610649
2018-08-18,27.079866888519135
2018-08-19,30.561564059900167
2018-08-20,25.532445923460898
2018-08-21,31.335274542429282
2018-08-22,31.72212978369384
2018-08-23,33.26955074875208
2018-08-24,31.72212978369384
2018-08-25,27.079866888519135
2018-08-26,25.919301164725457
2018-08-27,31.335274542429282
2018-08-28,33.26955074875208
2018-08-29,35.203826955074874
2018-08-30,38.6855241264559
2018-08-31,30.948419301164726
2018-09-01,25.149700598802394
2018-09-02,26.58682634730539
2018-09-03,30.898203592814372
2018-09-04,38.80239520958084
2018-09-05,40.23952095808383
2018-09-06,45.98802395209581
2018-09-07,38.80239520958084
2018-09-08,26.58682634730539
2018-09-09,29.461077844311376
2018-09-10,42.395209580838326
2018-09-11,48.1437125748503
2018-09-12,67.54491017964072
2018-09-13,71.8562874251497
2018-09-14,56.76646706586826
2018-09-15,33.053892215568865
2018-09-16,28.74251497005988
2018-09-17,58.92215568862275
2018-09-18,59.64071856287425
2018-09-19,53.17365269461078
2018-09-20,54.61077844311377
2018-09-21,44.550898203592816
2018-09-22,31.61676646706587
2018-09-23,29.461077844311376
2018-09-24,53.89221556886228
2018-09-25,58.203592814371255
2018-09-26,56.047904191616766
2018-09-27,53.89221556886228
2018-09-28,47.4251497005988
2018-09-29,30.179640718562876
2018-09-30,37.365269461077844
2018-10-01,51.55210643015521
2018-10-02,54.988913525498894
2018-10-03,54.30155210643016
2018-10-04,56.36363636363637
2018-10-05,43.991130820399114
2018-10-06,29.556541019955656
2018-10-07,29.556541019955656
2018-10-08,43.991130820399114
2018-10-09,56.36363636363637
2018-10-10,55.67627494456763
2018-10-11,51.55210643015521
2018-10-12,50.17738359201774
2018-10-13,28.86917960088692
2018-10-14,32.3059866962306
2018-10-15,58.425720620842576
2018-10-16,62.54988913525499
2018-10-17,57.73835920177384
2018-10-18,57.0509977827051
2018-10-19,52.926829268292686
2018-10-20,30.243902439024392
2018-10-21,40.55432372505543
2018-10-22,68.73614190687361
2018-10-23,66.6740576496674
2018-10-24,61.17516629711752
2018-10-25,60.487804878048784
2018-10-26,54.30155210643016
2018-10-27,27.494456762749447
2018-10-28,28.181818181818183
2018-10-29,62.54988913525499
2018-10-30,59.80044345898005
2018-10-31,61.86252771618626
2018-11-01,66.80281690140845
2018-11-02,61.774647887323944
2018-11-03,26.577464788732396
2018-11-04,35.19718309859155
2018-11-05,58.90140845070423
2018-11-06,56.74647887323944
2018-11-07,57.46478873239437
2018-11-08,68.23943661971832
2018-11-09,51.718309859154935
2018-11-10,36.63380281690141
2018-11-11,36.63380281690141
2018-11-12,55.30985915492958
2018-11-13,69.67605633802818
2018-11-14,69.67605633802818
2018-11-15,66.80281690140845
2018-11-16,54.59154929577465
2018-11-17,40.94366197183099
2018-11-18,38.07042253521127
2018-11-19,56.02816901408451
2018-11-20,53.87323943661972
2018-11-21,32.32394366197183
2018-11-22,28.014084507042256
2018-11-23,22.985915492957748
2018-11-24,24.422535211267608
2018-11-25,28.014084507042256
2018-11-26,65.36619718309859
2018-11-27,69.67605633802818
2018-11-28,58.183098591549296
2018-11-29,71.83098591549296
2018-11-30,67.52112676056339
2018-12-01,33.01664145234493
2018-12-02,35.08018154311649
2018-12-03,59.84266263237519
2018-12-04,66.72112960161371
2018-12-05,68.09682299546142
2018-12-06,62.5940494200706
2018-12-07,64.65758951084216
2018-12-08,31.640948058497223
2018-12-09,33.704488149268784
2018-12-10,65.345436207766
2018-12-11,64.65758951084216
2018-12-12,68.78466969238526
2018-12-13,66.03328290468986
2018-12-14,61.90620272314674
2018-12-15,28.889561270801813
2018-12-16,37.14372163388805
2018-12-17,59.15481593545133
2018-12-18,56.40342914775592
2018-12-19,55.02773575390822
2018-12-20,48.83711548159354
2018-12-21,37.8315683308119
2018-12-22,26.138174483106404
2018-12-23,25.450327786182548
2018-12-24,21.323247604639434
2018-12-25,27.51386787695411
2018-12-26,25.450327786182548
2018-12-27,23.38678769541099
2018-12-28,33.01664145234493
2018-12-29,26.138174483106404
2018-12-30,26.138174483106404
2018-12-31,24.074634392334843
2019-01-01,24.36228518346493
2019-01-02,33.83650719925685
2019-01-03,46.01764979098932
2019-01-04,43.31072921504877
2019-01-05,26.39247561542034
2019-01-06,27.745935903390617
2019-01-07,46.01764979098932
2019-01-08,51.43149094287041
2019-01-09,65.64282396655828
2019-01-10,60.22898281467719
2019-01-11,58.19879238272178
2019-01-12,31.80631676730144
2019-01-13,35.18996748722712
2019-01-14,60.22898281467719
2019-01-15,64.28936367858802
2019-01-16,56.845332094751505
2019-01-17,67.6730143985137
2019-01-18,55.49187180678123
2019-01-19,27.745935903390617
2019-01-20,30.452856479331164
2019-01-21,33.15977705527171
2019-01-22,48.04784022294473
2019-01-23,56.845332094751505
2019-01-24,55.49187180678123
2019-01-25,58.19879238272178
2019-01-26,29.09939619136089
2019-01-27,41.280538783093355
2019-01-28,52.78495123084068
2019-01-29,56.845332094751505
2019-01-30,53.46168137482582
2019-01-31,58.875522526706916
2019-02-01,57.687836383207745
2019-02-02,37.58449946178687
2019-02-03,38.458557588805164
2019-02-04,57.687836383207745
2019-02-05,67.30247578040904
2019-02-06,60.31001076426264
2019-02-07,62.93218514531755
2019-02-08,66.42841765339074
2019-02-09,37.58449946178687
2019-02-10,36.71044133476857
2019-02-11,62.058127018299245
2019-02-12,61.184068891280944
2019-02-13,60.31001076426264
2019-02-14,57.687836383207745
2019-02-15,52.44348762109795
2019-02-16,32.34015069967707
2019-02-17,36.71044133476857
2019-02-18,44.57696447793326
2019-02-19,76.91711517761033
2019-02-20,70.79870828848223
2019-02-21,69.05059203444564
2019-02-22,65.55435952637244
2019-02-23,41.08073196986006
2019-02-24,47.19913885898816
2019-02-25,66.42841765339074
2019-02-26,83.90958019375672
2019-02-27,85.65769644779333
2019-02-28,87.40581270182992
2019-03-01,75.51282051282051
2019-03-02,36.246153846153845
2019-03-03,44.552564102564105
2019-03-04,64.18589743589743
2019-03-05,66.45128205128205
2019-03-06,70.98205128205129
2019-03-07,66.45128205128205
2019-03-08,61.16538461538461
2019-03-09,35.491025641025644
2019-03-10,39.266666666666666
2019-03-11,63.43076923076923
2019-03-12,64.94102564102565
2019-03-13,63.43076923076923
2019-03-14,64.94102564102565
2019-03-15,72.49230769230769
2019-03-16,40.02179487179487
2019-03-17,44.552564102564105
2019-03-18,62.67564102564103
2019-03-19,66.45128205128205
2019-03-20,63.43076923076923
2019-03-21,67.96153846153845
2019-03-22,56.63461538461539
2019-03-23,32.47051282051282
2019-03-24,39.266666666666666
2019-03-25,58.14487179487179
2019-03-26,63.43076923076923
2019-03-27,69.47179487179487
2019-03-28,72.49230769230769
2019-03-29,62.67564102564103
2019-03-30,37.756410256410255
2019-03-31,40.02179487179487
2019-04-01,66.4640143048726
2019-04-02,65.6727760393384
2019-04-03,65.6727760393384
2019-04-04,74.37639696021458
2019-04-05,62.50782297720161
2019-04-06,39.56191327670988
2019-04-07,39.56191327670988
2019-04-08,68.046490835941
2019-04-09,66.4640143048726
2019-04-10,72.79392042914618
2019-04-11,70.42020563254358
2019-04-12,63.29906124273581
2019-04-13,34.0232454179705
2019-04-14,39.56191327670988
2019-04-15,64.09029950827001
2019-04-16,64.88153777380421
2019-04-17,69.6289673670094
2019-04-18,62.50782297720161
2019-04-19,41.144389807778275
2019-04-20,37.979436745641486
2019-04-21,38.77067501117568
2019-04-22,52.22172552525704
2019-04-23,68.83772910147519
2019-04-24,75.16763522574877
2019-04-25,75.16763522574877
2019-04-26,60.92534644613322
2019-04-27,35.605721949038895
2019-04-28,43.518104604380866
2019-04-29,72.00268216361198
2019-04-30,79.12382655341976
2019-05-01,81.703125
2019-05-02,72.625
2019-05-03,62.25
2019-05-04,35.015625
2019-05-05,41.5
2019-05-06,83.0
2019-05-07,103.75
2019-05-08,101.15625
2019-05-09,93.375
2019-05-10,84.296875
2019-05-11,63.546875
2019-05-12,59.65625
2019-05-13,93.375
2019-05-14,129.6875
2019-05-15,107.640625
2019-05-16,102.453125
2019-05-17,92.078125
2019-05-18,53.171875
2019-05-19,66.140625
2019-05-20,92.078125
2019-05-21,112.828125
2019-05-22,89.484375
2019-05-23,97.265625
2019-05-24,76.515625
2019-05-25,66.140625
2019-05-26,68.734375
2019-05-27,75.21875
2019-05-28,103.75
2019-05-29,99.859375
2019-05-30,86.890625
2019-05-31,77.8125
2019-06-01,59.41894736842105
2019-06-02,65.0778947368421
2019-06-03,68.85052631578947
2019-06-04,94.3157894736842
2019-06-05,87.71368421052631
2019-06-06,80.16842105263157
2019-06-07,74.50947368421052
2019-06-08,67.90736842105262
2019-06-09,75.45263157894736
2019-06-10,73.56631578947368
2019-06-11,61.305263157894736
2019-06-12,65.0778947368421
2019-06-13,61.305263157894736
2019-06-14,53.76
2019-06-15,60.36210526315789
2019-06-16,74.50947368421052
2019-06-17,66.02105263157894
2019-06-18,61.305263157894736
2019-06-19,60.36210526315789
2019-06-20,61.305263157894736
2019-06-21,57.53263157894737
2019-06-22,55.64631578947368
2019-06-23,65.0778947368421
2019-06-24,55.64631578947368
2019-06-25,51.873684210526314
2019-06-26,48.101052631578945
2019-06-27,41.49894736842105
2019-06-28,44.328421052631576
