Date,Oil
2013-01-01,18.13285777975925
2013-01-02,44.22648238965671
2013-01-03,38.9193045028979
2013-01-04,37.150245207311634
2013-01-05,30.958537672759697
2013-01-06,26.093624609897457
2013-01-07,38.47703967900134
2013-01-08,34.054391440035666
2013-01-09,41.13062862238074
2013-01-10,30.07400802496656
2013-01-11,23.88230049041462
2013-01-12,16.36379848417298
2013-01-13,29.631743201069995
2013-01-14,22.55550601872492
2013-01-15,31.84306732055283
2013-01-16,34.49665626393223
2013-01-17,40.68836379848417
2013-01-18,40.68836379848417
2013-01-19,30.516272848863128
2013-01-20,13.267944716897013
2013-01-21,34.938921087828795
2013-01-22,43.34195274186357
2013-01-23,38.03477485510477
2013-01-24,42.89968791796701
2013-01-25,34.49665626393223
2013-01-26,17.690592955862684
2013-01-27,27.42041908158716
2013-01-28,36.2657155595185
2013-01-29,27.862683905483724
2013-01-30,32.72759696834596
2013-01-31,33.16986179224253
2013-02-01,39.72126885075403
2013-02-02,22.11752470098804
2013-02-03,18.957878315132604
2013-02-04,32.49921996879875
2013-02-05,29.790951638065522
2013-02-06,45.13780551222049
2013-02-07,29.790951638065522
2013-02-08,23.923036921476857
2013-02-09,22.11752470098804
2013-02-10,17.152366094643785
2013-02-11,40.172646905876235
2013-02-12,27.9854394175767
2013-02-13,39.269890795631824
2013-02-14,35.65886635465419
2013-02-15,32.95059802392095
2013-02-16,23.47165886635465
2013-02-17,30.69370774830993
2013-02-18,33.40197607904316
2013-02-19,34.30473218928757
2013-02-20,25.277171086843474
2013-02-21,34.756110244409776
2013-02-22,31.59646385855434
2013-02-23,27.9854394175767
2013-02-24,33.853354134165365
2013-02-25,34.756110244409776
2013-02-26,36.110244409776385
2013-02-27,30.69370774830993
2013-02-28,33.853354134165365
2013-03-01,39.61661341853035
2013-03-02,26.24600638977636
2013-03-03,17.82747603833866
2013-03-04,38.13099041533546
2013-03-05,42.0926517571885
2013-03-06,49.52076677316294
2013-03-07,35.159744408945684
2013-03-08,37.635782747603834
2013-03-09,14.856230031948881
2013-03-10,28.226837060702874
2013-03-11,26.741214057507985
2013-03-12,23.769968051118212
2013-03-13,28.226837060702874
2013-03-14,37.14057507987221
2013-03-15,38.13099041533546
2013-03-16,14.856230031948881
2013-03-17,20.303514376996805
2013-03-18,24.26517571884984
2013-03-19,41.59744408945687
2013-03-20,42.0926517571885
2013-03-21,40.60702875399361
2013-03-22,25.255591054313097
2013-03-23,23.27476038338658
2013-03-24,24.76038338658147
2013-03-25,25.255591054313097
2013-03-26,31.19808306709265
2013-03-27,26.24600638977636
2013-03-28,25.750798722044728
2013-03-29,42.0926517571885
2013-03-30,19.313099041533548
2013-03-31,19.808306709265175
2013-04-01,36.631139944392956
2013-04-02,42.66450417052826
2013-04-03,27.581093605189988
2013-04-04,36.631139944392956
2013-04-05,28.012048192771083
2013-04-06,32.321594068582016
2013-04-07,27.150139017608893
2013-04-08,39.64782205746061
2013-04-09,42.23354958294717
2013-04-10,24.13345690454124
2013-04-11,25.857275254865613
2013-04-12,43.09545875810936
2013-04-13,33.614457831325296
2013-04-14,21.54772937905468
2013-04-15,37.92400370713624
2013-04-16,36.631139944392956
2013-04-17,42.66450417052826
2013-04-18,33.183503243744205
2013-04-19,28.443002780352174
2013-04-20,21.97868396663577
2013-04-21,20.68582020389249
2013-04-22,28.443002780352174
2013-04-23,21.116774791473585
2013-04-24,34.045412418906395
2013-04-25,27.581093605189988
2013-04-26,24.13345690454124
2013-04-27,20.68582020389249
2013-04-28,23.702502316960146
2013-04-29,33.183503243744205
2013-04-30,34.476367006487486
2013-05-01,36.594899460519855
2013-05-02,33.06768023540951
2013-05-03,33.508582638548305
2013-05-04,23.808729769494846
2013-05-05,27.335948994605197
2013-05-06,38.358509073075034
2013-05-07,29.09955860716037
2013-05-08,23.808729769494846
2013-05-09,44.09024031387935
2013-05-10,16.754291319274152
2013-05-11,23.808729769494846
2013-05-12,32.185875429131926
2013-05-13,41.00392349190779
2013-05-14,31.304070622854336
2013-05-15,36.594899460519855
2013-05-16,31.304070622854336
2013-05-17,35.71309465424227
2013-05-18,18.95880333496812
2013-05-19,14.990681706718979
2013-05-20,41.444825895046584
2013-05-21,26.454144188327607
2013-05-22,28.217753800882782
2013-05-23,27.77685139774399
2013-05-24,33.06768023540951
2013-05-25,12.345267287886218
2013-05-26,14.549779303580184
2013-05-27,25.13143697891123
2013-05-28,34.83128984796468
2013-05-29,29.54046101029916
2013-05-30,26.454144188327607
2013-05-31,26.895046591466404
2013-06-01,29.23375902276513
2013-06-02,15.291504719600221
2013-06-03,44.97501388117712
2013-06-04,29.23375902276513
2013-06-05,41.826762909494725
2013-06-06,37.779011660188786
2013-06-07,30.133259300388673
2013-06-08,35.53026096612993
2013-06-09,25.63575791227096
2013-06-10,24.286507495835647
2013-06-11,32.38200999444753
2013-06-12,32.38200999444753
2013-06-13,20.238756246529704
2013-06-14,32.38200999444753
2013-06-15,34.18101054969461
2013-06-16,5.846751804553026
2013-06-17,37.32926152137701
2013-06-18,24.73625763464742
2013-06-19,26.535258189894503
2013-06-20,20.688506385341476
2013-06-21,30.583009439200442
2013-06-22,17.990005552470848
2013-06-23,13.942254303164908
2013-06-24,25.18600777345919
2013-06-25,31.032759578012215
2013-06-26,34.18101054969461
2013-06-27,29.6835091615769
2013-06-28,21.13825652415325
2013-06-29,11.693503609106052
2013-06-30,13.942254303164908
2013-07-01,25.363636363636363
2013-07-02,21.98181818181818
2013-07-03,32.69090909090909
2013-07-04,13.527272727272727
2013-07-05,21.418181818181818
2013-07-06,15.218181818181817
2013-07-07,25.363636363636363
2013-07-08,56.36363636363636
2013-07-09,39.45454545454545
2013-07-10,30.999999999999996
2013-07-11,39.45454545454545
2013-07-12,31.563636363636363
2013-07-13,21.98181818181818
2013-07-14,21.418181818181818
2013-07-15,40.58181818181818
2013-07-16,33.25454545454545
2013-07-17,30.999999999999996
2013-07-18,35.50909090909091
2013-07-19,43.4
2013-07-20,27.054545454545455
2013-07-21,13.527272727272727
2013-07-22,30.999999999999996
2013-07-23,30.436363636363634
2013-07-24,35.50909090909091
2013-07-25,33.25454545454545
2013-07-26,36.07272727272727
2013-07-27,6.763636363636364
2013-07-28,16.909090909090907
2013-07-29,30.999999999999996
2013-07-30,35.50909090909091
2013-07-31,21.418181818181818
2013-08-01,23.788770053475936
2013-08-02,36.55347593582888
2013-08-03,23.788770053475936
2013-08-04,17.98663101604278
2013-08-05,30.75133689839572
2013-08-06,26.109625668449198
2013-08-07,20.887700534759357
2013-08-08,26.68983957219251
2013-08-09,31.331550802139038
2013-08-10,17.406417112299465
2013-08-11,17.406417112299465
2013-08-12,30.75133689839572
2013-08-13,29.010695187165776
2013-08-14,26.68983957219251
2013-08-15,31.331550802139038
2013-08-16,24.949197860962567
2013-08-17,22.628342245989305
2013-08-18,33.07219251336898
2013-08-19,19.727272727272727
2013-08-20,30.171122994652407
2013-08-21,41.775401069518715
2013-08-22,24.949197860962567
2013-08-23,27.27005347593583
2013-08-24,19.147058823529413
2013-08-25,17.406417112299465
2013-08-26,31.91176470588235
2013-08-27,26.68983957219251
2013-08-28,58.02139037433155
2013-08-29,41.1951871657754
2013-08-30,40.03475935828877
2013-08-31,18.566844919786096
2013-09-01,26.785714285714285
2013-09-02,19.642857142857142
2013-09-03,29.285714285714285
2013-09-04,32.85714285714286
2013-09-05,30.357142857142858
2013-09-06,33.214285714285715
2013-09-07,29.285714285714285
2013-09-08,17.5
2013-09-09,27.5
2013-09-10,29.285714285714285
2013-09-11,28.571428571428573
2013-09-12,23.571428571428573
2013-09-13,27.142857142857142
2013-09-14,22.857142857142858
2013-09-15,15.714285714285715
2013-09-16,33.214285714285715
2013-09-17,31.071428571428573
2013-09-18,30.714285714285715
2013-09-19,17.142857142857142
2013-09-20,32.85714285714286
2013-09-21,14.642857142857142
2013-09-22,17.5
2013-09-23,32.85714285714286
2013-09-24,31.42857142857143
2013-09-25,32.85714285714286
2013-09-26,20.357142857142858
2013-09-27,19.642857142857142
2013-09-28,15.357142857142858
2013-09-29,21.071428571428573
2013-09-30,35.714285714285715
2013-10-01,20.30491247882552
2013-10-02,31.47261434217956
2013-10-03,32.99548277809148
2013-10-04,27.411631846414455
2013-10-05,21.3201581027668
2013-10-06,16.24392998306042
2013-10-07,30.964991530208923
2013-10-08,27.919254658385093
2013-10-09,39.59457933370977
2013-10-10,29.949745906267648
2013-10-11,28.934500282326372
2013-10-12,23.350649350649352
2013-10-13,16.24392998306042
2013-10-14,20.30491247882552
2013-10-15,21.82778091473744
2013-10-16,32.48785996612084
2013-10-17,41.117447769621684
2013-10-18,19.289666854884246
2013-10-19,14.721061547148505
2013-10-20,19.797289666854883
2013-10-21,23.350649350649352
2013-10-22,45.68605307735743
2013-10-23,45.68605307735743
2013-10-24,39.59457933370977
2013-10-25,50.76228119706381
2013-10-26,23.350649350649352
2013-10-27,25.88876341050254
2013-10-28,24.365894974590628
2013-10-29,32.99548277809148
2013-10-30,44.16318464144551
2013-10-31,26.904009034443817
2013-11-01,29.50125944584383
2013-11-02,22.24685138539043
2013-11-03,26.599496221662466
2013-11-04,33.37027707808564
2013-11-05,45.94458438287153
2013-11-06,42.07556675062972
2013-11-07,43.042821158690174
2013-11-08,31.91939546599496
2013-11-09,43.042821158690174
2013-11-10,12.574307304785894
2013-11-11,38.20654911838791
2013-11-12,40.141057934508815
2013-11-13,45.94458438287153
2013-11-14,29.50125944584383
2013-11-15,34.3375314861461
2013-11-16,18.861460957178842
2013-11-17,26.115869017632242
2013-11-18,30.952141057934508
2013-11-19,33.37027707808564
2013-11-20,34.3375314861461
2013-11-21,48.36272040302267
2013-11-22,24.66498740554156
2013-11-23,28.05037783375315
2013-11-24,32.40302267002519
2013-11-25,42.559193954659946
2013-11-26,28.05037783375315
2013-11-27,26.599496221662466
2013-11-28,19.828715365239294
2013-11-29,19.828715365239294
2013-11-30,27.56675062972292
2013-12-01,11.70365358592693
2013-12-02,33.60081190798376
2013-12-03,37.37618403247632
2013-12-04,22.652232746955345
2013-12-05,33.223274695534506
2013-12-06,25.67253044654939
2013-12-07,4.152909336941813
2013-12-08,15.10148849797023
2013-12-09,29.825439783491206
2013-12-10,31.713125845737483
2013-12-11,33.60081190798376
2013-12-12,28.315290933694182
2013-12-13,25.67253044654939
2013-12-14,26.050067658998646
2013-12-15,21.519621109607577
2013-12-16,26.050067658998646
2013-12-17,31.713125845737483
2013-12-18,33.60081190798376
2013-12-19,34.35588633288227
2013-12-20,24.16238159675237
2013-12-21,30.20297699594046
2013-12-22,23.40730717185386
2013-12-23,22.652232746955345
2013-12-24,33.60081190798376
2013-12-25,17.74424898511502
2013-12-26,32.468200270636
2013-12-27,37.75372124492557
2013-12-28,22.652232746955345
2013-12-29,29.44790257104195
2013-12-30,30.95805142083897
2013-12-31,26.050067658998646
2014-01-01,27.343877089923183
2014-01-02,41.23994577496611
2014-01-03,29.585178490736556
2014-01-04,26.44735652959783
2014-01-05,24.65431540894713
2014-01-06,31.37821961138726
2014-01-07,38.55038409399006
2014-01-08,34.06778129236331
2014-01-09,37.65386353366471
2014-01-10,36.309082693176684
2014-01-11,17.482150926344328
2014-01-12,20.17171260732038
2014-01-13,28.688657930411207
2014-01-14,27.343877089923183
2014-01-15,35.412562132851335
2014-01-16,32.72300045187528
2014-01-17,44.82602801626751
2014-01-18,17.482150926344328
2014-01-19,27.343877089923183
2014-01-20,34.06778129236331
2014-01-21,25.55083596927248
2014-01-22,43.48124717577949
2014-01-23,41.23994577496611
2014-01-24,38.10212381382738
2014-01-25,25.55083596927248
2014-01-26,21.96475372797108
2014-01-27,32.27474017171261
2014-01-28,42.13646633529146
2014-01-29,44.82602801626751
2014-01-30,29.585178490736556
2014-01-31,34.516041572525985
2014-02-01,17.622680412371132
2014-02-02,32.38762886597938
2014-02-03,35.72164948453608
2014-02-04,40.00824742268041
2014-02-05,47.62886597938144
2014-02-06,39.531958762886596
2014-02-07,40.96082474226804
2014-02-08,30.958762886597935
2014-02-09,20.48041237113402
2014-02-10,22.385567010309277
2014-02-11,43.34226804123711
2014-02-12,33.340206185567006
2014-02-13,40.96082474226804
2014-02-14,40.48453608247422
2014-02-15,28.577319587628864
2014-02-16,20.956701030927835
2014-02-17,42.865979381443296
2014-02-18,35.72164948453608
2014-02-19,45.72371134020618
2014-02-20,38.57938144329896
2014-02-21,17.622680412371132
2014-02-22,22.86185567010309
2014-02-23,23.81443298969072
2014-02-24,32.863917525773196
2014-02-25,34.29278350515464
2014-02-26,34.769072164948454
2014-02-27,37.15051546391752
2014-02-28,22.385567010309277
2014-03-01,14.053529133112269
2014-03-02,25.551871151113218
2014-03-03,31.939838938891523
2014-03-04,28.107058266224538
2014-03-05,28.958787304594978
2014-03-06,28.958787304594978
2014-03-07,37.9019422074846
2014-03-08,22.144954997631455
2014-03-09,21.719090478446233
2014-03-10,42.58645191852203
2014-03-11,36.19848413074372
2014-03-12,31.939838938891523
2014-03-13,42.58645191852203
2014-03-14,32.365703458076744
2014-03-15,20.867361440075793
2014-03-16,29.81051634296542
2014-03-17,32.79156797726196
2014-03-18,37.476077688299384
2014-03-19,33.21743249644718
2014-03-20,19.163903363334914
2014-03-21,26.829464708668876
2014-03-22,16.182851729038372
2014-03-23,17.034580767408812
2014-03-24,28.107058266224538
2014-03-25,22.570819516816673
2014-03-26,35.772619611558504
2014-03-27,38.32780672666983
2014-03-28,31.939838938891523
2014-03-29,25.977735670298436
2014-03-30,23.422548555187117
2014-03-31,34.49502605400284
2014-04-01,38.585005279831044
2014-04-02,35.480464625131994
2014-04-03,29.714889123548048
2014-04-04,27.940865892291445
2014-04-05,25.279831045406546
2014-04-06,19.957761351636748
2014-04-07,38.585005279831044
2014-04-08,28.827877507919748
2014-04-09,22.1752903907075
2014-04-10,36.810982048574445
2014-04-11,22.1752903907075
2014-04-12,24.392819429778246
2014-04-13,9.313621964097148
2014-04-14,29.271383315733896
2014-04-15,44.350580781415
2014-04-16,34.14994720168954
2014-04-17,38.141499472016896
2014-04-18,20.844772967265047
2014-04-19,23.949313621964098
2014-04-20,18.627243928194297
2014-04-21,34.5934530095037
2014-04-22,31.932418162618795
2014-04-23,23.505807814149946
2014-04-24,27.053854276663145
2014-04-25,27.497360084477297
2014-04-26,23.949313621964098
2014-04-27,14.192185850052798
2014-04-28,29.271383315733896
2014-04-29,23.949313621964098
2014-04-30,35.480464625131994
2014-05-01,27.621
2014-05-02,41.85
2014-05-03,18.8325
2014-05-04,16.74
2014-05-05,35.153999999999996
2014-05-06,35.153999999999996
2014-05-07,35.153999999999996
2014-05-08,23.854499999999998
2014-05-09,29.294999999999998
2014-05-10,20.925
2014-05-11,5.859
2014-05-12,31.3875
2014-05-13,24.691499999999998
2014-05-14,37.2465
2014-05-15,33.061499999999995
2014-05-16,20.088
2014-05-17,19.250999999999998
2014-05-18,32.643
2014-05-19,30.131999999999998
2014-05-20,28.458
2014-05-21,35.153999999999996
2014-05-22,23.854499999999998
2014-05-23,27.2025
2014-05-24,25.11
2014-05-25,21.3435
2014-05-26,25.528499999999998
2014-05-27,26.784
2014-05-28,23.436
2014-05-29,28.8765
2014-05-30,28.0395
2014-05-31,24.273
2014-06-01,15.283018867924527
2014-06-02,30.0
2014-06-03,20.943396226415093
2014-06-04,25.471698113207548
2014-06-05,24.339622641509433
2014-06-06,27.169811320754718
2014-06-07,7.9245283018867925
2014-06-08,21.50943396226415
2014-06-09,26.037735849056602
2014-06-10,18.11320754716981
2014-06-11,32.264150943396224
2014-06-12,36.79245283018868
2014-06-13,44.71698113207547
2014-06-14,27.735849056603772
2014-06-15,24.339622641509433
2014-06-16,40.75471698113208
2014-06-17,56.0377358490566
2014-06-18,44.71698113207547
2014-06-19,31.69811320754717
2014-06-20,24.339622641509433
2014-06-21,33.9622641509434
2014-06-22,23.77358490566038
2014-06-23,56.60377358490566
2014-06-24,35.660377358490564
2014-06-25,24.339622641509433
2014-06-26,26.60377358490566
2014-06-27,41.886792452830186
2014-06-28,11.88679245283019
2014-06-29,22.07547169811321
2014-06-30,43.0188679245283
2014-07-01,27.081226465841848
2014-07-02,23.34588488434642
2014-07-03,23.81280258203335
2014-07-04,17.27595481441635
2014-07-05,21.011296395911778
2014-07-06,33.61807423345885
2014-07-07,21.011296395911778
2014-07-08,28.015061861215706
2014-07-09,20.54437869822485
2014-07-10,39.688004303388915
2014-07-11,32.68423883808499
2014-07-12,20.54437869822485
2014-07-13,26.147391070467993
2014-07-14,35.48574502420656
2014-07-15,26.147391070467993
2014-07-16,25.680473372781062
2014-07-17,32.21732114039806
2014-07-18,21.945131791285636
2014-07-19,19.143625605164065
2014-07-20,19.143625605164065
2014-07-21,33.15115653577192
2014-07-22,29.88273265196342
2014-07-23,37.820333512641206
2014-07-24,33.61807423345885
2014-07-25,23.34588488434642
2014-07-26,26.147391070467993
2014-07-27,26.61430876815492
2014-07-28,36.886498117267344
2014-07-29,23.81280258203335
2014-07-30,35.48574502420656
2014-07-31,46.69176976869284
2014-08-01,31.89222290263319
2014-08-02,23.91916717697489
2014-08-03,12.756889161053277
2014-08-04,36.67605633802817
2014-08-05,36.14451928965095
2014-08-06,26.04531537048377
2014-08-07,44.11757501530924
2014-08-08,26.57685241886099
2014-08-09,16.477648499693814
2014-08-10,13.288426209430495
2014-08-11,19.666870789957134
2014-08-12,41.99142682180037
2014-08-13,28.70300061236987
2014-08-14,30.82914880587875
2014-08-15,53.15370483772198
2014-08-16,12.756889161053277
2014-08-17,27.639926515615432
2014-08-18,24.982241273729333
2014-08-19,33.48683404776485
2014-08-20,22.856093080220454
2014-08-21,36.14451928965095
2014-08-22,38.80220453153705
2014-08-23,21.261481935088792
2014-08-24,9.036129822412738
2014-08-25,39.865278628291485
2014-08-26,26.57685241886099
2014-08-27,32.42375995101041
2014-08-28,28.70300061236987
2014-08-29,29.76607470912431
2014-08-30,14.351500306184935
2014-08-31,27.10838946723821
2014-09-01,20.501362397820163
2014-09-02,38.30517711171662
2014-09-03,33.98910081743869
2014-09-04,28.59400544959128
2014-09-05,31.831062670299726
2014-09-06,31.291553133514984
2014-09-07,30.752043596730243
2014-09-08,35.607629427792915
2014-09-09,34.52861035422343
2014-09-10,29.13351498637602
2014-09-11,40.463215258855584
2014-09-12,41.002724795640326
2014-09-13,19.96185286103542
2014-09-14,28.054495912806537
2014-09-15,41.54223433242507
2014-09-16,38.84468664850136
2014-09-17,38.30517711171662
2014-09-18,32.910081743869206
2014-09-19,33.98910081743869
2014-09-20,22.659400544959126
2014-09-21,29.673024523160763
2014-09-22,32.370572207084464
2014-09-23,35.607629427792915
2014-09-24,46.93732970027248
2014-09-25,43.160762942779286
2014-09-26,20.501362397820163
2014-09-27,15.645776566757492
2014-09-28,23.73841961852861
2014-09-29,53.950953678474114
2014-09-30,36.14713896457766
2014-10-01,38.342609771181195
2014-10-02,54.63821892393321
2014-10-03,39.30117501546073
2014-10-04,28.756957328385898
2014-10-05,25.881261595547308
2014-10-06,51.762523191094616
2014-10-07,38.342609771181195
2014-10-08,58.47247990105133
2014-10-09,36.425479282622135
2014-10-10,44.094001236858375
2014-10-11,17.254174397031537
2014-10-12,21.088435374149658
2014-10-13,62.30674087816944
2014-10-14,80.51948051948051
2014-10-15,95.85652442795299
2014-10-16,77.64378478664193
2014-10-17,56.55534941249227
2014-10-18,43.13543599257885
2014-10-19,28.756957328385898
2014-10-20,62.30674087816944
2014-10-21,71.89239332096474
2014-10-22,48.88682745825603
2014-10-23,62.30674087816944
2014-10-24,66.14100185528757
2014-10-25,21.088435374149658
2014-10-26,36.425479282622135
2014-10-27,52.72108843537415
2014-10-28,65.18243661100803
2014-10-29,52.72108843537415
2014-10-30,54.63821892393321
2014-10-31,56.55534941249227
2014-11-01,41.1958762886598
2014-11-02,36.74226804123712
2014-11-03,62.35051546391753
2014-11-04,86.84536082474227
2014-11-05,76.82474226804123
2014-11-06,63.4639175257732
2014-11-07,55.670103092783506
2014-11-08,47.876288659793815
2014-11-09,37.855670103092784
2014-11-10,51.21649484536083
2014-11-11,50.103092783505154
2014-11-12,63.4639175257732
2014-11-13,72.37113402061856
2014-11-14,45.649484536082475
2014-11-15,41.1958762886598
2014-11-16,20.04123711340206
2014-11-17,59.01030927835052
2014-11-18,61.23711340206186
2014-11-19,67.91752577319588
2014-11-20,46.76288659793815
2014-11-21,41.1958762886598
2014-11-22,28.948453608247423
2014-11-23,28.948453608247423
2014-11-24,44.5360824742268
2014-11-25,50.103092783505154
2014-11-26,36.74226804123712
2014-11-27,61.23711340206186
2014-11-28,111.34020618556701
2014-11-29,73.48453608247424
2014-11-30,55.670103092783506
2014-12-01,86.82077051926298
2014-12-02,106.62199888330542
2014-12-03,82.25125628140704
2014-12-04,77.6817420435511
2014-12-05,60.926856504745956
2014-12-06,36.55611390284757
2014-12-07,47.21831379117811
2014-12-08,99.00614182021218
2014-12-09,109.66834170854271
2014-12-10,114.23785594639867
2014-12-11,108.14517029592407
2014-12-12,152.3171412618649
2014-12-13,89.86711334450028
2014-12-14,70.06588498045785
2014-12-15,149.2707984366276
2014-12-16,150.79396984924622
2014-12-17,115.76102735901732
2014-12-18,109.66834170854271
2014-12-19,94.43662758235622
2014-12-20,54.834170854271356
2014-12-21,79.20491345616973
2014-12-22,85.29759910664434
2014-12-23,89.86711334450028
2014-12-24,77.6817420435511
2014-12-25,30.463428252372978
2014-12-26,70.06588498045785
2014-12-27,71.58905639307649
2014-12-28,45.69514237855947
2014-12-29,83.77442769402569
2014-12-30,86.82077051926298
2014-12-31,91.39028475711893
2015-01-01,73.85461209529628
2015-01-02,81.42944410507025
2015-01-03,62.49236408063531
2015-01-04,41.661576053756875
2015-01-05,147.70922419059255
2015-01-06,189.37080024434943
2015-01-07,164.752596212584
2015-01-08,119.30360415394014
2015-01-09,107.94135613927916
2015-01-10,70.06719609040928
2015-01-11,85.21686010995724
2015-01-12,119.30360415394014
2015-01-13,143.92180818570557
2015-01-14,153.39034819792303
2015-01-15,128.7721441661576
2015-01-16,106.04764813683568
2015-01-17,68.1734880879658
2015-01-18,64.3860720830788
2015-01-19,94.68540012217471
2015-01-20,104.15394013439219
2015-01-21,132.5595601710446
2015-01-22,102.26023213194868
2015-01-23,109.83506414172267
2015-01-24,68.1734880879658
2015-01-25,64.3860720830788
2015-01-26,75.74832009773976
2015-01-27,90.89798411728772
2015-01-28,81.42944410507025
2015-01-29,83.32315210751375
2015-01-30,92.79169211973122
2015-01-31,71.96090409285279
2015-02-01,54.601664684898935
2015-02-02,95.55291319857314
2015-02-03,129.67895362663495
2015-02-04,113.29845422116529
2015-02-05,109.20332936979787
2015-02-06,83.26753864447087
2015-02-07,46.41141498216409
2015-02-08,54.601664684898935
2015-02-09,98.28299643281808
2015-02-10,95.55291319857314
2015-02-11,81.9024970273484
2015-02-12,76.4423305588585
2015-02-13,94.18787158145065
2015-02-14,55.96670630202141
2015-02-15,60.06183115338882
2015-02-16,61.426872770511295
2015-02-17,87.36266349583829
2015-02-18,87.36266349583829
2015-02-19,85.99762187871582
2015-02-20,83.26753864447087
2015-02-21,40.9512485136742
2015-02-22,57.33174791914388
2015-02-23,88.72770511296076
2015-02-24,75.07728894173603
2015-02-25,136.50416171224734
2015-02-26,121.48870392390012
2015-02-27,81.9024970273484
2015-02-28,39.58620689655172
2015-03-01,44.642595499738356
2015-03-02,70.59759288330717
2015-03-03,96.55259026687598
2015-03-04,79.94139194139194
2015-03-05,59.17739403453689
2015-03-06,67.48299319727892
2015-03-07,47.75719518576661
2015-03-08,43.604395604395606
2015-03-09,65.4065934065934
2015-03-10,61.253793825222395
2015-03-11,58.13919413919414
2015-03-12,75.78859236002093
2015-03-13,88.24699110413395
2015-03-14,40.48979591836735
2015-03-15,44.642595499738356
2015-03-16,86.17059131344845
2015-03-17,103.81998953427525
2015-03-18,97.59079016221874
2015-03-19,70.59759288330717
2015-03-20,66.44479330193616
2015-03-21,40.48979591836735
2015-03-22,35.298796441653586
2015-03-23,57.10099424385139
2015-03-24,82.01779173207744
2015-03-25,69.55939298796442
2015-03-26,63.3301936159079
2015-03-27,70.59759288330717
2015-03-28,41.5279958137101
2015-03-29,38.41339612768184
2015-03-30,68.52119309262166
2015-03-31,48.79539508110937
2015-04-01,59.67213114754098
2015-04-02,54.42622950819672
2015-04-03,55.73770491803278
2015-04-04,28.85245901639344
2015-04-05,31.475409836065573
2015-04-06,65.57377049180327
2015-04-07,65.57377049180327
2015-04-08,64.91803278688523
2015-04-09,48.52459016393442
2015-04-10,53.77049180327869
2015-04-11,36.0655737704918
2015-04-12,36.0655737704918
2015-04-13,47.86885245901639
2015-04-14,50.49180327868852
2015-04-15,64.26229508196721
2015-04-16,57.70491803278688
2015-04-17,43.93442622950819
2015-04-18,34.75409836065573
2015-04-19,34.0983606557377
2015-04-20,51.803278688524586
2015-04-21,58.36065573770492
2015-04-22,47.86885245901639
2015-04-23,56.393442622950815
2015-04-24,40.65573770491803
2015-04-25,21.63934426229508
2015-04-26,30.819672131147538
2015-04-27,57.70491803278688
2015-04-28,42.62295081967213
2015-04-29,40.0
2015-04-30,58.36065573770492
2015-05-01,41.82075471698113
2015-05-02,31.365566037735846
2015-05-03,48.25471698113207
2015-05-04,54.68867924528302
2015-05-05,55.492924528301884
2015-05-06,57.10141509433962
2015-05-07,57.10141509433962
2015-05-08,45.84198113207547
2015-05-09,22.5188679245283
2015-05-10,28.952830188679243
2015-05-11,50.66745283018868
2015-05-12,52.27594339622641
2015-05-13,31.365566037735846
2015-05-14,41.82075471698113
2015-05-15,42.625
2015-05-16,32.16981132075472
2015-05-17,30.56132075471698
2015-05-18,49.05896226415094
2015-05-19,44.23349056603773
2015-05-20,72.38207547169812
2015-05-21,80.4245283018868
2015-05-22,43.429245283018865
2015-05-23,35.386792452830186
2015-05-24,38.60377358490566
2015-05-25,27.34433962264151
2015-05-26,45.0377358490566
2015-05-27,44.23349056603773
2015-05-28,51.471698113207545
2015-05-29,61.92688679245283
2015-05-30,20.910377358490564
2015-05-31,24.931603773584904
2015-06-01,34.57627118644068
2015-06-02,30.90909090909091
2015-06-03,46.62557781201849
2015-06-04,40.86286594761171
2015-06-05,30.385208012326657
2015-06-06,16.240369799691834
2015-06-07,25.670261941448384
2015-06-08,40.86286594761171
2015-06-09,29.861325115562405
2015-06-10,28.8135593220339
2015-06-11,50.81664098613251
2015-06-12,23.57473035439137
2015-06-13,27.241910631741142
2015-06-14,35.100154083204934
2015-06-15,38.24345146379045
2015-06-16,46.62557781201849
2015-06-17,38.7673343605547
2015-06-18,39.291217257318955
2015-06-19,40.86286594761171
2015-06-20,15.716486902927581
2015-06-21,32.48073959938367
2015-06-22,52.38828967642527
2015-06-23,27.241910631741142
2015-06-24,29.337442218798152
2015-06-25,41.910631741140215
2015-06-26,30.385208012326657
2015-06-27,19.38366718027735
2015-06-28,23.57473035439137
2015-06-29,40.33898305084746
2015-06-30,41.910631741140215
2015-07-01,43.22407045009785
2015-07-02,50.048923679060664
2015-07-03,32.60763209393346
2015-07-04,28.816046966731896
2015-07-05,29.57436399217221
2015-07-06,54.59882583170254
2015-07-07,72.79843444227006
2015-07-08,53.082191780821915
2015-07-09,47.01565557729941
2015-07-10,51.56555772994129
2015-07-11,32.60763209393346
2015-07-12,28.816046966731896
2015-07-13,49.29060665362035
2015-07-14,63.6986301369863
2015-07-15,52.3238747553816
2015-07-16,58.390410958904106
2015-07-17,51.56555772994129
2015-07-18,43.22407045009785
2015-07-19,36.39921722113503
2015-07-20,56.11545988258317
2015-07-21,49.29060665362035
2015-07-22,62.94031311154599
2015-07-23,69.0068493150685
2015-07-24,69.0068493150685
2015-07-25,42.465753424657535
2015-07-26,26.541095890410958
2015-07-27,46.2573385518591
2015-07-28,52.3238747553816
2015-07-29,75.83170254403132
2015-07-30,56.11545988258317
2015-07-31,64.45694716242662
2015-08-01,33.80854700854701
2015-08-02,26.813675213675214
2015-08-03,65.2854700854701
2015-08-04,73.44615384615385
2015-08-05,75.77777777777779
2015-08-06,54.7931623931624
2015-08-07,57.12478632478633
2015-08-08,26.813675213675214
2015-08-09,38.47179487179488
2015-08-10,48.96410256410257
2015-08-11,80.44102564102565
2015-08-12,72.28034188034188
2015-08-13,86.27008547008548
2015-08-14,65.2854700854701
2015-08-15,39.63760683760684
2015-08-16,36.14017094017094
2015-08-17,54.7931623931624
2015-08-18,82.77264957264958
2015-08-19,81.60683760683762
2015-08-20,90.93333333333334
2015-08-21,99.0940170940171
2015-08-22,41.96923076923077
2015-08-23,48.96410256410257
2015-08-24,116.5811965811966
2015-08-25,101.42564102564103
2015-08-26,86.27008547008548
2015-08-27,93.26495726495727
2015-08-28,86.27008547008548
2015-08-29,57.12478632478633
2015-08-30,32.64273504273505
2015-08-31,90.93333333333334
2015-09-01,93.63957597173145
2015-09-02,87.08480565371025
2015-09-03,81.46643109540636
2015-09-04,54.31095406360424
2015-09-05,29.02826855123675
2015-09-06,38.3922261484099
2015-09-07,52.438162544169614
2015-09-08,54.31095406360424
2015-09-09,68.35689045936395
2015-09-10,59.92932862190813
2015-09-11,72.10247349823321
2015-09-12,34.64664310954063
2015-09-13,33.71024734982332
2015-09-14,58.0565371024735
2015-09-15,52.438162544169614
2015-09-16,56.18374558303887
2015-09-17,46.81978798586572
2015-09-18,58.0565371024735
2015-09-19,49.628975265017665
2015-09-20,17.791519434628974
2015-09-21,55.24734982332156
2015-09-22,72.10247349823321
2015-09-23,51.50176678445229
2015-09-24,43.07420494699647
2015-09-25,49.628975265017665
2015-09-26,18.727915194346288
2015-09-27,21.537102473498233
2015-09-28,57.120141342756185
2015-09-29,56.18374558303887
2015-09-30,66.48409893992932
2015-10-01,50.76171079429736
2015-10-02,65.91446028513239
2015-10-03,45.45824847250509
2015-10-04,32.57841140529532
2015-10-05,50.76171079429736
2015-10-06,74.24847250509166
2015-10-07,75.76374745417516
2015-10-08,60.610997963340125
2015-10-09,67.42973523421588
2015-10-10,38.63951120162933
2015-10-11,40.15478615071283
2015-10-12,46.21588594704684
2015-10-13,43.94297352342159
2015-10-14,40.15478615071283
2015-10-15,55.307535641547865
2015-10-16,62.88391038696538
2015-10-17,26.517311608961304
2015-10-18,37.12423625254583
2015-10-19,46.973523421588595
2015-10-20,48.4887983706721
2015-10-21,52.276985743380855
2015-10-22,42.42769857433809
2015-10-23,41.670061099796335
2015-10-24,27.274949083503056
2015-10-25,30.305498981670063
2015-10-26,61.36863543788188
2015-10-27,40.91242362525458
2015-10-28,55.307535641547865
2015-10-29,44.700610997963345
2015-10-30,50.76171079429736
2015-10-31,31.063136456211815
2015-11-01,32.978170478170476
2015-11-02,43.238045738045734
2015-11-03,56.42931392931392
2015-11-04,54.96361746361745
2015-11-05,59.360706860706856
2015-11-06,44.703742203742195
2015-11-07,27.848232848232843
2015-11-08,22.718295218295214
2015-11-09,49.1008316008316
2015-11-10,55.69646569646569
2015-11-11,63.75779625779625
2015-11-12,60.826403326403316
2015-11-13,68.88773388773387
2015-11-14,40.3066528066528
2015-11-15,36.64241164241164
2015-11-16,73.28482328482328
2015-11-17,51.29937629937629
2015-11-18,54.96361746361745
2015-11-19,52.76507276507276
2015-11-20,57.89501039501039
2015-11-21,24.916839916839912
2015-11-22,30.779625779625775
2015-11-23,69.62058212058211
2015-11-24,58.62785862785862
2015-11-25,45.43659043659043
2015-11-26,38.108108108108105
2015-11-27,26.38253638253638
2015-11-28,24.18399168399168
2015-11-29,30.779625779625775
2015-11-30,53.49792099792099
2015-12-01,50.64594894561598
2015-12-02,55.04994450610432
2015-12-03,49.544950055493885
2015-12-04,61.655937846836835
2015-12-05,39.63596004439511
2015-12-06,35.231964483906765
2015-12-07,80.37291897891231
2015-12-08,110.09988901220864
2015-12-09,82.57491675915648
2015-12-10,71.56492785793561
2015-12-11,79.27192008879022
2015-12-12,60.55493895671475
2015-12-13,63.85793562708101
2015-12-14,105.6958934517203
2015-12-15,72.6659267480577
2015-12-16,68.26193118756936
2015-12-17,83.67591564927856
2015-12-18,92.48390677025526
2015-12-19,56.15094339622641
2015-12-20,55.04994450610432
2015-12-21,70.46392896781353
2015-12-22,61.655937846836835
2015-12-23,63.85793562708101
2015-12-24,56.15094339622641
2015-12-25,33.029966703662595
2015-12-26,46.24195338512763
2015-12-27,31.928967813540506
2015-12-28,64.9589345172031
2015-12-29,55.04994450610432
2015-12-30,59.453940066592665
2015-12-31,67.16093229744727
2016-01-01,44.00624133148405
2016-01-02,49.746185852981974
2016-01-03,57.399445214979195
2016-01-04,82.27253814147018
2016-01-05,70.79264909847434
2016-01-06,93.75242718446601
2016-01-07,84.18585298196949
2016-01-08,84.18585298196949
2016-01-09,53.57281553398058
2016-01-10,42.092926490984745
2016-01-11,91.83911234396672
2016-01-12,132.01872399445216
2016-01-13,112.88557558945908
2016-01-14,82.27253814147018
2016-01-15,128.19209431345354
2016-01-16,74.61927877947295
2016-01-17,59.312760055478506
2016-01-18,109.05894590846047
2016-01-19,126.27877947295423
2016-01-20,191.33148404993065
2016-01-21,151.1518723994452
2016-01-22,122.45214979195562
2016-01-23,65.05270457697642
2016-01-24,42.092926490984745
2016-01-25,105.23231622746187
2016-01-26,101.40568654646324
2016-01-27,99.49237170596395
2016-01-28,99.49237170596395
2016-01-29,84.18585298196949
2016-01-30,66.96601941747574
2016-01-31,51.65950069348128
2016-02-01,97.34265734265735
2016-02-02,95.02497502497503
2016-02-03,107.77222777222778
2016-02-04,76.48351648351648
2016-02-05,106.61338661338662
2016-02-06,53.30669330669331
2016-02-07,44.035964035964035
2016-02-08,104.2957042957043
2016-02-09,81.11888111888112
2016-02-10,88.07192807192807
2016-02-11,114.72527472527473
2016-02-12,115.88411588411589
2016-02-13,61.418581418581425
2016-02-14,38.24175824175824
2016-02-15,69.53046953046953
2016-02-16,86.91308691308691
2016-02-17,92.70729270729271
2016-02-18,98.5014985014985
2016-02-19,100.81918081918083
2016-02-20,50.98901098901099
2016-02-21,44.035964035964035
2016-02-22,84.5954045954046
2016-02-23,84.5954045954046
2016-02-24,91.54845154845155
2016-02-25,84.5954045954046
2016-02-26,86.91308691308691
2016-02-27,39.400599400599404
2016-02-28,45.1948051948052
2016-02-29,75.32467532467533
2016-03-01,62.38952879581152
2016-03-02,81.50890052356021
2016-03-03,66.41465968586388
2016-03-04,78.49005235602094
2016-03-05,58.36439790575916
2016-03-06,54.33926701570681
2016-03-07,78.49005235602094
2016-03-08,100.6282722513089
2016-03-09,70.43979057591623
2016-03-10,74.46492146596859
2016-03-11,77.48376963350786
2016-03-12,41.25759162303665
2016-03-13,50.31413612565445
2016-03-14,74.46492146596859
2016-03-15,75.47120418848168
2016-03-16,57.35811518324608
2016-03-17,76.47748691099477
2016-03-18,72.4523560209424
2016-03-19,45.282722513089006
2016-03-20,39.24502617801047
2016-03-21,55.345549738219894
2016-03-22,67.42094240837696
2016-03-23,53.33298429319372
2016-03-24,61.38324607329843
2016-03-25,43.27015706806283
2016-03-26,40.25130890052356
2016-03-27,36.2261780104712
2016-03-28,46.2890052356021
2016-03-29,59.370680628272254
2016-03-30,61.38324607329843
2016-03-31,62.38952879581152
2016-04-01,63.06382978723404
2016-04-02,33.95744680851064
2016-04-03,33.95744680851064
2016-04-04,52.5531914893617
2016-04-05,70.34042553191489
2016-04-06,63.06382978723404
2016-04-07,53.36170212765957
2016-04-08,57.40425531914893
2016-04-09,37.191489361702125
2016-04-10,38.0
2016-04-11,71.14893617021276
2016-04-12,78.42553191489361
2016-04-13,69.53191489361701
2016-04-14,53.36170212765957
2016-04-15,54.170212765957444
2016-04-16,49.31914893617021
2016-04-17,50.12765957446808
2016-04-18,80.85106382978722
2016-04-19,68.72340425531914
2016-04-20,73.57446808510637
2016-04-21,74.38297872340425
2016-04-22,65.48936170212765
2016-04-23,34.76595744680851
2016-04-24,33.95744680851064
2016-04-25,67.91489361702128
2016-04-26,55.78723404255319
2016-04-27,62.25531914893617
2016-04-28,67.1063829787234
2016-04-29,63.06382978723404
2016-04-30,33.148936170212764
2016-05-01,39.604208416833664
2016-05-02,55.91182364729458
2016-05-03,68.33667334669339
2016-05-04,51.25250501002004
2016-05-05,55.13527054108216
2016-05-06,59.79458917835671
2016-05-07,34.168336673346694
2016-05-08,44.263527054108216
2016-05-09,77.65531062124248
2016-05-10,52.80561122244489
2016-05-11,66.0070140280561
2016-05-12,56.68837675350701
2016-05-13,69.88977955911822
2016-05-14,27.95591182364729
2016-05-15,37.27454909819639
2016-05-16,60.571142284569135
2016-05-17,53.58216432865731
2016-05-18,57.46492985971943
2016-05-19,62.124248496993985
2016-05-20,48.92284569138276
2016-05-21,20.190380761523045
2016-05-22,46.593186372745485
2016-05-23,59.79458917835671
2016-05-24,46.593186372745485
2016-05-25,52.02905811623246
2016-05-26,48.92284569138276
2016-05-27,40.38076152304609
2016-05-28,35.72144288577154
2016-05-29,31.838677354709418
2016-05-30,38.051102204408814
2016-05-31,50.47595190380761
2016-06-01,57.3193359375
2016-06-02,45.9814453125
2016-06-03,59.208984375
2016-06-04,28.3447265625
2016-06-05,27.0849609375
2016-06-06,46.611328125
2016-06-07,47.87109375
2016-06-08,51.650390625
2016-06-09,45.9814453125
2016-06-10,54.7998046875
2016-06-11,32.75390625
2016-06-12,30.234375
2016-06-13,36.533203125
2016-06-14,35.2734375
2016-06-15,41.572265625
2016-06-16,54.7998046875
2016-06-17,45.9814453125
2016-06-18,21.416015625
2016-06-19,27.0849609375
2016-06-20,39.052734375
2016-06-21,31.494140625
2016-06-22,57.3193359375
2016-06-23,44.091796875
2016-06-24,62.98828125
2016-06-25,29.6044921875
2016-06-26,49.7607421875
2016-06-27,39.052734375
2016-06-28,51.0205078125
2016-06-29,49.130859375
2016-06-30,45.9814453125
2016-07-01,41.56187467087941
2016-07-02,26.67403896787783
2016-07-03,27.914691943127963
2016-07-04,39.08056872037915
2016-07-05,40.94154818325434
2016-07-06,55.829383886255926
2016-07-07,61.41232227488152
2016-07-08,38.460242232754084
2016-07-09,29.155344918378095
2016-07-10,24.813059505002634
2016-07-11,48.38546603475513
2016-07-12,41.56187467087941
2016-07-13,62.03264876250658
2016-07-14,44.66350710900474
2016-07-15,35.35860979462875
2016-07-16,22.33175355450237
2016-07-17,27.914691943127963
2016-07-18,35.97893628225382
2016-07-19,32.87730384412849
2016-07-20,43.422854133754605
2016-07-21,50.8667719852554
2016-07-22,34.11795681937862
2016-07-23,26.053712480252763
2016-07-24,31.636650868878355
2016-07-25,37.21958925750395
2016-07-26,38.460242232754084
2016-07-27,43.422854133754605
2016-07-28,39.70089520800421
2016-07-29,41.56187467087941
2016-07-30,34.11795681937862
2016-07-31,20.47077409162717
2016-08-01,52.933826931975936
2016-08-02,44.69967607589079
2016-08-03,49.993058769088385
2016-08-04,44.69967607589079
2016-08-05,36.46552521980565
2016-08-06,36.46552521980565
2016-08-07,28.231374363720498
2016-08-08,58.81536325775104
2016-08-09,46.464136973623326
2016-08-10,42.34706154558075
2016-08-11,35.289217954650624
2016-08-12,45.87598334104581
2016-08-13,26.466913465987968
2016-08-14,34.11291068949561
2016-08-15,44.69967607589079
2016-08-16,39.4062933826932
2016-08-17,41.75890791300324
2016-08-18,49.993058769088385
2016-08-19,32.93660342434058
2016-08-20,30.58398889403054
2016-08-21,43.52336881073577
2016-08-22,52.933826931975936
2016-08-23,39.99444701527071
2016-08-24,49.40490513651088
2016-08-25,46.464136973623326
2016-08-26,40.58260064784822
2016-08-27,29.40768162887552
2016-08-28,24.114298935677926
2016-08-29,41.170754280425726
2016-08-30,38.818139750115684
2016-08-31,42.34706154558075
2016-09-01,54.48242657679345
2016-09-02,59.79778526721232
2016-09-03,29.89889263360616
2016-09-04,35.214251324025035
2016-09-05,46.50938854116514
2016-09-06,66.44198363023591
2016-09-07,52.48916706788637
2016-09-08,49.167067886374575
2016-09-09,51.82474723158401
2016-09-10,33.88541165142031
2016-09-11,33.220991815117955
2016-09-12,41.858449687048626
2016-09-13,44.516129032258064
2016-09-14,37.20751083293211
2016-09-15,32.5565719788156
2016-09-16,50.49590755897929
2016-09-17,43.18728935965334
2016-09-18,27.905633124699083
2016-09-19,56.475686085700524
2016-09-20,45.18054886856042
2016-09-21,49.83148772267693
2016-09-22,51.82474723158401
2016-09-23,47.173808377467495
2016-09-24,31.22773230621088
2016-09-25,21.92585459797785
2016-09-26,63.119884448724115
2016-09-27,55.811266249398166
2016-09-28,61.12662493981704
2016-09-29,57.14010592200288
2016-09-30,48.50264805007222
2016-10-01,33.583333333333336
2016-10-02,43.270833333333336
2016-10-03,43.91666666666667
2016-10-04,43.91666666666667
2016-10-05,54.895833333333336
2016-10-06,43.270833333333336
2016-10-07,52.958333333333336
2016-10-08,33.583333333333336
2016-10-09,25.833333333333336
2016-10-10,58.125
2016-10-11,54.895833333333336
2016-10-12,49.72916666666667
2016-10-13,60.708333333333336
2016-10-14,50.375
2016-10-15,34.875
2016-10-16,26.479166666666668
2016-10-17,46.5
2016-10-18,45.208333333333336
2016-10-19,59.41666666666667
2016-10-20,42.625
2016-10-21,47.79166666666667
2016-10-22,37.458333333333336
2016-10-23,34.875
2016-10-24,48.4375
2016-10-25,47.79166666666667
2016-10-26,64.58333333333334
2016-10-27,40.6875
2016-10-28,52.3125
2016-10-29,34.875
2016-10-30,30.354166666666668
2016-10-31,51.66666666666667
2016-11-01,54.94426229508197
2016-11-02,54.94426229508197
2016-11-03,44.34098360655738
2016-11-04,58.8
2016-11-05,43.377049180327866
2016-11-06,26.02622950819672
2016-11-07,54.94426229508197
2016-11-08,45.30491803278689
2016-11-09,34.7016393442623
2016-11-10,42.41311475409836
2016-11-11,51.088524590163935
2016-11-12,35.665573770491804
2016-11-13,27.95409836065574
2016-11-14,53.01639344262295
2016-11-15,63.61967213114754
2016-11-16,64.58360655737705
2016-11-17,53.980327868852456
2016-11-18,53.01639344262295
2016-11-19,34.7016393442623
2016-11-20,39.52131147540984
2016-11-21,64.58360655737705
2016-11-22,61.691803278688525
2016-11-23,39.52131147540984
2016-11-24,21.20655737704918
2016-11-25,49.16065573770492
2016-11-26,45.30491803278689
2016-11-27,35.665573770491804
2016-11-28,56.87213114754098
2016-11-29,62.65573770491803
2016-11-30,96.39344262295081
2016-12-01,92.98021697511169
2016-12-02,52.99872367581366
2016-12-03,33.47287811104021
2016-12-04,48.34971282705808
2016-12-05,64.15634971282707
2016-12-06,57.647734524569245
2016-12-07,54.85832801531589
2016-12-08,50.20931716656031
2016-12-09,50.20931716656031
2016-12-10,36.262284620293556
2016-12-11,49.27951499680919
2016-12-12,41.84109763880026
2016-12-13,69.73516273133376
2016-12-14,50.20931716656031
2016-12-15,55.78813018506701
2016-12-16,42.77089980855138
2016-12-17,35.33248245054244
2016-12-18,32.54307594128909
2016-12-19,41.84109763880026
2016-12-20,52.99872367581366
2016-12-21,43.70070197830249
2016-12-22,50.20931716656031
2016-12-23,38.12188895979579
2016-12-24,30.683471601786856
2016-12-25,20.45564773452457
2016-12-26,49.27951499680919
2016-12-27,60.4371410338226
2016-12-28,47.41991065730696
2016-12-29,43.70070197830249
2016-12-30,36.262284620293556
2016-12-31,23.245054243777922
2017-01-01,29.6932387312187
2017-01-02,40.75542570951586
2017-01-03,57.639816360601
2017-01-04,51.817612687813025
2017-01-05,43.66652754590985
2017-01-06,55.31093489148581
2017-01-07,43.66652754590985
2017-01-08,26.19991652754591
2017-01-09,48.324290484140235
2017-01-10,52.98205342237062
2017-01-11,54.728714524207014
2017-01-12,47.742070116861434
2017-01-13,48.90651085141903
2017-01-14,43.08430717863105
2017-01-15,17.466611018363942
2017-01-16,58.2220367278798
2017-01-17,57.639816360601
2017-01-18,43.66652754590985
2017-01-19,41.919866444073456
2017-01-20,38.426544240400666
2017-01-21,33.18656093489149
2017-01-22,26.78213689482471
2017-01-23,57.639816360601
2017-01-24,45.413188647746246
2017-01-25,55.31093489148581
2017-01-26,43.08430717863105
2017-01-27,50.07095158597663
2017-01-28,39.00876460767947
2017-01-29,37.84432387312187
2017-01-30,53.56427378964942
2017-01-31,51.235392320534224
2017-02-01,45.84186046511627
2017-02-02,52.845478036175706
2017-02-03,47.11524547803617
2017-02-04,27.377777777777773
2017-02-05,40.111627906976736
2017-02-06,55.3922480620155
2017-02-07,54.1188630490956
2017-02-08,63.66925064599482
2017-02-09,52.208785529715755
2017-02-10,35.01808785529715
2017-02-11,36.928165374677
2017-02-12,29.924547803617568
2017-02-13,49.02532299741601
2017-02-14,38.83824289405684
2017-02-15,41.38501291989664
2017-02-16,47.11524547803617
2017-02-17,41.38501291989664
2017-02-18,38.201550387596896
2017-02-19,34.3813953488372
2017-02-20,54.1188630490956
2017-02-21,61.12248062015503
2017-02-22,38.83824289405684
2017-02-23,46.47855297157622
2017-02-24,36.928165374677
2017-02-25,35.654780361757105
2017-02-26,30.561240310077515
2017-02-27,42.02170542635658
2017-02-28,55.3922480620155
2017-03-01,50.774831243973
2017-03-02,46.91851494696239
2017-03-03,37.920443587270974
2017-03-04,32.13596914175506
2017-03-05,31.49324975891996
2017-03-06,39.205882352941174
2017-03-07,43.06219864995178
2017-03-08,63.62921890067502
2017-03-09,64.27193828351012
2017-03-10,59.77290260366441
2017-03-11,34.064127290260366
2017-03-12,41.77675988428158
2017-03-13,46.91851494696239
2017-03-14,41.77675988428158
2017-03-15,55.916586306653805
2017-03-16,46.91851494696239
2017-03-17,25.066055930568947
2017-03-18,30.85053037608486
2017-03-19,26.35149469623915
2017-03-20,43.704918032786885
2017-03-21,54.631147540983605
2017-03-22,55.916586306653805
2017-03-23,42.41947926711668
2017-03-24,46.275795564127286
2017-03-25,25.066055930568947
2017-03-26,27.63693346190935
2017-03-27,48.20395371263259
2017-03-28,43.06219864995178
2017-03-29,48.20395371263259
2017-03-30,38.56316297010607
2017-03-31,40.491321118611374
2017-04-01,34.40860215053764
2017-04-02,26.420890937019973
2017-04-03,48.54070660522274
2017-04-04,45.46850998463902
2017-04-05,56.5284178187404
2017-04-06,38.095238095238095
2017-04-07,50.384024577572966
2017-04-08,37.48079877112136
2017-04-09,41.78187403993856
2017-04-10,33.794162826420894
2017-04-11,49.15514592933948
2017-04-12,38.095238095238095
2017-04-13,44.23963133640553
2017-04-14,31.336405529953918
2017-04-15,28.2642089093702
2017-04-16,27.035330261136714
2017-04-17,44.854070660522275
2017-04-18,34.40860215053764
2017-04-19,51.612903225806456
2017-04-20,43.01075268817205
2017-04-21,40.552995391705075
2017-04-22,31.336405529953918
2017-04-23,26.420890937019973
2017-04-24,46.69738863287251
2017-04-25,43.62519201228879
2017-04-26,50.384024577572966
2017-04-27,61.44393241167435
2017-04-28,44.23963133640553
2017-04-29,23.963133640552996
2017-04-30,26.420890937019973
2017-05-01,51.853961677887106
2017-05-02,43.92335577421026
2017-05-03,52.46400828586225
2017-05-04,61.00466079751424
2017-05-05,56.73433454168825
2017-05-06,39.65302951838426
2017-05-07,39.042982910409116
2017-05-08,53.684101501812535
2017-05-09,52.46400828586225
2017-05-10,38.43293630243397
2017-05-11,39.65302951838426
2017-05-12,39.65302951838426
2017-05-13,29.892283790781978
2017-05-14,16.471258415328844
2017-05-15,37.82288969445883
2017-05-16,42.09321595028483
2017-05-17,53.07405489383739
2017-05-18,28.672190574831696
2017-05-19,26.232004142931125
2017-05-20,29.892283790781978
2017-05-21,35.9927498705334
2017-05-22,28.672190574831696
2017-05-23,42.09321595028483
2017-05-24,24.401864319005696
2017-05-25,55.51424132573796
2017-05-26,31.112377006732263
2017-05-27,25.621957534955982
2017-05-28,29.892283790781978
2017-05-29,20.1315380631797
2017-05-30,17.081305023303987
2017-05-31,34.772656654583116
2017-06-01,39.82014388489208
2017-06-02,39.82014388489208
2017-06-03,25.071942446043163
2017-06-04,33.92086330935252
2017-06-05,44.24460431654676
2017-06-06,44.24460431654676
2017-06-07,47.194244604316545
2017-06-08,53.093525179856115
2017-06-09,35.39568345323741
2017-06-10,18.43525179856115
2017-06-11,24.334532374100718
2017-06-12,53.093525179856115
2017-06-13,24.334532374100718
2017-06-14,52.356115107913666
2017-06-15,32.44604316546762
2017-06-16,36.8705035971223
2017-06-17,31.70863309352518
2017-06-18,28.02158273381295
2017-06-19,52.356115107913666
2017-06-20,57.51798561151079
2017-06-21,73.7410071942446
2017-06-22,47.194244604316545
2017-06-23,47.194244604316545
2017-06-24,44.24460431654676
2017-06-25,40.55755395683453
2017-06-26,47.931654676258994
2017-06-27,35.39568345323741
2017-06-28,46.456834532374096
2017-06-29,39.82014388489208
2017-06-30,33.18345323741007
2017-07-01,25.458100558659215
2017-07-02,29.0949720670391
2017-07-03,33.25139664804469
2017-07-04,27.01675977653631
2017-07-05,46.240223463687144
2017-07-06,35.32960893854748
2017-07-07,49.35754189944134
2017-07-08,43.642458100558656
2017-07-09,32.73184357541899
2017-07-10,50.39664804469273
2017-07-11,40.005586592178766
2017-07-12,30.1340782122905
2017-07-13,48.83798882681564
2017-07-14,41.04469273743016
2017-07-15,18.70391061452514
2017-07-16,39.48603351955307
2017-07-17,28.055865921787706
2017-07-18,47.279329608938546
2017-07-19,35.84916201117318
2017-07-20,33.77094972067039
2017-07-21,43.12290502793296
2017-07-22,19.743016759776534
2017-07-23,31.173184357541896
2017-07-24,27.01675977653631
2017-07-25,32.212290502793294
2017-07-26,51.955307262569825
2017-07-27,30.653631284916198
2017-07-28,33.77094972067039
2017-07-29,38.96648044692737
2017-07-30,33.25139664804469
2017-07-31,38.44692737430167
2017-08-01,47.57271815446338
2017-08-02,41.975927783350045
2017-08-03,48.13239719157472
2017-08-04,27.983951855566698
2017-08-05,19.029087261785353
2017-08-06,29.6629889669007
2017-08-07,41.41624874623871
2017-08-08,46.453360080240714
2017-08-09,52.60982948846539
2017-08-10,36.93881644934804
2017-08-11,32.46138415245737
2017-08-12,17.350050150451352
2017-08-13,20.14844533600802
2017-08-14,44.774322968906716
2017-08-15,40.29689067201604
2017-08-16,30.222668004012032
2017-08-17,44.774322968906716
2017-08-18,45.893681043129384
2017-08-19,35.259779338014035
2017-08-20,24.06619859578736
2017-08-21,26.864593781344027
2017-08-22,31.3420260782347
2017-08-23,25.74523570712136
2017-08-24,37.498495486459376
2017-08-25,26.304914744232693
2017-08-26,31.901705115346033
2017-08-27,22.387161484453358
2017-08-28,41.975927783350045
2017-08-29,45.893681043129384
2017-08-30,43.09528585757271
2017-08-31,55.967903711133395
2017-09-01,32.47191011235955
2017-09-02,34.859550561797754
2017-09-03,47.2752808988764
2017-09-04,26.264044943820224
2017-09-05,33.90449438202247
2017-09-06,32.949438202247194
2017-09-07,42.5
2017-09-08,47.752808988764045
2017-09-09,30.084269662921347
2017-09-10,20.0561797752809
2017-09-11,24.831460674157302
2017-09-12,40.58988764044944
2017-09-13,37.247191011235955
2017-09-14,29.129213483146067
2017-09-15,39.63483146067416
2017-09-16,30.084269662921347
2017-09-17,26.264044943820224
2017-09-18,30.56179775280899
2017-09-19,27.696629213483146
2017-09-20,33.42696629213483
2017-09-21,27.696629213483146
2017-09-22,36.76966292134831
2017-09-23,25.786516853932586
2017-09-24,31.99438202247191
2017-09-25,45.36516853932584
2017-09-26,42.5
2017-09-27,31.99438202247191
2017-09-28,38.67977528089887
2017-09-29,38.67977528089887
2017-09-30,32.949438202247194
2017-10-01,35.90787119856888
2017-10-02,38.33407871198569
2017-10-03,28.144007155635066
2017-10-04,27.6587656529517
2017-10-05,30.084973166368517
2017-10-06,42.70125223613596
2017-10-07,32.02593917710197
2017-10-08,26.688282647584977
2017-10-09,39.30456171735242
2017-10-10,47.55366726296959
2017-10-11,36.39311270125224
2017-10-12,30.570214669051882
2017-10-13,30.570214669051882
2017-10-14,27.17352415026834
2017-10-15,29.11449016100179
2017-10-16,36.8783542039356
2017-10-17,37.84883720930233
2017-10-18,37.363595706618966
2017-10-19,44.15697674418605
2017-10-20,36.39311270125224
2017-10-21,30.570214669051882
2017-10-22,31.540697674418606
2017-10-23,35.90787119856888
2017-10-24,31.055456171735244
2017-10-25,41.24552772808587
2017-10-26,34.93738819320215
2017-10-27,38.33407871198569
2017-10-28,26.688282647584977
2017-10-29,29.599731663685155
2017-10-30,48.52415026833632
2017-10-31,41.73076923076923
2017-11-01,40.479548660084625
2017-11-02,41.636107193229904
2017-11-03,49.15373765867419
2017-11-04,38.16643159379407
2017-11-05,32.3836389280677
2017-11-06,42.792665726375176
2017-11-07,52.04513399153738
2017-11-08,54.35825105782793
2017-11-09,43.94922425952045
2017-11-10,43.37094499294781
2017-11-11,36.431593794076164
2017-11-12,36.431593794076164
2017-11-13,57.82792665726375
2017-11-14,37.0098730606488
2017-11-15,54.936530324400564
2017-11-16,55.5148095909732
2017-11-17,43.37094499294781
2017-11-18,37.58815232722144
2017-11-19,26.02256699576869
2017-11-20,50.31029619181946
2017-11-21,47.41889985895627
2017-11-22,37.58815232722144
2017-11-23,26.02256699576869
2017-11-24,35.275035260930885
2017-11-25,23.1311706629055
2017-11-26,31.227080394922424
2017-11-27,34.69675599435825
2017-11-28,42.21438645980254
2017-11-29,44.527503526093085
2017-11-30,34.11847672778561
2017-12-01,53.92059785147128
2017-12-02,27.510509107893512
2017-12-03,25.8598785614199
2017-12-04,31.91219056515647
2017-12-05,45.66744511910323
2017-12-06,36.31387202241943
2017-12-07,32.46240074731434
2017-12-08,46.767865483418966
2017-12-09,14.305464736104625
2017-12-10,24.75945819710416
2017-12-11,41.81597384399814
2017-12-12,40.7155534796824
2017-12-13,35.21345165810369
2017-12-14,35.21345165810369
2017-12-15,36.31387202241943
2017-12-16,19.257356375525458
2017-12-17,36.31387202241943
2017-12-18,44.01681457262961
2017-12-19,39.61513311536665
2017-12-20,38.514712751050915
2017-12-21,46.2176553012611
2017-12-22,40.16534329752452
2017-12-23,42.916394208313875
2017-12-24,28.61092947220925
2017-12-25,31.91219056515647
2017-12-26,53.37038766931341
2017-12-27,41.26576366184027
2017-12-28,50.61933675852406
2017-12-29,55.021018215787024
2017-12-30,51.7197571228398
2017-12-31,29.71134983652499
2018-01-01,46.18761996161229
2018-01-02,66.93857965451056
2018-01-03,61.58349328214972
2018-01-04,58.236564299424195
2018-01-05,46.8570057581574
2018-01-06,54.22024952015356
2018-01-07,40.83253358925145
2018-01-08,55.55902111324377
2018-01-09,52.21209213051824
2018-01-10,49.53454894433782
2018-01-11,45.518234165067184
2018-01-12,49.53454894433782
2018-01-13,25.436660268714014
2018-01-14,27.444817658349333
2018-01-15,52.21209213051824
2018-01-16,50.20393474088292
2018-01-17,40.16314779270634
2018-01-18,40.83253358925145
2018-01-19,46.8570057581574
2018-01-20,30.122360844529755
2018-01-21,25.436660268714014
2018-01-22,41.50191938579655
2018-01-23,47.5263915547025
2018-01-24,34.808061420345496
2018-01-25,46.18761996161229
2018-01-26,42.171305182341655
2018-01-27,38.154990403071025
2018-01-28,32.13051823416507
2018-01-29,45.518234165067184
2018-01-30,42.171305182341655
2018-01-31,58.905950095969295
2018-02-01,35.25815072153929
2018-02-02,36.96419027258151
2018-02-03,36.3955104222341
2018-02-04,34.12079102084447
2018-02-05,31.84607161945484
2018-02-06,42.08230892570818
2018-02-07,40.94494922501337
2018-02-08,44.357028327097815
2018-02-09,56.867985034740784
2018-02-10,36.96419027258151
2018-02-11,31.27739176910743
2018-02-12,45.49438802779263
2018-02-13,53.45590593265634
2018-02-14,39.80758952431855
2018-02-15,39.80758952431855
2018-02-16,42.65098877605559
2018-02-17,25.590593265633355
2018-02-18,27.296632816675576
2018-02-19,35.25815072153929
2018-02-20,46.06306787814004
2018-02-21,31.27739176910743
2018-02-22,46.63174772848745
2018-02-23,39.23890967397114
2018-02-24,27.865312667022984
2018-02-25,26.159273115980763
2018-02-26,31.27739176910743
2018-02-27,42.08230892570818
2018-02-28,36.96419027258151
2018-03-01,37.30508474576271
2018-03-02,26.796610169491526
2018-03-03,31.000000000000004
2018-03-04,33.6271186440678
2018-03-05,42.03389830508475
2018-03-06,46.237288135593225
2018-03-07,39.93220338983051
2018-03-08,33.10169491525424
2018-03-09,38.355932203389834
2018-03-10,29.949152542372882
2018-03-11,27.322033898305087
2018-03-12,45.186440677966104
2018-03-13,26.27118644067797
2018-03-14,43.610169491525426
2018-03-15,39.93220338983051
2018-03-16,32.57627118644068
2018-03-17,29.949152542372882
2018-03-18,35.20338983050848
2018-03-19,52.54237288135594
2018-03-20,29.949152542372882
2018-03-21,43.08474576271187
2018-03-22,40.98305084745763
2018-03-23,32.57627118644068
2018-03-24,26.27118644067797
2018-03-25,28.372881355932204
2018-03-26,46.76271186440678
2018-03-27,40.98305084745763
2018-03-28,34.67796610169492
2018-03-29,37.30508474576271
2018-03-30,35.20338983050848
2018-03-31,28.898305084745765
2018-04-01,34.250639386189256
2018-04-02,32.04092071611253
2018-04-03,39.22250639386189
2018-04-04,34.250639386189256
2018-04-05,29.27877237851662
2018-04-06,29.831202046035802
2018-04-07,24.30690537084399
2018-04-08,27.069053708439895
2018-04-09,33.14578005115089
2018-04-10,39.77493606138107
2018-04-11,44.19437340153452
2018-04-12,45.85166240409207
2018-04-13,44.746803069053705
2018-04-14,33.14578005115089
2018-04-15,28.72634271099744
2018-04-16,37.565217391304344
2018-04-17,36.46035805626598
2018-04-18,34.803069053708434
2018-04-19,41.984654731457795
2018-04-20,55.24296675191815
2018-04-21,29.27877237851662
2018-04-22,23.202046035805626
2018-04-23,37.565217391304344
2018-04-24,53.03324808184143
2018-04-25,30.93606138107417
2018-04-26,32.59335038363171
2018-04-27,32.59335038363171
2018-04-28,37.012787723785166
2018-04-29,35.35549872122762
2018-04-30,42.53708439897698
2018-05-01,37.92354124748491
2018-05-02,39.10865191146882
2018-05-03,29.035211267605636
2018-05-04,30.220321931589538
2018-05-05,21.924547283702214
2018-05-06,23.10965794768612
2018-05-07,38.516096579476866
2018-05-08,59.25553319919518
2018-05-09,56.29275653923542
2018-05-10,44.44164989939638
2018-05-11,36.14587525150906
2018-05-12,32.59054325955735
2018-05-13,31.997987927565394
2018-05-14,36.14587525150906
2018-05-15,27.25754527162978
2018-05-16,36.73843058350101
2018-05-17,47.40442655935614
2018-05-18,31.405432595573444
2018-05-19,26.072434607645878
2018-05-20,20.73943661971831
2018-05-21,47.40442655935614
2018-05-22,50.3672032193159
2018-05-23,47.99698189134809
2018-05-24,51.5523138832998
2018-05-25,49.77464788732395
2018-05-26,36.73843058350101
2018-05-27,28.442655935613686
2018-05-28,33.77565392354125
2018-05-29,47.40442655935614
2018-05-30,40.88631790744467
2018-05-31,37.33098591549296
2018-06-01,36.1614730878187
2018-06-02,30.39660056657224
2018-06-03,24.107648725212467
2018-06-04,38.257790368271955
2018-06-05,35.63739376770538
2018-06-06,37.73371104815864
2018-06-07,33.01699716713881
2018-06-08,40.35410764872522
2018-06-09,36.1614730878187
2018-06-10,25.155807365439095
2018-06-11,34.58923512747876
2018-06-12,36.1614730878187
2018-06-13,34.06515580736544
2018-06-14,52.40793201133145
2018-06-15,25.155807365439095
2018-06-16,19.91501416430595
2018-06-17,31.968838526912183
2018-06-18,30.920679886685555
2018-06-19,46.64305949008499
2018-06-20,46.64305949008499
2018-06-21,41.40226628895184
2018-06-22,49.26345609065156
2018-06-23,34.58923512747876
2018-06-24,26.72804532577904
2018-06-25,37.73371104815864
2018-06-26,48.215297450424934
2018-06-27,41.92634560906516
2018-06-28,48.215297450424934
2018-06-29,47.69121813031162
2018-06-30,38.78186968838527
2018-07-01,36.420406435224386
2018-07-02,35.44919559695174
2018-07-03,42.24767146486029
2018-07-04,24.280270956816256
2018-07-05,46.13251481795089
2018-07-06,42.733276883996616
2018-07-07,28.650719729043185
2018-07-08,28.650719729043185
2018-07-09,37.39161727349704
2018-07-10,43.218882303132936
2018-07-11,41.76206604572396
2018-07-12,38.36282811176969
2018-07-13,30.593141405588486
2018-07-14,37.87722269263336
2018-07-15,30.593141405588486
2018-07-16,40.790855207451315
2018-07-17,44.67569856054192
2018-07-18,47.10372565622354
2018-07-19,37.39161727349704
2018-07-20,48.56054191363251
2018-07-21,27.679508890770535
2018-07-22,34.477984758679085
2018-07-23,38.36282811176969
2018-07-24,43.218882303132936
2018-07-25,43.70448772226926
2018-07-26,27.679508890770535
2018-07-27,23.794665537679933
2018-07-28,28.16511430990686
2018-07-29,28.650719729043185
2018-07-30,39.81964436917866
2018-07-31,48.56054191363251
2018-08-01,29.77923627684964
2018-08-02,42.07935560859188
2018-08-03,34.31085918854415
2018-08-04,27.83711217183771
2018-08-05,38.84248210023866
2018-08-06,34.31085918854415
2018-08-07,40.7846062052506
2018-08-08,24.600238663484486
2018-08-09,33.66348448687351
2018-08-10,32.368735083532215
2018-08-11,20.71599045346062
2018-08-12,27.83711217183771
2018-08-13,36.252983293556085
2018-08-14,32.368735083532215
2018-08-15,47.25835322195704
2018-08-16,54.37947494033413
2018-08-17,36.90035799522673
2018-08-18,64.73747016706443
2018-08-19,40.7846062052506
2018-08-20,48.55310262529833
2018-08-21,36.252983293556085
2018-08-22,35.60560859188544
2018-08-23,30.426610978520287
2018-08-24,36.252983293556085
2018-08-25,24.600238663484486
2018-08-26,18.126491646778042
2018-08-27,33.016109785202865
2018-08-28,33.016109785202865
2018-08-29,33.66348448687351
2018-08-30,26.542362768496417
2018-08-31,29.131861575178995
2018-09-01,22.110675808031345
2018-09-02,24.68168462291871
2018-09-03,29.309500489715965
2018-09-04,35.47992164544564
2018-09-05,33.93731635651322
2018-09-06,28.281096963761023
2018-09-07,34.4515181194907
2018-09-08,30.852105778648387
2018-09-09,29.82370225269344
2018-09-10,33.42311459353575
2018-09-11,51.42017629774731
2018-09-12,39.59353574926543
2018-09-13,43.70714985308521
2018-09-14,31.366307541625858
2018-09-15,29.82370225269344
2018-09-16,19.539666993143978
2018-09-17,36.50832517140059
2018-09-18,40.107737512242906
2018-09-19,35.47992164544564
2018-09-20,38.05093046033301
2018-09-21,37.536728697355535
2018-09-22,37.022526934378064
2018-09-23,24.167482859941238
2018-09-24,48.334965719882476
2018-09-25,49.36336924583742
2018-09-26,30.337904015670915
2018-09-27,32.39471106758081
2018-09-28,41.65034280117532
2018-09-29,42.16454456415279
2018-09-30,39.079333986287956
2018-10-01,53.21982151244716
2018-10-02,46.958666040394554
2018-10-03,48.21089713480508
2018-10-04,54.47205260685769
2018-10-05,41.94974166275247
2018-10-06,38.81916392672617
2018-10-07,26.92296852982621
2018-10-08,40.69751056834195
2018-10-09,48.21089713480508
2018-10-10,40.07139502113669
2018-10-11,46.958666040394554
2018-10-12,41.94974166275247
2018-10-13,34.43635509628934
2018-10-14,42.57585720995773
2018-10-15,53.21982151244716
2018-10-16,51.96759041803664
2018-10-17,36.314701737905125
2018-10-18,56.350399248473465
2018-10-19,51.341474870831384
2018-10-20,32.55800845467356
2018-10-21,33.81023954908408
2018-10-22,55.724283701268206
2018-10-23,62.61155472052607
2018-10-24,38.1930483795209
2018-10-25,51.96759041803664
2018-10-26,41.323626115547206
2018-10-27,28.175199624236733
2018-10-28,19.409581963363085
2018-10-29,38.1930483795209
2018-10-30,32.55800845467356
2018-10-31,43.82808830436825
2018-11-01,47.090229578216764
2018-11-02,46.30539241857982
2018-11-03,31.393486385477843
2018-11-04,25.114789108382276
2018-11-05,32.963160704751736
2018-11-06,43.950880939668984
2018-11-07,36.10250934329952
2018-11-08,45.52055525894288
2018-11-09,48.65990389749066
2018-11-10,43.166043780032034
2018-11-11,49.44474105712761
2018-11-12,55.723438334223175
2018-11-13,65.92632140950347
2018-11-14,78.4837159636946
2018-11-15,66.71115856914042
2018-11-16,43.166043780032034
2018-11-17,48.65990389749066
2018-11-18,37.67218366257342
2018-11-19,43.950880939668984
2018-11-20,60.43246129204485
2018-11-21,58.07794981313401
2018-11-22,40.026695141484254
2018-11-23,67.49599572877736
2018-11-24,45.52055525894288
2018-11-25,31.393486385477843
2018-11-26,46.30539241857982
2018-11-27,64.35664709022959
2018-11-28,49.44474105712761
2018-11-29,57.29311265349707
2018-11-30,59.647624132407906
2018-12-01,20.331366764995085
2018-12-02,30.146509341199607
2018-12-03,57.488692232055065
2018-12-04,49.07571288102262
2018-12-05,46.972468043264506
2018-12-06,53.98328416912488
2018-12-07,59.59193706981318
2018-12-08,41.36381514257621
2018-12-09,46.27138643067847
2018-12-10,55.38544739429695
2018-12-11,46.972468043264506
2018-12-12,53.98328416912488
2018-12-13,46.972468043264506
2018-12-14,46.972468043264506
2018-12-15,43.46705998033432
2018-12-16,37.157325467059984
2018-12-17,43.46705998033432
2018-12-18,70.10816125860374
2018-12-19,59.59193706981318
2018-12-20,58.89085545722714
2018-12-21,39.260570304818096
2018-12-22,30.146509341199607
2018-12-23,39.96165191740413
2018-12-24,36.456243854473946
2018-12-25,35.75516224188791
2018-12-26,63.7984267453294
2018-12-27,49.07571288102262
2018-12-28,42.064896755162245
2018-12-29,39.96165191740413
2018-12-30,37.85840707964602
2018-12-31,43.46705998033432
2019-01-01,29.28435114503817
2019-01-02,44.25190839694657
2019-01-03,46.204198473282446
2019-01-04,52.06106870229008
2019-01-05,35.79198473282443
2019-01-06,36.44274809160306
2019-01-07,42.29961832061069
2019-01-08,40.99809160305344
2019-01-09,46.85496183206107
2019-01-10,57.267175572519086
2019-01-11,42.29961832061069
2019-01-12,46.85496183206107
2019-01-13,26.681297709923665
2019-01-14,41.648854961832065
2019-01-15,50.1087786259542
2019-01-16,54.01335877862596
2019-01-17,48.80725190839695
2019-01-18,40.99809160305344
2019-01-19,29.28435114503817
2019-01-20,32.5381679389313
2019-01-21,49.458015267175576
2019-01-22,65.0763358778626
2019-01-23,34.49045801526718
2019-01-24,46.204198473282446
2019-01-25,50.1087786259542
2019-01-26,31.23664122137405
2019-01-27,38.395038167938935
2019-01-28,61.17175572519084
2019-01-29,54.66412213740458
2019-01-30,50.1087786259542
2019-01-31,38.395038167938935
2019-02-01,50.40289256198348
2019-02-02,34.392561983471076
2019-02-03,37.35743801652893
2019-02-04,34.392561983471076
2019-02-05,40.32231404958678
2019-02-06,49.80991735537191
2019-02-07,50.40289256198348
2019-02-08,42.694214876033065
2019-02-09,52.77479338842976
2019-02-10,34.392561983471076
2019-02-11,49.80991735537191
2019-02-12,46.84504132231405
2019-02-13,39.72933884297521
2019-02-14,43.287190082644635
2019-02-15,48.62396694214877
2019-02-16,30.834710743801658
2019-02-17,33.20661157024794
2019-02-18,39.72933884297521
2019-02-19,59.29752066115703
2019-02-20,36.17148760330579
2019-02-21,46.25206611570248
2019-02-22,47.43801652892563
2019-02-23,28.462809917355376
2019-02-24,20.754132231404963
2019-02-25,28.462809917355376
2019-02-26,35.57851239669422
2019-02-27,42.694214876033065
2019-02-28,43.880165289256205
2019-03-01,46.839967506092606
2019-03-02,38.27782290820471
2019-03-03,38.781478472786354
2019-03-04,46.33631194151097
2019-03-05,38.27782290820471
2019-03-06,36.76685621445979
2019-03-07,44.825345247766045
2019-03-08,46.33631194151097
2019-03-09,34.752233956133225
2019-03-10,27.701056051990253
2019-03-11,45.32900081234769
2019-03-12,50.36555645816409
2019-03-13,30.219333874898457
2019-03-14,44.3216896831844
2019-03-15,38.27782290820471
2019-03-16,43.314378554021125
2019-03-17,40.796100731112915
2019-03-18,32.23395613322502
2019-03-19,40.796100731112915
2019-03-20,48.35093419983753
2019-03-21,39.78878960194964
2019-03-22,35.25588952071487
2019-03-23,37.77416734362307
2019-03-24,27.701056051990253
2019-03-25,40.796100731112915
2019-03-26,47.84727863525589
2019-03-27,41.8034118602762
2019-03-28,42.30706742485784
2019-03-29,39.78878960194964
2019-03-30,30.219333874898457
2019-03-31,43.81803411860276
2019-04-01,44.64245175936436
2019-04-02,31.70261066969353
2019-04-03,46.583427922814984
2019-04-04,64.69920544835415
2019-04-05,28.467650397275825
2019-04-06,31.05561861520999
2019-04-07,27.82065834279228
2019-04-08,44.64245175936436
2019-04-09,43.99545970488082
2019-04-10,32.996594778660615
2019-04-11,54.34733257661748
2019-04-12,39.46651532349603
2019-04-13,25.879682179341657
2019-04-14,21.350737797956867
2019-04-15,36.231555051078324
2019-04-16,27.17366628830874
2019-04-17,42.054483541430194
2019-04-18,32.996594778660615
2019-04-19,19.409761634506243
2019-04-20,32.349602724177075
2019-04-21,37.525539160045405
2019-04-22,51.759364358683314
2019-04-23,41.407491486946654
2019-04-24,31.70261066969353
2019-04-25,49.81838819523269
2019-04-26,38.819523269012485
2019-04-27,32.996594778660615
2019-04-28,30.40862656072645
2019-04-29,48.52440408626561
2019-04-30,49.17139614074915
2019-05-01,51.8642447418738
2019-05-02,43.047323135755256
2019-05-03,28.52533460803059
2019-05-04,37.34225621414914
2019-05-05,28.52533460803059
2019-05-06,47.196462715105156
2019-05-07,30.59990439770554
2019-05-08,44.08460803059273
2019-05-09,33.71175908221797
2019-05-10,29.04397705544933
2019-05-11,32.6744741873805
2019-05-12,28.52533460803059
2019-05-13,42.01003824091778
2019-05-14,37.34225621414914
2019-05-15,32.155831739961755
2019-05-16,36.823613766730396
2019-05-17,28.006692160611852
2019-05-18,29.562619502868067
2019-05-19,33.19311663479923
2019-05-20,31.637189292543017
2019-05-21,26.969407265774375
2019-05-22,45.640535372848944
2019-05-23,40.9727533460803
2019-05-24,33.71175908221797
2019-05-25,34.23040152963671
2019-05-26,28.006692160611852
2019-05-27,35.267686424474185
2019-05-28,36.823613766730396
2019-05-29,35.78632887189292
2019-05-30,25.9321223709369
2019-05-31,35.78632887189292
2019-06-01,30.077549066539014
2019-06-02,30.533269506941117
2019-06-03,35.546194351364285
2019-06-04,36.9133556725706
2019-06-05,45.11632359980852
2019-06-06,37.82479655337482
2019-06-07,37.82479655337482
2019-06-08,26.431785543322164
2019-06-09,23.697462900909525
2019-06-10,31.900430828147435
2019-06-11,35.546194351364285
2019-06-12,26.887505983724267
2019-06-13,44.2048827190043
2019-06-14,40.55911919578745
2019-06-15,31.44471038774533
2019-06-16,17.317376735280035
2019-06-17,33.26759214935375
2019-06-18,31.900430828147435
2019-06-19,41.47056007659167
2019-06-20,45.57204404021063
2019-06-21,35.546194351364285
2019-06-22,22.786022020105314
2019-06-23,36.4576352321685
2019-06-24,42.837721397797985
2019-06-25,34.17903303015797
2019-06-26,23.241742460507417
2019-06-27,39.191957874581135
2019-06-28,33.723312589755864
