Date,Platinum
2013-01-01,78.39080459770115
2013-01-02,73.63984674329502
2013-01-03,35.63218390804598
2013-01-04,237.54789272030652
2013-01-05,85.51724137931035
2013-01-06,71.26436781609196
2013-01-07,106.89655172413794
2013-01-08,211.4176245210728
2013-01-09,204.2911877394636
2013-01-10,156.7816091954023
2013-01-11,147.27969348659005
2013-01-12,187.66283524904216
2013-01-13,142.52873563218392
2013-01-14,161.53256704980842
2013-01-15,152.03065134099617
2013-01-16,92.64367816091955
2013-01-17,59.38697318007663
2013-01-18,73.63984674329502
2013-01-19,73.63984674329502
2013-01-20,28.50574712643678
2013-01-21,35.63218390804598
2013-01-22,114.02298850574712
2013-01-23,95.01915708812261
2013-01-24,128.27586206896552
2013-01-25,59.38697318007663
2013-01-26,71.26436781609196
2013-01-27,42.758620689655174
2013-01-28,57.01149425287356
2013-01-29,57.01149425287356
2013-01-30,23.754789272030653
2013-01-31,35.63218390804598
2013-02-01,58.05882352941177
2013-02-02,69.1764705882353
2013-02-03,55.58823529411765
2013-02-04,69.1764705882353
2013-02-05,91.41176470588236
2013-02-06,91.41176470588236
2013-02-07,69.1764705882353
2013-02-08,46.94117647058824
2013-02-09,13.588235294117649
2013-02-10,97.58823529411765
2013-02-11,66.70588235294117
2013-02-12,56.82352941176471
2013-02-13,122.29411764705883
2013-02-14,92.64705882352942
2013-02-15,37.05882352941177
2013-02-16,82.76470588235294
2013-02-17,85.23529411764706
2013-02-18,46.94117647058824
2013-02-19,44.470588235294116
2013-02-20,123.52941176470588
2013-02-21,56.82352941176471
2013-02-22,93.88235294117648
2013-02-23,95.11764705882354
2013-02-24,40.76470588235294
2013-02-25,77.82352941176471
2013-02-26,109.94117647058825
2013-02-27,101.29411764705883
2013-02-28,103.76470588235294
2013-03-01,34.1213258286429
2013-03-02,67.17636022514071
2013-03-03,106.62914321450907
2013-03-04,22.392120075046904
2013-03-05,31.98874296435272
2013-03-06,21.325828642901815
2013-03-07,10.662914321450907
2013-03-08,78.90556597873672
2013-03-09,67.17636022514071
2013-03-10,79.9718574108818
2013-03-11,66.11006879299562
2013-03-12,86.36960600375235
2013-03-13,55.447154471544714
2013-03-14,67.17636022514071
2013-03-15,68.2426516572858
2013-03-16,40.519074421513444
2013-03-17,68.2426516572858
2013-03-18,87.43589743589743
2013-03-19,54.38086303939963
2013-03-20,88.50218886804252
2013-03-21,76.77298311444653
2013-03-22,57.5797373358349
2013-03-23,40.519074421513444
2013-03-24,13.861788617886178
2013-03-25,54.38086303939963
2013-03-26,22.392120075046904
2013-03-27,44.78424015009381
2013-03-28,35.187617260787995
2013-03-29,85.30331457160726
2013-03-30,56.51344590368981
2013-03-31,14.92808005003127
2013-04-01,45.14563106796116
2013-04-02,55.46463245492371
2013-04-03,54.17475728155339
2013-04-04,45.14563106796116
2013-04-05,81.26213592233009
2013-04-06,69.65325936199721
2013-04-07,69.65325936199721
2013-04-08,54.17475728155339
2013-04-09,43.85575589459084
2013-04-10,11.60887656033287
2013-04-11,89.001386962552
2013-04-12,34.82662968099861
2013-04-13,98.03051317614424
2013-04-14,55.46463245492371
2013-04-15,128.98751733703187
2013-04-16,118.66851595006933
2013-04-17,89.001386962552
2013-04-18,54.17475728155339
2013-04-19,11.60887656033287
2013-04-20,14.188626907073507
2013-04-21,85.13176144244105
2013-04-22,77.39251040221913
2013-04-23,0.0
2013-04-24,119.95839112343965
2013-04-25,45.14563106796116
2013-04-26,23.21775312066574
2013-04-27,114.79889042995838
2013-04-28,28.377253814147014
2013-04-29,76.10263522884881
2013-04-30,65.78363384188626
2013-05-01,21.766481334392378
2013-05-02,53.77601270849881
2013-05-03,57.61715647339159
2013-05-04,56.33677521842733
2013-05-05,42.252581413820494
2013-05-06,98.58935663224783
2013-05-07,65.29944400317713
2013-05-08,53.77601270849881
2013-05-09,55.05639396346307
2013-05-10,92.18745035742654
2013-05-11,40.97220015885624
2013-05-12,43.532962668784755
2013-05-13,33.28991262907069
2013-05-14,89.62668784749802
2013-05-15,44.81334392374901
2013-05-16,56.33677521842733
2013-05-17,58.89753772835584
2013-05-18,42.252581413820494
2013-05-19,14.084193804606832
2013-05-20,43.532962668784755
2013-05-21,53.77601270849881
2013-05-22,43.532962668784755
2013-05-23,34.57029388403495
2013-05-24,70.42096902303416
2013-05-25,0.0
2013-05-26,30.72915011914218
2013-05-27,40.97220015885624
2013-05-28,66.57982525814138
2013-05-29,11.523431294678318
2013-05-30,67.86020651310565
2013-05-31,128.03812549642575
2013-06-01,29.24451665312754
2013-06-02,116.97806661251016
2013-06-03,46.79122664500406
2013-06-04,23.39561332250203
2013-06-05,23.39561332250203
2013-06-06,47.961007311129165
2013-06-07,24.565393988627132
2013-06-08,44.45166531275386
2013-06-09,44.45166531275386
2013-06-10,33.923639317627945
2013-06-11,58.48903330625508
2013-06-12,23.39561332250203
2013-06-13,46.79122664500406
2013-06-14,11.697806661251015
2013-06-15,60.82859463850528
2013-06-16,45.62144597887896
2013-06-17,23.39561332250203
2013-06-18,83.05442729488222
2013-06-19,35.093419983753044
2013-06-20,60.82859463850528
2013-06-21,36.26320064987815
2013-06-22,59.65881397238018
2013-06-23,44.45166531275386
2013-06-24,47.961007311129165
2013-06-25,58.48903330625508
2013-06-26,70.18683996750609
2013-06-27,35.093419983753044
2013-06-28,85.39398862713242
2013-06-29,58.48903330625508
2013-06-30,59.65881397238018
2013-07-01,33.36249171636845
2013-07-02,46.46918489065606
2013-07-03,11.915175612988733
2013-07-04,57.19284294234592
2013-07-05,27.404903909874086
2013-07-06,42.89463220675944
2013-07-07,70.29953611663353
2013-07-08,91.74685222001324
2013-07-09,34.554009277667326
2013-07-10,45.277667329357186
2013-07-11,79.83167660702452
2013-07-12,119.15175612988733
2013-07-13,42.89463220675944
2013-07-14,69.10801855533465
2013-07-15,34.554009277667326
2013-07-16,78.64015904572564
2013-07-17,45.277667329357186
2013-07-18,46.46918489065606
2013-07-19,47.66070245195493
2013-07-20,70.29953611663353
2013-07-21,71.4910536779324
2013-07-22,56.001325381047046
2013-07-23,56.001325381047046
2013-07-24,45.277667329357186
2013-07-25,46.46918489065606
2013-07-26,108.42809807819748
2013-07-27,28.59642147117296
2013-07-28,28.59642147117296
2013-07-29,91.74685222001324
2013-07-30,90.55533465871437
2013-07-31,79.83167660702452
2013-08-01,69.26896551724137
2013-08-02,84.66206896551724
2013-08-03,85.51724137931033
2013-08-04,73.54482758620689
2013-08-05,46.179310344827584
2013-08-06,45.32413793103448
2013-08-07,46.179310344827584
2013-08-08,81.24137931034483
2013-08-09,70.97931034482758
2013-08-10,29.075862068965513
2013-08-11,42.75862068965517
2013-08-12,23.089655172413792
2013-08-13,57.29655172413793
2013-08-14,35.06206896551724
2013-08-15,71.83448275862068
2013-08-16,35.91724137931034
2013-08-17,14.537931034482757
2013-08-18,29.075862068965513
2013-08-19,58.151724137931026
2013-08-20,57.29655172413793
2013-08-21,46.179310344827584
2013-08-22,11.972413793103447
2013-08-23,59.86206896551724
2013-08-24,57.29655172413793
2013-08-25,14.537931034482757
2013-08-26,55.58620689655172
2013-08-27,33.35172413793103
2013-08-28,55.58620689655172
2013-08-29,23.089655172413792
2013-08-30,59.86206896551724
2013-08-31,13.682758620689654
2013-09-01,83.5788024776325
2013-09-02,50.33723331039229
2013-09-03,56.03578802477633
2013-09-04,66.48313833448039
2013-09-05,21.84445973847213
2013-09-06,69.33241569167241
2013-09-07,13.296627666896079
2013-09-08,39.889883000688236
2013-09-09,43.68891947694426
2013-09-10,42.73916035788025
2013-09-11,10.447350309704062
2013-09-12,65.53337921541639
2013-09-13,34.1913282863042
2013-09-14,94.97591190640055
2013-09-15,25.64349621472815
2013-09-16,32.29181004817619
2013-09-17,32.29181004817619
2013-09-18,85.4783207157605
2013-09-19,11.397109428768067
2013-09-20,45.58843771507227
2013-09-21,68.3826565726084
2013-09-22,13.296627666896079
2013-09-23,87.37783895388851
2013-09-24,21.84445973847213
2013-09-25,55.086028905712325
2013-09-26,44.63867859600826
2013-09-27,47.48795595320028
2013-09-28,42.73916035788025
2013-09-29,40.83964211975224
2013-09-30,33.24156916724019
2013-10-01,53.21337579617834
2013-10-02,55.1484076433121
2013-10-03,44.505732484076425
2013-10-04,46.44076433121019
2013-10-05,96.7515923566879
2013-10-06,40.63566878980891
2013-10-07,21.285350318471334
2013-10-08,0.0
2013-10-09,55.1484076433121
2013-10-10,33.86305732484076
2013-10-11,80.30382165605094
2013-10-12,42.57070063694267
2013-10-13,41.60318471337579
2013-10-14,45.473248407643304
2013-10-15,76.43375796178343
2013-10-16,54.18089171974522
2013-10-17,89.01146496815285
2013-10-18,23.220382165605095
2013-10-19,41.60318471337579
2013-10-20,69.66114649681528
2013-10-21,54.18089171974522
2013-10-22,31.928025477707003
2013-10-23,55.1484076433121
2013-10-24,89.01146496815285
2013-10-25,69.66114649681528
2013-10-26,28.057961783439488
2013-10-27,27.09044585987261
2013-10-28,64.82356687898088
2013-10-29,10.642675159235667
2013-10-30,32.89554140127388
2013-10-31,44.505732484076425
2013-11-01,72.42693773824651
2013-11-02,13.341804320203304
2013-11-03,53.367217280813215
2013-11-04,21.918678526048286
2013-11-05,31.44853875476493
2013-11-06,21.918678526048286
2013-11-07,86.72172808132147
2013-11-08,79.09783989834816
2013-11-09,95.29860228716646
2013-11-10,26.683608640406607
2013-11-11,32.401524777636595
2013-11-12,53.367217280813215
2013-11-13,76.23888182973316
2013-11-14,43.83735705209657
2013-11-15,56.22617534942821
2013-11-16,26.683608640406607
2013-11-17,39.07242693773825
2013-11-18,74.33290978398983
2013-11-19,53.367217280813215
2013-11-20,21.918678526048286
2013-11-21,86.72172808132147
2013-11-22,44.790343074968234
2013-11-23,40.02541296060991
2013-11-24,52.41423125794155
2013-11-25,42.88437102922491
2013-11-26,75.2858958068615
2013-11-27,44.790343074968234
2013-11-28,41.93138500635324
2013-11-29,39.07242693773825
2013-11-30,52.41423125794155
2013-12-01,12.620865139949109
2013-12-02,50.483460559796434
2013-12-03,50.483460559796434
2013-12-04,41.64885496183206
2013-12-05,73.20101781170483
2013-12-06,74.46310432569975
2013-12-07,12.620865139949109
2013-12-08,12.620865139949109
2013-12-09,53.00763358778626
2013-12-10,83.29770992366412
2013-12-11,0.0
2013-12-12,44.17302798982188
2013-12-13,45.43511450381679
2013-12-14,40.38676844783715
2013-12-15,79.51145038167938
2013-12-16,32.81424936386768
2013-12-17,11.358778625954198
2013-12-18,44.17302798982188
2013-12-19,68.1526717557252
2013-12-20,23.979643765903308
2013-12-21,55.53180661577608
2013-12-22,42.910941475826974
2013-12-23,23.979643765903308
2013-12-24,54.26972010178117
2013-12-25,49.221374045801525
2013-12-26,51.74554707379135
2013-12-27,74.46310432569975
2013-12-28,41.64885496183206
2013-12-29,54.26972010178117
2013-12-30,126.20865139949109
2013-12-31,59.31806615776081
2014-01-01,28.987012987012985
2014-01-02,69.24675324675324
2014-01-03,45.090909090909086
2014-01-04,52.33766233766233
2014-01-05,38.649350649350644
2014-01-06,54.75324675324675
2014-01-07,32.2077922077922
2014-01-08,11.272727272727272
2014-01-09,33.81818181818181
2014-01-10,33.81818181818181
2014-01-11,26.57142857142857
2014-01-12,39.45454545454545
2014-01-13,21.740259740259738
2014-01-14,54.75324675324675
2014-01-15,54.75324675324675
2014-01-16,77.29870129870129
2014-01-17,22.545454545454543
2014-01-18,80.51948051948051
2014-01-19,27.376623376623375
2014-01-20,33.81818181818181
2014-01-21,10.467532467532466
2014-01-22,42.675324675324674
2014-01-23,21.740259740259738
2014-01-24,21.740259740259738
2014-01-25,66.02597402597402
2014-01-26,78.9090909090909
2014-01-27,10.467532467532466
2014-01-28,51.53246753246753
2014-01-29,42.675324675324674
2014-01-30,21.740259740259738
2014-01-31,33.01298701298701
2014-02-01,64.96491228070177
2014-02-02,12.710526315789476
2014-02-03,21.18421052631579
2014-02-04,62.140350877192986
2014-02-05,32.482456140350884
2014-02-06,0.0
2014-02-07,12.710526315789476
2014-02-08,141.2280701754386
2014-02-09,25.421052631578952
2014-02-10,81.9122807017544
2014-02-11,72.0263157894737
2014-02-12,31.070175438596493
2014-02-13,42.36842105263158
2014-02-14,43.78070175438597
2014-02-15,39.54385964912281
2014-02-16,39.54385964912281
2014-02-17,55.07894736842106
2014-02-18,52.25438596491229
2014-02-19,9.885964912280702
2014-02-20,52.25438596491229
2014-02-21,76.26315789473685
2014-02-22,66.37719298245615
2014-02-23,52.25438596491229
2014-02-24,40.9561403508772
2014-02-25,31.070175438596493
2014-02-26,21.18421052631579
2014-02-27,42.36842105263158
2014-02-28,64.96491228070177
2014-03-01,12.435530085959886
2014-03-02,62.17765042979943
2014-03-03,68.39541547277938
2014-03-04,30.200573065902578
2014-03-05,41.74785100286533
2014-03-06,31.088825214899714
2014-03-07,54.183381088825215
2014-03-08,25.759312320916905
2014-03-09,63.95415472779369
2014-03-10,63.95415472779369
2014-03-11,21.318051575931232
2014-03-12,41.74785100286533
2014-03-13,53.29512893982808
2014-03-14,66.6189111747851
2014-03-15,53.29512893982808
2014-03-16,51.51862464183381
2014-03-17,51.51862464183381
2014-03-18,63.95415472779369
2014-03-19,52.40687679083094
2014-03-20,53.29512893982808
2014-03-21,66.6189111747851
2014-03-22,79.05444126074498
2014-03-23,51.51862464183381
2014-03-24,63.95415472779369
2014-03-25,10.659025787965616
2014-03-26,31.088825214899714
2014-03-27,73.72492836676217
2014-03-28,77.27793696275072
2014-03-29,88.82521489971347
2014-03-30,12.435530085959886
2014-03-31,31.977077363896846
2014-04-01,9.618320610687023
2014-04-02,50.71478140180431
2014-04-03,30.60374739764053
2014-04-04,62.95628036086052
2014-04-05,25.357390700902155
2014-04-06,62.95628036086052
2014-04-07,58.58431644691187
2014-04-08,29.729354614850802
2014-04-09,40.222068008327554
2014-04-10,31.47814018043026
2014-04-11,42.84524635669674
2014-04-12,39.34767522553783
2014-04-13,38.47328244274809
2014-04-14,20.111034004163777
2014-04-15,48.96599583622485
2014-04-16,60.33310201249133
2014-04-17,51.589174184594036
2014-04-18,34.101318528799446
2014-04-19,0.0
2014-04-20,41.970853573907014
2014-04-21,31.47814018043026
2014-04-22,49.840388619014576
2014-04-23,61.20749479528106
2014-04-24,30.60374739764053
2014-04-25,53.337959750173496
2014-04-26,26.23178348369188
2014-04-27,50.71478140180431
2014-04-28,79.56974323386538
2014-04-29,87.43927827897295
2014-04-30,9.618320610687023
2014-05-01,41.25079872204472
2014-05-02,54.72044728434504
2014-05-03,13.469648562300318
2014-05-04,0.0
2014-05-05,31.148562300319483
2014-05-06,31.148562300319483
2014-05-07,31.148562300319483
2014-05-08,21.046325878594246
2014-05-09,32.832268370607025
2014-05-10,26.097444089456864
2014-05-11,26.939297124600635
2014-05-12,10.102236421725237
2014-05-13,20.204472843450475
2014-05-14,21.046325878594246
2014-05-15,84.18530351437698
2014-05-16,43.77635782747603
2014-05-17,0.0
2014-05-18,53.87859424920127
2014-05-19,74.08306709265175
2014-05-20,21.046325878594246
2014-05-21,58.08785942492012
2014-05-22,59.77156549520766
2014-05-23,25.255591054313097
2014-05-24,31.990415335463254
2014-05-25,32.832268370607025
2014-05-26,0.0
2014-05-27,47.14376996805111
2014-05-28,23.571884984025555
2014-05-29,35.35782747603833
2014-05-30,24.413738019169326
2014-05-31,77.45047923322683
2014-06-01,32.14454045561666
2014-06-02,74.65828750981933
2014-06-03,24.886095836606444
2014-06-04,12.443047918303222
2014-06-05,101.61822466614298
2014-06-06,93.32285938727416
2014-06-07,33.18146111547526
2014-06-08,16.59073055773763
2014-06-09,38.36606441476827
2014-06-10,50.80911233307149
2014-06-11,64.28908091123331
2014-06-12,25.923016496465046
2014-06-13,13.479968578161824
2014-06-14,49.77219167321289
2014-06-15,16.59073055773763
2014-06-16,39.40298507462687
2014-06-17,50.80911233307149
2014-06-18,77.76904948939514
2014-06-19,25.923016496465046
2014-06-20,13.479968578161824
2014-06-21,16.59073055773763
2014-06-22,66.36292223095052
2014-06-23,76.73212882953653
2014-06-24,103.69206598586018
2014-06-25,89.17517674783976
2014-06-26,39.40298507462687
2014-06-27,13.479968578161824
2014-06-28,16.59073055773763
2014-06-29,16.59073055773763
2014-06-30,25.923016496465046
2014-07-01,61.56205852674066
2014-07-02,62.844601412714425
2014-07-03,38.47628657921291
2014-07-04,47.45408678102926
2014-07-05,69.25731584258324
2014-07-06,128.2542885973764
2014-07-07,0.0
2014-07-08,60.279515640766896
2014-07-09,84.6478304742684
2014-07-10,0.0
2014-07-11,25.650857719475276
2014-07-12,15.390514631685164
2014-07-13,30.78102926337033
2014-07-14,35.91120080726539
2014-07-15,47.45408678102926
2014-07-16,0.0
2014-07-17,50.019172552976784
2014-07-18,0.0
2014-07-19,30.78102926337033
2014-07-20,0.0
2014-07-21,12.825428859737638
2014-07-22,60.279515640766896
2014-07-23,0.0
2014-07-24,24.36831483350151
2014-07-25,25.650857719475276
2014-07-26,91.06054490413723
2014-07-27,61.56205852674066
2014-07-28,60.279515640766896
2014-07-29,60.279515640766896
2014-07-30,48.73662966700302
2014-07-31,37.19374369323915
2014-08-01,63.54188481675393
2014-08-02,0.0
2014-08-03,108.2565445026178
2014-08-04,49.42146596858639
2014-08-05,11.767015706806284
2014-08-06,49.42146596858639
2014-08-07,56.481675392670155
2014-08-08,51.774869109947645
2014-08-09,47.068062827225134
2014-08-10,61.18848167539267
2014-08-11,70.6020942408377
2014-08-12,94.13612565445027
2014-08-13,35.30104712041885
2014-08-14,49.42146596858639
2014-08-15,63.54188481675393
2014-08-16,44.71465968586388
2014-08-17,30.594240837696336
2014-08-18,23.534031413612567
2014-08-19,23.534031413612567
2014-08-20,35.30104712041885
2014-08-21,49.42146596858639
2014-08-22,49.42146596858639
2014-08-23,30.594240837696336
2014-08-24,44.71465968586388
2014-08-25,47.068062827225134
2014-08-26,235.34031413612567
2014-08-27,152.9712041884817
2014-08-28,58.83507853403142
2014-08-29,25.887434554973822
2014-08-30,44.71465968586388
2014-08-31,89.42931937172776
2014-09-01,27.332843497428364
2014-09-02,56.42909625275533
2014-09-03,33.504775900073476
2014-09-04,11.462160176340927
2014-09-05,47.61204996326231
2014-09-06,14.107274063188832
2014-09-07,28.214548126377665
2014-09-08,44.966936076414406
2014-09-09,11.462160176340927
2014-09-10,11.462160176340927
2014-09-11,22.924320352681853
2014-09-12,46.73034533431301
2014-09-13,28.214548126377665
2014-09-14,84.643644379133
2014-09-15,67.00955180014695
2014-09-16,33.504775900073476
2014-09-17,56.42909625275533
2014-09-18,22.04261572373255
2014-09-19,23.806024981631154
2014-09-20,44.0852314474651
2014-09-21,0.0
2014-09-22,22.04261572373255
2014-09-23,22.924320352681853
2014-09-24,68.77296105804555
2014-09-25,81.11682586333579
2014-09-26,35.268185157972084
2014-09-27,88.1704628949302
2014-09-28,43.2035268185158
2014-09-29,44.966936076414406
2014-09-30,77.59000734753857
2014-10-01,55.68668407310705
2014-10-02,56.98172323759791
2014-10-03,129.50391644908618
2014-10-04,14.245430809399478
2014-10-05,14.245430809399478
2014-10-06,11.655352480417754
2014-10-07,44.0313315926893
2014-10-08,67.3420365535248
2014-10-09,80.29242819843343
2014-10-10,47.91644908616188
2014-10-11,44.0313315926893
2014-10-12,0.0
2014-10-13,23.31070496083551
2014-10-14,55.68668407310705
2014-10-15,45.32637075718016
2014-10-16,45.32637075718016
2014-10-17,11.655352480417754
2014-10-18,73.81723237597912
2014-10-19,102.30809399477808
2014-10-20,68.63707571801567
2014-10-21,22.01566579634465
2014-10-22,77.7023498694517
2014-10-23,11.655352480417754
2014-10-24,46.62140992167102
2014-10-25,29.78590078328982
2014-10-26,58.27676240208877
2014-10-27,33.6710182767624
2014-10-28,44.0313315926893
2014-10-29,55.68668407310705
2014-10-30,56.98172323759791
2014-10-31,59.57180156657964
2014-11-01,61.70933113129645
2014-11-02,87.96862097440133
2014-11-03,34.13707679603634
2014-11-04,44.64079273327829
2014-11-05,65.64822460776219
2014-11-06,44.64079273327829
2014-11-07,47.26672171758877
2014-11-08,14.44260941370768
2014-11-09,14.44260941370768
2014-11-10,56.45747316267548
2014-11-11,45.95375722543353
2014-11-12,34.13707679603634
2014-11-13,77.46490503715938
2014-11-14,91.90751445086705
2014-11-15,84.0297274979356
2014-11-16,27.57225433526012
2014-11-17,55.14450867052024
2014-11-18,60.396366639141206
2014-11-19,23.633360858794386
2014-11-20,45.95375722543353
2014-11-21,57.77043765483072
2014-11-22,43.32782824112304
2014-11-23,14.44260941370768
2014-11-24,77.46490503715938
2014-11-25,34.13707679603634
2014-11-26,61.70933113129645
2014-11-27,131.29644921552438
2014-11-28,95.84640792733279
2014-11-29,42.0148637489678
2014-11-30,14.44260941370768
2014-12-01,74.19878296146045
2014-12-02,52.866632860040575
2014-12-03,32.46196754563895
2014-12-04,55.64908722109534
2014-12-05,45.44675456389453
2014-12-06,40.80933062880325
2014-12-07,82.54614604462475
2014-12-08,53.794117647058826
2014-12-09,65.85141987829616
2014-12-10,33.3894523326572
2014-12-11,79.76369168356999
2014-12-12,35.24442190669372
2014-12-13,73.2712981744422
2014-12-14,72.34381338742394
2014-12-15,68.63387423935092
2014-12-16,91.8209939148073
2014-12-17,12.057302231237323
2014-12-18,84.40111561866127
2014-12-19,37.099391480730226
2014-12-20,60.28651115618662
2014-12-21,92.74847870182556
2014-12-22,63.06896551724138
2014-12-23,78.83620689655173
2014-12-24,42.66430020283976
2014-12-25,85.32860040567952
2014-12-26,43.59178498985801
2014-12-27,73.2712981744422
2014-12-28,44.51926977687627
2014-12-29,76.05375253549697
2014-12-30,25.042089249492903
2014-12-31,51.93914807302232
2015-01-01,45.57
2015-01-02,62.93
2015-01-03,27.125
2015-01-04,67.27
2015-01-05,44.485
2015-01-06,67.27
2015-01-07,67.27
2015-01-08,33.635
2015-01-09,56.42
2015-01-10,28.21
2015-01-11,54.25
2015-01-12,32.55
2015-01-13,108.5
2015-01-14,32.55
2015-01-15,21.7
2015-01-16,45.57
2015-01-17,14.105
2015-01-18,82.46
2015-01-19,82.46
2015-01-20,55.335
2015-01-21,75.95
2015-01-22,44.485
2015-01-23,68.355
2015-01-24,27.125
2015-01-25,27.125
2015-01-26,32.55
2015-01-27,74.865
2015-01-28,32.55
2015-01-29,21.7
2015-01-30,44.485
2015-01-31,40.144999999999996
2015-02-01,27.854922279792746
2015-02-02,10.94300518134715
2015-02-03,55.70984455958549
2015-02-04,22.88082901554404
2015-02-05,33.82383419689119
2015-02-06,57.69948186528497
2015-02-07,86.54922279792746
2015-02-08,98.48704663212435
2015-02-09,22.88082901554404
2015-02-10,77.59585492227978
2015-02-11,99.48186528497409
2015-02-12,77.59585492227978
2015-02-13,23.875647668393782
2015-02-14,42.777202072538856
2015-02-15,14.922279792746114
2015-02-16,23.875647668393782
2015-02-17,22.88082901554404
2015-02-18,80.58031088082902
2015-02-19,68.64248704663213
2015-02-20,70.6321243523316
2015-02-21,56.704663212435236
2015-02-22,27.854922279792746
2015-02-23,54.71502590673575
2015-02-24,21.8860103626943
2015-02-25,44.766839378238345
2015-02-26,79.58549222797927
2015-02-27,10.94300518134715
2015-02-28,27.854922279792746
2015-03-01,95.23673225998807
2015-03-02,66.25163983303518
2015-03-03,11.387000596302922
2015-03-04,56.935002981514614
2015-03-05,22.774001192605844
2015-03-06,57.970184853905785
2015-03-07,42.44245676803816
2015-03-08,28.985092426952892
2015-03-09,56.935002981514614
2015-03-10,22.774001192605844
2015-03-11,103.51818723911748
2015-03-12,103.51818723911748
2015-03-13,60.04054859868813
2015-03-14,43.47763864042934
2015-03-15,73.49791293977341
2015-03-16,81.7793679189028
2015-03-17,70.39236732259988
2015-03-18,22.774001192605844
2015-03-19,80.74418604651163
2015-03-20,59.00536672629696
2015-03-21,57.970184853905785
2015-03-22,101.44782349433513
2015-03-23,68.32200357781754
2015-03-24,34.16100178890877
2015-03-25,38.301729278473466
2015-03-26,82.81454979129398
2015-03-27,12.422182468694096
2015-03-28,63.14609421586166
2015-03-29,0.0
2015-03-30,70.39236732259988
2015-03-31,46.583184257602866
2015-04-01,45.410628019323674
2015-04-02,23.188405797101453
2015-04-03,0.0
2015-04-04,43.47826086956522
2015-04-05,0.0
2015-04-06,33.81642512077295
2015-04-07,65.70048309178745
2015-04-08,44.44444444444445
2015-04-09,66.66666666666667
2015-04-10,46.376811594202906
2015-04-11,72.46376811594203
2015-04-12,43.47826086956522
2015-04-13,44.44444444444445
2015-04-14,96.61835748792271
2015-04-15,22.222222222222225
2015-04-16,10.628019323671499
2015-04-17,47.34299516908213
2015-04-18,14.492753623188406
2015-04-19,72.46376811594203
2015-04-20,22.222222222222225
2015-04-21,65.70048309178745
2015-04-22,43.47826086956522
2015-04-23,45.410628019323674
2015-04-24,34.78260869565218
2015-04-25,43.47826086956522
2015-04-26,28.985507246376812
2015-04-27,10.628019323671499
2015-04-28,32.850241545893724
2015-04-29,33.81642512077295
2015-04-30,45.410628019323674
2015-05-01,37.8266228430567
2015-05-02,0.0
2015-05-03,32.09531635168447
2015-05-04,48.142974527526704
2015-05-05,24.071487263763352
2015-05-06,36.68036154478225
2015-05-07,97.43221035332786
2015-05-08,51.58175842235004
2015-05-09,16.047658175842233
2015-05-10,33.24157764995891
2015-05-11,85.9695973705834
2015-05-12,60.7518488085456
2015-05-13,36.68036154478225
2015-05-14,99.72473294987674
2015-05-15,37.8266228430567
2015-05-16,114.62612982744453
2015-05-17,32.09531635168447
2015-05-18,84.82333607230896
2015-05-19,24.071487263763352
2015-05-20,24.071487263763352
2015-05-21,38.97288414133114
2015-05-22,106.60230073952341
2015-05-23,17.19391947411668
2015-05-24,34.38783894823336
2015-05-25,16.047658175842233
2015-05-26,12.608874281018899
2015-05-27,24.071487263763352
2015-05-28,61.89811010682005
2015-05-29,40.11914543960559
2015-05-30,49.28923582580115
2015-05-31,16.047658175842233
2015-06-01,24.081196581196583
2015-06-02,49.20940170940171
2015-06-03,50.25641025641026
2015-06-04,38.73931623931624
2015-06-05,13.611111111111112
2015-06-06,48.162393162393165
2015-06-07,67.00854700854701
2015-06-08,36.64529914529915
2015-06-09,37.69230769230769
2015-06-10,50.25641025641026
2015-06-11,38.73931623931624
2015-06-12,53.3974358974359
2015-06-13,32.45726495726496
2015-06-14,16.752136752136753
2015-06-15,86.90170940170941
2015-06-16,61.77350427350428
2015-06-17,87.94871794871796
2015-06-18,25.12820512820513
2015-06-19,53.3974358974359
2015-06-20,32.45726495726496
2015-06-21,16.752136752136753
2015-06-22,102.60683760683762
2015-06-23,12.564102564102566
2015-06-24,50.25641025641026
2015-06-25,63.86752136752137
2015-06-26,104.7008547008547
2015-06-27,48.162393162393165
2015-06-28,65.96153846153847
2015-06-29,25.12820512820513
2015-06-30,75.38461538461539
2015-07-01,48.050000000000004
2015-07-02,12.4
2015-07-03,58.9
2015-07-04,49.6
2015-07-05,34.1
2015-07-06,72.85000000000001
2015-07-07,58.9
2015-07-08,60.45
2015-07-09,35.65
2015-07-10,24.8
2015-07-11,77.5
2015-07-12,31.0
2015-07-13,23.25
2015-07-14,117.8
2015-07-15,58.9
2015-07-16,72.85000000000001
2015-07-17,86.8
2015-07-18,48.050000000000004
2015-07-19,82.15
2015-07-20,74.4
2015-07-21,155.0
2015-07-22,105.4
2015-07-23,62.0
2015-07-24,75.95
2015-07-25,93.0
2015-07-26,75.95
2015-07-27,71.3
2015-07-28,71.3
2015-07-29,35.65
2015-07-30,72.85000000000001
2015-07-31,37.2
2015-08-01,50.259425998874505
2015-08-02,50.259425998874505
2015-08-03,79.48002250984806
2015-08-04,91.16826111423748
2015-08-05,52.597073719752395
2015-08-06,79.48002250984806
2015-08-07,67.79178390545864
2015-08-08,116.8823860438942
2015-08-09,85.32414181204277
2015-08-10,91.16826111423748
2015-08-11,38.57118739448509
2015-08-12,39.74001125492403
2015-08-13,39.74001125492403
2015-08-14,106.36297129994372
2015-08-15,32.72706809229038
2015-08-16,66.6229600450197
2015-08-17,64.28531232414181
2015-08-18,25.714124929656727
2015-08-19,114.54473832301632
2015-08-20,89.99943725379853
2015-08-21,65.45413618458076
2015-08-22,49.090602138435564
2015-08-23,49.090602138435564
2015-08-24,50.259425998874505
2015-08-25,63.11648846370287
2015-08-26,99.35002813731008
2015-08-27,50.259425998874505
2015-08-28,52.597073719752395
2015-08-29,49.090602138435564
2015-08-30,80.648846370287
2015-08-31,85.32414181204277
2015-09-01,83.28125
2015-09-02,23.359375
2015-09-03,36.5625
2015-09-04,100.546875
2015-09-05,46.71875
2015-09-06,16.25
2015-09-07,29.453125
2015-09-08,58.90625
2015-09-09,93.4375
2015-09-10,23.359375
2015-09-11,60.9375
2015-09-12,30.46875
2015-09-13,58.90625
2015-09-14,93.4375
2015-09-15,34.53125
2015-09-16,81.25
2015-09-17,46.71875
2015-09-18,73.125
2015-09-19,0.0
2015-09-20,0.0
2015-09-21,45.703125
2015-09-22,56.875
2015-09-23,23.359375
2015-09-24,35.546875
2015-09-25,96.484375
2015-09-26,46.71875
2015-09-27,15.234375
2015-09-28,80.234375
2015-09-29,67.03125
2015-09-30,101.5625
2015-10-01,45.52354740061162
2015-10-02,69.6788990825688
2015-10-03,44.59449541284404
2015-10-04,28.80061162079511
2015-10-05,22.29724770642202
2015-10-06,45.52354740061162
2015-10-07,66.89174311926605
2015-10-08,55.74311926605505
2015-10-09,70.6079510703364
2015-10-10,14.864831804281346
2015-10-11,14.864831804281346
2015-10-12,92.90519877675841
2015-10-13,44.59449541284404
2015-10-14,33.44587155963303
2015-10-15,88.25993883792049
2015-10-16,35.3039755351682
2015-10-17,89.18899082568808
2015-10-18,28.80061162079511
2015-10-19,33.44587155963303
2015-10-20,43.665443425076454
2015-10-21,32.51681957186545
2015-10-22,33.44587155963303
2015-10-23,0.0
2015-10-24,43.665443425076454
2015-10-25,28.80061162079511
2015-10-26,76.1822629969419
2015-10-27,86.40183486238533
2015-10-28,42.73639143730887
2015-10-29,65.96269113149847
2015-10-30,81.7565749235474
2015-10-31,58.5302752293578
2015-11-01,56.466257668711656
2015-11-02,30.40490797546012
2015-11-03,71.66871165644172
2015-11-04,41.263803680981596
2015-11-05,31.490797546012267
2015-11-06,21.717791411042946
2015-11-07,54.29447852760736
2015-11-08,108.58895705521472
2015-11-09,20.631901840490798
2015-11-10,51.03680981595092
2015-11-11,55.38036809815951
2015-11-12,107.50306748466257
2015-11-13,32.576687116564415
2015-11-14,27.14723926380368
2015-11-15,67.32515337423312
2015-11-16,94.47239263803681
2015-11-17,71.66871165644172
2015-11-18,61.89570552147239
2015-11-19,62.981595092024534
2015-11-20,66.23926380368098
2015-11-21,82.52760736196319
2015-11-22,40.17791411042945
2015-11-23,43.43558282208589
2015-11-24,106.41717791411043
2015-11-25,70.58282208588956
2015-11-26,70.58282208588956
2015-11-27,26.061349693251532
2015-11-28,40.17791411042945
2015-11-29,67.32515337423312
2015-11-30,87.95705521472392
2015-12-01,71.08654453569173
2015-12-02,82.71888818698673
2015-12-03,51.69930511686671
2015-12-04,129.24826279216677
2015-12-05,27.14213518635502
2015-12-06,54.28427037271004
2015-12-07,31.019583070120024
2015-12-08,41.359444093493366
2015-12-09,82.71888818698673
2015-12-10,20.679722046746683
2015-12-11,32.31206569804169
2015-12-12,81.42640555906506
2015-12-13,67.20909665192671
2015-12-14,72.37902716361339
2015-12-15,95.6437144662034
2015-12-16,21.97220467466835
2015-12-17,89.18130132659508
2015-12-18,71.08654453569173
2015-12-19,116.3234365129501
2015-12-20,43.9444093493367
2015-12-21,129.24826279216677
2015-12-22,71.08654453569173
2015-12-23,50.40682248894504
2015-12-24,55.57675300063171
2015-12-25,98.22867972204675
2015-12-26,59.45420088439671
2015-12-27,28.434617814276688
2015-12-28,95.6437144662034
2015-12-29,47.8218572331017
2015-12-30,24.557169930511687
2015-12-31,102.10612760581175
2016-01-01,51.09097320169252
2016-01-02,33.64527503526093
2016-01-03,78.50564174894217
2016-01-04,66.0444287729196
2016-01-05,66.0444287729196
2016-01-06,47.352609308885754
2016-01-07,46.106488011283496
2016-01-08,47.352609308885754
2016-01-09,22.43018335684062
2016-01-10,9.968970380818053
2016-01-11,18.69181946403385
2016-01-12,83.4901269393512
2016-01-13,56.07545839210155
2016-01-14,62.306064880112835
2016-01-15,77.25952045133991
2016-01-16,99.68970380818052
2016-01-17,53.583215796897036
2016-01-18,39.87588152327221
2016-01-19,54.829337094499294
2016-01-20,120.8737658674189
2016-01-21,37.3836389280677
2016-01-22,38.629760225669955
2016-01-23,32.39915373765867
2016-01-24,87.22849083215796
2016-01-25,73.52115655853314
2016-01-26,27.414668547249647
2016-01-27,56.07545839210155
2016-01-28,63.552186177715086
2016-01-29,57.3215796897038
2016-01-30,124.61212976022567
2016-01-31,33.64527503526093
2016-02-01,36.569664902998234
2016-02-02,35.461493239271014
2016-02-03,80.896531452087
2016-02-04,73.13932980599647
2016-02-05,56.51675485008818
2016-02-06,44.32686654908877
2016-02-07,75.3556731334509
2016-02-08,70.92298647854203
2016-02-09,26.59611992945326
2016-02-10,54.30041152263374
2016-02-11,100.84362139917695
2016-02-12,75.3556731334509
2016-02-13,108.60082304526748
2016-02-14,87.54556143445032
2016-02-15,85.32921810699588
2016-02-16,62.057613168724274
2016-02-17,82.00470311581422
2016-02-18,73.13932980599647
2016-02-19,28.812463256907698
2016-02-20,110.81716637272191
2016-02-21,43.21869488536155
2016-02-22,62.057613168724274
2016-02-23,62.057613168724274
2016-02-24,26.59611992945326
2016-02-25,90.87007642563198
2016-02-26,47.65138154027043
2016-02-27,98.62727807172251
2016-02-28,33.245149911816576
2016-02-29,52.084068195179306
2016-03-01,9.907990314769977
2016-03-02,37.83050847457628
2016-03-03,67.5544794188862
2016-03-04,59.44794188861986
2016-03-05,35.12832929782083
2016-03-06,23.418886198547217
2016-03-07,76.56174334140437
2016-03-08,48.639225181598064
2016-03-09,28.823244552058114
2016-03-10,39.63196125907991
2016-03-11,60.34866828087168
2016-03-12,47.73849878934625
2016-03-13,45.93704600484262
2016-03-14,19.815980629539954
2016-03-15,29.72397094430993
2016-03-16,58.54721549636805
2016-03-17,29.72397094430993
2016-03-18,52.242130750605334
2016-03-19,71.15738498789347
2016-03-20,46.83777239709443
2016-03-21,39.63196125907991
2016-03-22,68.45520581113801
2016-03-23,49.53995157384988
2016-03-24,51.341404358353515
2016-03-25,53.142857142857146
2016-03-26,72.9588377723971
2016-03-27,12.610169491525426
2016-03-28,50.4406779661017
2016-03-29,60.34866828087168
2016-03-30,90.0726392251816
2016-03-31,50.4406779661017
2016-04-01,47.41592920353982
2016-04-02,33.27433628318584
2016-04-03,55.73451327433628
2016-04-04,0.0
2016-04-05,82.35398230088495
2016-04-06,82.35398230088495
2016-04-07,28.283185840707965
2016-04-08,38.26548672566371
2016-04-09,33.27433628318584
2016-04-10,33.27433628318584
2016-04-11,36.60176991150442
2016-04-12,83.1858407079646
2016-04-13,36.60176991150442
2016-04-14,74.03539823008849
2016-04-15,67.38053097345133
2016-04-16,46.584070796460175
2016-04-17,23.292035398230087
2016-04-18,28.283185840707965
2016-04-19,73.20353982300884
2016-04-20,54.902654867256636
2016-04-21,35.769911504424776
2016-04-22,37.43362831858407
2016-04-23,56.56637168141593
2016-04-24,45.75221238938053
2016-04-25,36.60176991150442
2016-04-26,62.38938053097345
2016-04-27,73.20353982300884
2016-04-28,45.75221238938053
2016-04-29,47.41592920353982
2016-04-30,10.814159292035399
2016-05-01,56.43069601427721
2016-05-02,28.215348007138605
2016-05-03,75.24092801903629
2016-05-04,28.215348007138605
2016-05-05,39.501487209994046
2016-05-06,61.13325401546698
2016-05-07,94.05116002379536
2016-05-08,47.96609161213563
2016-05-09,58.31171921475312
2016-05-10,37.620464009518145
2016-05-11,47.96609161213563
2016-05-12,89.34860202260559
2016-05-13,10.345627602617489
2016-05-14,35.739440809042236
2016-05-15,60.19274241522903
2016-05-16,59.25223081499107
2016-05-17,38.5609756097561
2016-05-18,9.405116002379536
2016-05-19,59.25223081499107
2016-05-20,41.382510410469955
2016-05-21,36.67995240928019
2016-05-22,23.51279000594884
2016-05-23,59.25223081499107
2016-05-24,68.65734681737061
2016-05-25,79.94348602022605
2016-05-26,20.691255205234977
2016-05-27,52.6686496133254
2016-05-28,36.67995240928019
2016-05-29,87.46757882212968
2016-05-30,47.02558001189768
2016-05-31,90.28911362284354
2016-06-01,67.14801444043322
2016-06-02,38.6101083032491
2016-06-03,58.754512635379065
2016-06-04,33.57400722021661
2016-06-05,21.823104693140795
2016-06-06,67.14801444043322
2016-06-07,75.54151624548737
2016-06-08,67.14801444043322
2016-06-09,68.82671480144404
2016-06-10,80.57761732851986
2016-06-11,55.397111913357406
2016-06-12,23.501805054151625
2016-06-13,47.00361010830325
2016-06-14,57.07581227436823
2016-06-15,105.75812274368232
2016-06-16,48.68231046931408
2016-06-17,50.361010830324915
2016-06-18,35.25270758122744
2016-06-19,105.75812274368232
2016-06-20,78.89891696750902
2016-06-21,87.29241877256318
2016-06-22,87.29241877256318
2016-06-23,18.465703971119133
2016-06-24,167.87003610108303
2016-06-25,35.25270758122744
2016-06-26,58.754512635379065
2016-06-27,48.68231046931408
2016-06-28,58.754512635379065
2016-06-29,30.21660649819495
2016-06-30,80.57761732851986
2016-07-01,70.64917127071823
2016-07-02,45.92196132596685
2016-07-03,24.72720994475138
2016-07-04,69.47168508287292
2016-07-05,82.42403314917127
2016-07-06,117.74861878453038
2016-07-07,78.89157458563535
2016-07-08,69.47168508287292
2016-07-09,57.696823204419886
2016-07-10,23.549723756906076
2016-07-11,49.45441988950276
2016-07-12,78.89157458563535
2016-07-13,70.64917127071823
2016-07-14,76.53660220994475
2016-07-15,80.06906077348066
2016-07-16,34.14709944751381
2016-07-17,69.47168508287292
2016-07-18,40.03453038674033
2016-07-19,38.857044198895025
2016-07-20,30.6146408839779
2016-07-21,40.03453038674033
2016-07-22,50.63190607734806
2016-07-23,34.14709944751381
2016-07-24,68.29419889502762
2016-07-25,68.29419889502762
2016-07-26,38.857044198895025
2016-07-27,29.437154696132595
2016-07-28,57.696823204419886
2016-07-29,40.03453038674033
2016-07-30,34.14709944751381
2016-07-31,34.14709944751381
2016-08-01,29.876638396299153
2016-08-02,89.62991518889746
2016-08-03,51.387818041634546
2016-08-04,41.82729375481882
2016-08-05,33.46183500385505
2016-08-06,38.24209714726292
2016-08-07,50.19275250578258
2016-08-08,51.387818041634546
2016-08-09,41.82729375481882
2016-08-10,32.26676946800308
2016-08-11,21.511179645335393
2016-08-12,119.50655358519661
2016-08-13,72.89899768696993
2016-08-14,50.19275250578258
2016-08-15,52.58288357748651
2016-08-16,64.53353893600617
2016-08-17,32.26676946800308
2016-08-18,21.511179645335393
2016-08-19,66.9236700077101
2016-08-20,51.387818041634546
2016-08-21,25.09637625289129
2016-08-22,53.77794911333848
2016-08-23,21.511179645335393
2016-08-24,83.65458750963764
2016-08-25,78.87432536622977
2016-08-26,71.70393215111797
2016-08-27,70.508866615266
2016-08-28,34.65690053970702
2016-08-29,39.437162683114884
2016-08-30,28.68157286044719
2016-08-31,28.68157286044719
2016-09-01,75.61224489795917
2016-09-02,49.08163265306122
2016-09-03,11.938775510204081
2016-09-04,70.3061224489796
2016-09-05,43.77551020408163
2016-09-06,66.3265306122449
2016-09-07,46.42857142857142
2016-09-08,37.14285714285714
2016-09-09,19.897959183673468
2016-09-10,45.10204081632653
2016-09-11,42.44897959183673
2016-09-12,65.0
2016-09-13,92.85714285714285
2016-09-14,46.42857142857142
2016-09-15,57.04081632653061
2016-09-16,29.183673469387752
2016-09-17,132.6530612244898
2016-09-18,63.6734693877551
2016-09-19,37.14285714285714
2016-09-20,46.42857142857142
2016-09-21,37.14285714285714
2016-09-22,37.14285714285714
2016-09-23,9.285714285714285
2016-09-24,22.551020408163264
2016-09-25,54.38775510204081
2016-09-26,55.71428571428571
2016-09-27,46.42857142857142
2016-09-28,37.14285714285714
2016-09-29,84.89795918367346
2016-09-30,96.83673469387755
2016-10-01,34.324342105263156
2016-10-02,21.842763157894737
2016-10-03,82.1703947368421
2016-10-04,55.126973684210526
2016-10-05,45.76578947368421
2016-10-06,18.722368421052632
2016-10-07,37.444736842105264
2016-10-08,11.441447368421052
2016-10-09,54.08684210526316
2016-10-10,28.083552631578947
2016-10-11,56.16710526315789
2016-10-12,65.52828947368421
2016-10-13,65.52828947368421
2016-10-14,97.77236842105263
2016-10-15,104.01315789473684
2016-10-16,0.0
2016-10-17,92.57171052631578
2016-10-18,83.21052631578948
2016-10-19,37.444736842105264
2016-10-20,56.16710526315789
2016-10-21,75.9296052631579
2016-10-22,58.24736842105263
2016-10-23,11.441447368421052
2016-10-24,36.4046052631579
2016-10-25,55.126973684210526
2016-10-26,36.4046052631579
2016-10-27,64.48815789473684
2016-10-28,58.24736842105263
2016-10-29,79.05
2016-10-30,21.842763157894737
2016-10-31,36.4046052631579
2016-11-01,64.65804066543438
2016-11-02,35.26802218114602
2016-11-03,43.10536044362292
2016-11-04,54.861367837338264
2016-11-05,32.32902033271719
2016-11-06,62.698706099815155
2016-11-07,43.10536044362292
2016-11-08,42.125693160813306
2016-11-09,97.96672828096118
2016-11-10,27.430683918669132
2016-11-11,55.84103512014787
2016-11-12,84.25138632162661
2016-11-13,42.125693160813306
2016-11-14,69.55637707948243
2016-11-15,17.63401109057301
2016-11-16,26.451016635859517
2016-11-17,45.06469500924214
2016-11-18,63.67837338262477
2016-11-19,53.88170055452865
2016-11-20,83.271719038817
2016-11-21,52.902033271719034
2016-11-22,72.49537892791128
2016-11-23,48.00369685767098
2016-11-24,63.67837338262477
2016-11-25,58.78003696857671
2016-11-26,30.369685767097966
2016-11-27,30.369685767097966
2016-11-28,72.49537892791128
2016-11-29,65.63770794824399
2016-11-30,49.963031423290204
2016-12-01,103.04709141274239
2016-12-02,69.23476454293629
2016-12-03,72.4549861495845
2016-12-04,77.2853185595568
2016-12-05,61.184210526315795
2016-12-06,56.353878116343495
2016-12-07,75.6752077562327
2016-12-08,85.3358725761773
2016-12-09,62.79432132963989
2016-12-10,74.06509695290859
2016-12-11,40.2527700831025
2016-12-12,66.0145429362881
2016-12-13,75.6752077562327
2016-12-14,77.2853185595568
2016-12-15,69.23476454293629
2016-12-16,82.11565096952909
2016-12-17,64.40443213296399
2016-12-18,72.4549861495845
2016-12-19,45.0831024930748
2016-12-20,83.72576177285319
2016-12-21,161.01108033241
2016-12-22,28.981994459833796
2016-12-23,78.89542936288089
2016-12-24,99.8268698060942
2016-12-25,83.72576177285319
2016-12-26,72.4549861495845
2016-12-27,138.46952908587258
2016-12-28,85.3358725761773
2016-12-29,54.7437673130194
2016-12-30,57.96398891966759
2016-12-31,49.9134349030471
2017-01-01,21.530753282653762
2017-01-02,104.78299930891498
2017-01-03,53.10919143054595
2017-01-04,35.88458880442294
2017-01-05,35.88458880442294
2017-01-06,63.15687629578437
2017-01-07,40.190739460953694
2017-01-08,60.28610919143054
2017-01-09,43.061506565307525
2017-01-10,93.29993089149964
2017-01-11,43.061506565307525
2017-01-12,96.17069799585347
2017-01-13,25.836903939184516
2017-01-14,143.53835521769176
2017-01-15,58.850725639253625
2017-01-16,61.721492743607456
2017-01-17,50.23842432619212
2017-01-18,84.68762957843813
2017-01-19,110.52453351762266
2017-01-20,50.23842432619212
2017-01-21,80.38147892190739
2017-01-22,57.4153420870767
2017-01-23,88.9937802349689
2017-01-24,84.68762957843813
2017-01-25,84.68762957843813
2017-01-26,58.850725639253625
2017-01-27,113.39530062197649
2017-01-28,50.23842432619212
2017-01-29,40.190739460953694
2017-01-30,74.63994471319971
2017-01-31,67.46302695231513
2017-02-01,97.1764705882353
2017-02-02,32.74424552429668
2017-02-03,77.10741687979541
2017-02-04,79.21994884910487
2017-02-05,68.65728900255755
2017-02-06,31.687979539641947
2017-02-07,97.1764705882353
2017-02-08,73.93861892583121
2017-02-09,33.80051150895141
2017-02-10,60.2071611253197
2017-02-11,30.631713554987215
2017-02-12,80.2762148337596
2017-02-13,71.82608695652175
2017-02-14,73.93861892583121
2017-02-15,33.80051150895141
2017-02-16,82.38874680306905
2017-02-17,74.99488491048594
2017-02-18,29.575447570332482
2017-02-19,30.631713554987215
2017-02-20,60.2071611253197
2017-02-21,24.294117647058826
2017-02-22,105.62659846547315
2017-02-23,73.93861892583121
2017-02-24,67.60102301790282
2017-02-25,68.65728900255755
2017-02-26,38.02557544757033
2017-02-27,30.631713554987215
2017-02-28,23.237851662404093
2017-03-01,23.863720073664826
2017-03-02,63.99815837937385
2017-03-03,67.25230202578268
2017-03-04,49.896869244935544
2017-03-05,49.896869244935544
2017-03-06,46.6427255985267
2017-03-07,69.42173112338858
2017-03-08,32.5414364640884
2017-03-09,82.43830570902394
2017-03-10,42.30386740331492
2017-03-11,69.42173112338858
2017-03-12,46.6427255985267
2017-03-13,46.6427255985267
2017-03-14,73.76058931860037
2017-03-15,58.574585635359114
2017-03-16,58.574585635359114
2017-03-17,52.06629834254144
2017-03-18,49.896869244935544
2017-03-19,49.896869244935544
2017-03-20,58.574585635359114
2017-03-21,108.47145488029466
2017-03-22,58.574585635359114
2017-03-23,42.30386740331492
2017-03-24,43.38858195211786
2017-03-25,70.50644567219153
2017-03-26,30.372007366482507
2017-03-27,74.84530386740332
2017-03-28,75.93001841620627
2017-03-29,24.948434622467772
2017-03-30,77.0147329650092
2017-03-31,68.33701657458563
2017-04-01,68.37209302325581
2017-04-02,69.73953488372092
2017-04-03,46.49302325581395
2017-04-04,65.63720930232557
2017-04-05,46.49302325581395
2017-04-06,38.288372093023256
2017-04-07,49.22790697674418
2017-04-08,46.49302325581395
2017-04-09,80.67906976744186
2017-04-10,47.860465116279066
2017-04-11,9.572093023255814
2017-04-12,38.288372093023256
2017-04-13,136.74418604651163
2017-04-14,20.51162790697674
2017-04-15,35.55348837209302
2017-04-16,75.20930232558139
2017-04-17,47.860465116279066
2017-04-18,36.920930232558135
2017-04-19,28.716279069767438
2017-04-20,57.432558139534876
2017-04-21,30.083720930232555
2017-04-22,23.246511627906976
2017-04-23,10.93953488372093
2017-04-24,65.63720930232557
2017-04-25,28.716279069767438
2017-04-26,92.9860465116279
2017-04-27,38.288372093023256
2017-04-28,19.144186046511628
2017-04-29,80.67906976744186
2017-04-30,34.18604651162791
2017-05-01,40.85586206896552
2017-05-02,64.9503448275862
2017-05-03,49.23655172413793
2017-05-04,33.52275862068966
2017-05-05,86.9496551724138
2017-05-06,30.380000000000003
2017-05-07,41.903448275862075
2017-05-08,42.95103448275862
2017-05-09,41.903448275862075
2017-05-10,92.18758620689655
2017-05-11,51.33172413793104
2017-05-12,43.998620689655176
2017-05-13,20.951724137931038
2017-05-14,75.42620689655173
2017-05-15,43.998620689655176
2017-05-16,80.66413793103449
2017-05-17,27.237241379310348
2017-05-18,54.474482758620695
2017-05-19,36.66551724137931
2017-05-20,67.04551724137932
2017-05-21,43.998620689655176
2017-05-22,17.80896551724138
2017-05-23,104.75862068965517
2017-05-24,17.80896551724138
2017-05-25,46.09379310344828
2017-05-26,69.14068965517242
2017-05-27,57.61724137931035
2017-05-28,34.57034482758621
2017-05-29,10.475862068965519
2017-05-30,45.04620689655173
2017-05-31,45.04620689655173
2017-06-01,0.0
2017-06-02,39.084791386271874
2017-06-03,10.659488559892328
2017-06-04,32.866756393001346
2017-06-05,53.29744279946164
2017-06-06,62.18034993270525
2017-06-07,53.29744279946164
2017-06-08,27.537012113055184
2017-06-09,28.425302826379543
2017-06-10,22.207267833109018
2017-06-11,22.207267833109018
2017-06-12,17.765814266487215
2017-06-13,53.29744279946164
2017-06-14,44.414535666218036
2017-06-15,37.30820995962315
2017-06-16,55.96231493943473
2017-06-17,44.414535666218036
2017-06-18,11.547779273216689
2017-06-19,27.537012113055184
2017-06-20,51.520861372812924
2017-06-21,87.9407806191117
2017-06-22,26.64872139973082
2017-06-23,35.53162853297443
2017-06-24,41.74966352624495
2017-06-25,78.16958277254375
2017-06-26,73.72812920592195
2017-06-27,84.38761776581427
2017-06-28,48.85598923283984
2017-06-29,58.627187079407804
2017-06-30,88.82907133243607
2017-07-01,24.986682107701213
2017-07-02,0.0
2017-07-03,80.99131441806601
2017-07-04,37.910828025477706
2017-07-05,33.60277938621888
2017-07-06,73.23682686740011
2017-07-07,43.0804863925883
2017-07-08,37.04921829762594
2017-07-09,37.04921829762594
2017-07-10,62.89751013317892
2017-07-11,31.87955993051534
2017-07-12,62.89751013317892
2017-07-13,31.87955993051534
2017-07-14,64.62072958888245
2017-07-15,49.11175448755066
2017-07-16,62.035900405327155
2017-07-17,31.87955993051534
2017-07-18,52.55819339895773
2017-07-19,74.09843659525188
2017-07-20,31.017950202663577
2017-07-21,86.1609727851766
2017-07-22,36.18760856977417
2017-07-23,61.17429067747539
2017-07-24,31.017950202663577
2017-07-25,42.218876664736534
2017-07-26,72.37521713954834
2017-07-27,41.35726693688477
2017-07-28,53.4198031268095
2017-07-29,85.29936305732484
2017-07-30,24.986682107701213
2017-07-31,31.017950202663577
2017-08-01,35.99770510613884
2017-08-02,26.180149168100975
2017-08-03,81.81296615031555
2017-08-04,28.634538152610443
2017-08-05,32.72518646012622
2017-08-06,22.089500860585197
2017-08-07,26.998278829604132
2017-08-08,26.180149168100975
2017-08-09,45.81526104417671
2017-08-10,57.269076305220885
2017-08-11,38.45209409064831
2017-08-12,53.996557659208264
2017-08-13,54.814687320711414
2017-08-14,74.44979919678715
2017-08-15,27.816408491107286
2017-08-16,74.44979919678715
2017-08-17,55.63281698221457
2017-08-18,65.45037292025243
2017-08-19,43.36087205966724
2017-08-20,21.271371199082044
2017-08-21,61.35972461273666
2017-08-22,45.81526104417671
2017-08-23,64.63224325874928
2017-08-24,63.81411359724613
2017-08-25,46.633390705679865
2017-08-26,42.54274239816409
2017-08-27,9.817555938037867
2017-08-28,63.81411359724613
2017-08-29,53.17842799770511
2017-08-30,62.99598393574297
2017-08-31,17.99885255306942
2017-09-01,100.39370078740157
2017-09-02,31.12204724409449
2017-09-03,0.0
2017-09-04,49.19291338582677
2017-09-05,42.16535433070866
2017-09-06,90.35433070866142
2017-09-07,76.2992125984252
2017-09-08,60.23622047244095
2017-09-09,50.196850393700785
2017-09-10,39.153543307086615
2017-09-11,51.2007874015748
2017-09-12,34.13385826771653
2017-09-13,68.26771653543307
2017-09-14,35.13779527559055
2017-09-15,70.2755905511811
2017-09-16,0.0
2017-09-17,51.2007874015748
2017-09-18,68.26771653543307
2017-09-19,59.232283464566926
2017-09-20,42.16535433070866
2017-09-21,34.13385826771653
2017-09-22,44.173228346456696
2017-09-23,63.24803149606299
2017-09-24,51.2007874015748
2017-09-25,86.33858267716535
2017-09-26,60.23622047244095
2017-09-27,43.169291338582674
2017-09-28,43.169291338582674
2017-09-29,53.20866141732284
2017-09-30,32.125984251968504
2017-10-01,80.25481798715204
2017-10-02,48.3254817987152
2017-10-03,49.188436830835116
2017-10-04,33.655246252676655
2017-10-05,58.680942184154176
2017-10-06,25.888650963597428
2017-10-07,79.39186295503211
2017-10-08,38.83297644539614
2017-10-09,82.84368308351178
2017-10-10,81.11777301927195
2017-10-11,32.79229122055674
2017-10-12,41.42184154175589
2017-10-13,77.66595289079228
2017-10-14,60.406852248394
2017-10-15,78.5289079229122
2017-10-16,33.655246252676655
2017-10-17,16.39614561027837
2017-10-18,33.655246252676655
2017-10-19,86.29550321199143
2017-10-20,61.269807280513916
2017-10-21,41.42184154175589
2017-10-22,59.54389721627409
2017-10-23,32.79229122055674
2017-10-24,65.58458244111348
2017-10-25,58.680942184154176
2017-10-26,33.655246252676655
2017-10-27,34.518201284796575
2017-10-28,20.710920770877944
2017-10-29,39.695931477516055
2017-10-30,65.58458244111348
2017-10-31,59.54389721627409
2017-11-01,102.03947368421052
2017-11-02,72.73026315789474
2017-11-03,93.35526315789474
2017-11-04,49.93421052631579
2017-11-05,57.5328947368421
2017-11-06,65.13157894736842
2017-11-07,48.848684210526315
2017-11-08,32.56578947368421
2017-11-09,16.282894736842106
2017-11-10,26.05263157894737
2017-11-11,68.38815789473684
2017-11-12,58.618421052631575
2017-11-13,23.88157894736842
2017-11-14,80.32894736842105
2017-11-15,48.848684210526315
2017-11-16,40.16447368421053
2017-11-17,83.58552631578948
2017-11-18,58.618421052631575
2017-11-19,48.848684210526315
2017-11-20,41.25
2017-11-21,68.38815789473684
2017-11-22,35.82236842105263
2017-11-23,108.55263157894737
2017-11-24,56.44736842105263
2017-11-25,9.769736842105264
2017-11-26,47.76315789473684
2017-11-27,45.5921052631579
2017-11-28,31.480263157894736
2017-11-29,71.64473684210526
2017-11-30,57.5328947368421
2017-12-01,49.4400859752821
2017-12-02,78.57442235357334
2017-12-03,48.55722729715207
2017-12-04,32.66577109081139
2017-12-05,88.28586781300376
2017-12-06,57.38581407845244
2017-12-07,49.4400859752821
2017-12-08,67.09725953788286
2017-12-09,59.15153143471252
2017-12-10,49.4400859752821
2017-12-11,23.837184309511017
2017-12-12,32.66577109081139
2017-12-13,56.502955400322406
2017-12-14,83.87157442235358
2017-12-15,52.08866200967222
2017-12-16,60.03439011284256
2017-12-17,50.322944653412144
2017-12-18,59.15153143471252
2017-12-19,25.60290166577109
2017-12-20,61.800107469102635
2017-12-21,36.19720580333154
2017-12-22,47.67436861902203
2017-12-23,62.68296614723267
2017-12-24,65.33154218162278
2017-12-25,45.90865126276196
2017-12-26,49.4400859752821
2017-12-27,37.08006448146158
2017-12-28,55.62009672219237
2017-12-29,37.08006448146158
2017-12-30,50.322944653412144
2017-12-31,69.74583557227297
2018-01-01,90.05187319884726
2018-01-02,33.76945244956772
2018-01-03,33.76945244956772
2018-01-04,76.91930835734871
2018-01-05,16.88472622478386
2018-01-06,97.55619596541787
2018-01-07,48.778097982708935
2018-01-08,41.27377521613833
2018-01-09,65.6628242074928
2018-01-10,41.27377521613833
2018-01-11,48.778097982708935
2018-01-12,58.158501440922194
2018-01-13,39.39769452449568
2018-01-14,39.39769452449568
2018-01-15,69.4149855907781
2018-01-16,65.6628242074928
2018-01-17,187.60806916426515
2018-01-18,99.43227665706053
2018-01-19,58.158501440922194
2018-01-20,60.03458213256484
2018-01-21,37.52161383285303
2018-01-22,65.6628242074928
2018-01-23,48.778097982708935
2018-01-24,82.54755043227667
2018-01-25,73.1671469740634
2018-01-26,67.53890489913545
2018-01-27,48.778097982708935
2018-01-28,69.4149855907781
2018-01-29,73.1671469740634
2018-01-30,73.1671469740634
2018-01-31,41.27377521613833
2018-02-01,57.423019431988045
2018-02-02,84.37668161434979
2018-02-03,117.18983557548582
2018-02-04,38.672645739910315
2018-02-05,55.079222720478334
2018-02-06,72.65769805680121
2018-02-07,63.28251121076234
2018-02-08,82.03288490284007
2018-02-09,57.423019431988045
2018-02-10,48.04783258594918
2018-02-11,48.04783258594918
2018-02-12,56.25112107623319
2018-02-13,64.4544095665172
2018-02-14,49.21973094170404
2018-02-15,42.188340807174896
2018-02-16,58.59491778774291
2018-02-17,39.84454409566518
2018-02-18,19.92227204783259
2018-02-19,25.781763826606877
2018-02-20,64.4544095665172
2018-02-21,73.82959641255606
2018-02-22,32.813153961136024
2018-02-23,66.79820627802691
2018-02-24,66.79820627802691
2018-02-25,29.297458893871454
2018-02-26,48.04783258594918
2018-02-27,48.04783258594918
2018-02-28,57.423019431988045
2018-03-01,54.25
2018-03-02,24.21875
2018-03-03,58.125
2018-03-04,48.4375
2018-03-05,79.4375
2018-03-06,72.65625
2018-03-07,48.4375
2018-03-08,48.4375
2018-03-09,75.5625
2018-03-10,9.6875
2018-03-11,47.46875
2018-03-12,24.21875
2018-03-13,48.4375
2018-03-14,16.46875
2018-03-15,32.9375
2018-03-16,41.65625
2018-03-17,38.75
2018-03-18,69.75
2018-03-19,96.875
2018-03-20,31.96875
2018-03-21,16.46875
2018-03-22,32.9375
2018-03-23,60.0625
2018-03-24,19.375
2018-03-25,39.71875
2018-03-26,75.5625
2018-03-27,65.875
2018-03-28,33.90625
2018-03-29,42.625
2018-03-30,0.0
2018-03-31,9.6875
2018-04-01,12.16382252559727
2018-04-02,72.98293515358363
2018-04-03,89.56996587030717
2018-04-04,19.90443686006826
2018-04-05,61.92491467576792
2018-04-06,50.86689419795222
2018-04-07,106.15699658703072
2018-04-08,59.71331058020478
2018-04-09,19.90443686006826
2018-04-10,50.86689419795222
2018-04-11,29.85665529010239
2018-04-12,60.81911262798635
2018-04-13,51.972696245733786
2018-04-14,48.65529010238908
2018-04-15,58.60750853242321
2018-04-16,58.60750853242321
2018-04-17,39.80887372013652
2018-04-18,110.580204778157
2018-04-19,50.86689419795222
2018-04-20,40.91467576791809
2018-04-21,75.19453924914676
2018-04-22,48.65529010238908
2018-04-23,58.60750853242321
2018-04-24,79.61774744027304
2018-04-25,38.70307167235495
2018-04-26,39.80887372013652
2018-04-27,40.91467576791809
2018-04-28,49.76109215017065
2018-04-29,24.32764505119454
2018-04-30,69.66552901023891
2018-05-01,31.298076923076923
2018-05-02,54.94551282051282
2018-05-03,31.99358974358974
2018-05-04,32.68910256410256
2018-05-05,48.68589743589743
2018-05-06,48.68589743589743
2018-05-07,15.99679487179487
2018-05-08,47.294871794871796
2018-05-09,54.94551282051282
2018-05-10,47.99038461538461
2018-05-11,16.692307692307693
2018-05-12,39.64423076923077
2018-05-13,69.55128205128204
2018-05-14,49.381410256410255
2018-05-15,47.294871794871796
2018-05-16,39.64423076923077
2018-05-17,40.33974358974359
2018-05-18,33.38461538461539
2018-05-19,67.46474358974359
2018-05-20,19.474358974358974
2018-05-21,56.33653846153846
2018-05-22,63.98717948717948
2018-05-23,41.03525641025641
2018-05-24,34.080128205128204
2018-05-25,34.77564102564102
2018-05-26,40.33974358974359
2018-05-27,40.33974358974359
2018-05-28,47.99038461538461
2018-05-29,40.33974358974359
2018-05-30,31.99358974358974
2018-05-31,33.38461538461539
2018-06-01,43.06542056074766
2018-06-02,61.00934579439252
2018-06-03,20.635514018691588
2018-06-04,17.046728971962615
2018-06-05,75.3644859813084
2018-06-06,68.18691588785046
2018-06-07,60.112149532710276
2018-06-08,34.99065420560748
2018-06-09,40.373831775700936
2018-06-10,19.738317757009344
2018-06-11,57.42056074766355
2018-06-12,54.728971962616825
2018-06-13,56.52336448598131
2018-06-14,67.28971962616822
2018-06-15,34.99065420560748
2018-06-16,70.8785046728972
2018-06-17,20.635514018691588
2018-06-18,26.018691588785046
2018-06-19,50.242990654205606
2018-06-20,87.02803738317756
2018-06-21,77.1588785046729
2018-06-22,43.06542056074766
2018-06-23,69.08411214953271
2018-06-24,41.271028037383175
2018-06-25,59.21495327102804
2018-06-26,26.018691588785046
2018-06-27,25.121495327102803
2018-06-28,43.06542056074766
2018-06-29,89.7196261682243
2018-06-30,0.0
2018-07-01,30.725316455696206
2018-07-02,52.346835443037975
2018-07-03,88.7620253164557
2018-07-04,91.0379746835443
2018-07-05,66.00253164556962
2018-07-06,26.173417721518987
2018-07-07,50.07088607594937
2018-07-08,60.312658227848104
2018-07-09,42.105063291139246
2018-07-10,51.208860759493675
2018-07-11,64.86455696202532
2018-07-12,53.48481012658228
2018-07-13,54.62278481012659
2018-07-14,51.208860759493675
2018-07-15,50.07088607594937
2018-07-16,44.38101265822785
2018-07-17,69.41645569620253
2018-07-18,79.65822784810128
2018-07-19,80.79620253164558
2018-07-20,36.415189873417724
2018-07-21,61.45063291139241
2018-07-22,89.9
2018-07-23,113.79746835443039
2018-07-24,86.48607594936709
2018-07-25,43.243037974683546
2018-07-26,70.55443037974683
2018-07-27,36.415189873417724
2018-07-28,40.96708860759494
2018-07-29,42.105063291139246
2018-07-30,61.45063291139241
2018-07-31,7.965822784810127
2018-08-01,104.63759479956663
2018-08-02,41.63001083423619
2018-08-03,90.01083423618635
2018-08-04,61.88244853737812
2018-08-05,60.75731310942579
2018-08-06,88.88569880823403
2018-08-07,112.51354279523294
2018-08-08,34.87919826652221
2018-08-09,60.75731310942579
2018-08-10,63.00758396533044
2018-08-11,30.378656554712894
2018-08-12,72.00866738894908
2018-08-13,97.88678223185265
2018-08-14,78.75947995666306
2018-08-15,70.88353196099675
2018-08-16,97.88678223185265
2018-08-17,52.88136511375948
2018-08-18,63.00758396533044
2018-08-19,51.75622968580715
2018-08-20,63.00758396533044
2018-08-21,95.63651137594799
2018-08-22,43.88028169014085
2018-08-23,63.00758396533044
2018-08-24,72.00866738894908
2018-08-25,51.75622968580715
2018-08-26,40.50487540628386
2018-08-27,94.51137594799566
2018-08-28,25.878114842903575
2018-08-29,78.75947995666306
2018-08-30,69.75839653304442
2018-08-31,43.88028169014085
2018-09-01,58.16949152542372
2018-09-02,40.271186440677965
2018-09-03,76.06779661016948
2018-09-04,67.11864406779661
2018-09-05,49.220338983050844
2018-09-06,55.932203389830505
2018-09-07,89.4915254237288
2018-09-08,78.3050847457627
2018-09-09,55.932203389830505
2018-09-10,33.559322033898304
2018-09-11,64.88135593220339
2018-09-12,82.77966101694915
2018-09-13,64.88135593220339
2018-09-14,223.72881355932202
2018-09-15,107.38983050847457
2018-09-16,58.16949152542372
2018-09-17,64.88135593220339
2018-09-18,49.220338983050844
2018-09-19,67.11864406779661
2018-09-20,91.72881355932202
2018-09-21,58.16949152542372
2018-09-22,69.35593220338983
2018-09-23,67.11864406779661
2018-09-24,40.271186440677965
2018-09-25,58.16949152542372
2018-09-26,55.932203389830505
2018-09-27,15.661016949152541
2018-09-28,67.11864406779661
2018-09-29,40.271186440677965
2018-09-30,29.08474576271186
2018-10-01,8.666666666666666
2018-10-02,50.07407407407407
2018-10-03,81.85185185185185
2018-10-04,51.03703703703703
2018-10-05,60.666666666666664
2018-10-06,51.03703703703703
2018-10-07,29.85185185185185
2018-10-08,68.37037037037037
2018-10-09,67.4074074074074
2018-10-10,26.0
2018-10-11,34.666666666666664
2018-10-12,62.59259259259259
2018-10-13,41.407407407407405
2018-10-14,40.44444444444444
2018-10-15,42.37037037037037
2018-10-16,68.37037037037037
2018-10-17,42.37037037037037
2018-10-18,52.0
2018-10-19,26.962962962962962
2018-10-20,60.666666666666664
2018-10-21,50.07407407407407
2018-10-22,84.74074074074073
2018-10-23,66.44444444444444
2018-10-24,41.407407407407405
2018-10-25,68.37037037037037
2018-10-26,52.96296296296296
2018-10-27,51.03703703703703
2018-10-28,50.07407407407407
2018-10-29,66.44444444444444
2018-10-30,17.333333333333332
2018-10-31,96.29629629629629
2018-11-01,9.050131926121372
2018-11-02,25.857519788918207
2018-11-03,41.37203166226913
2018-11-04,38.78627968337731
2018-11-05,54.300791556728235
2018-11-06,58.17941952506597
2018-11-07,21.978891820580476
2018-11-08,32.321899736147756
2018-11-09,51.715039577836414
2018-11-10,59.47229551451188
2018-11-11,38.78627968337731
2018-11-12,74.9868073878628
2018-11-13,73.6939313984169
2018-11-14,58.17941952506597
2018-11-15,82.74406332453826
2018-11-16,34.90765171503958
2018-11-17,40.07915567282322
2018-11-18,129.28759894459102
2018-11-19,34.90765171503958
2018-11-20,51.715039577836414
2018-11-21,36.20052770448549
2018-11-22,40.07915567282322
2018-11-23,84.03693931398416
2018-11-24,37.4934036939314
2018-11-25,9.050131926121372
2018-11-26,46.54353562005277
2018-11-27,55.593667546174146
2018-11-28,24.564643799472297
2018-11-29,58.17941952506597
2018-11-30,65.93667546174143
2018-12-01,110.69693011103853
2018-12-02,45.21423905943827
2018-12-03,79.51469627694317
2018-12-04,63.92357935989549
2018-12-05,62.36446766819072
2018-12-06,73.2782495101241
2018-12-07,49.89157413455258
2018-12-08,77.9555845852384
2018-12-09,112.2560418027433
2018-12-10,87.31025473546701
2018-12-11,73.2782495101241
2018-12-12,32.74134552580013
2018-12-13,73.2782495101241
2018-12-14,40.53690398432397
2018-12-15,29.623122142390592
2018-12-16,59.246244284781184
2018-12-17,82.63291966035271
2018-12-18,109.13781841933377
2018-12-19,42.096015676028735
2018-12-20,68.6009144350098
2018-12-21,53.00979751796211
2018-12-22,91.98758981058131
2018-12-23,82.63291966035271
2018-12-24,110.69693011103853
2018-12-25,155.9111691704768
2018-12-26,67.04180274330503
2018-12-27,115.37426518615284
2018-12-28,87.31025473546701
2018-12-29,67.04180274330503
2018-12-30,155.9111691704768
2018-12-31,26.504898758981057
2019-01-01,73.76581426648721
2019-01-02,53.90578734858681
2019-01-03,141.85733512786004
2019-01-04,131.92732166890983
2019-01-05,87.95154777927321
2019-01-06,68.09152086137281
2019-01-07,59.58008075370121
2019-01-08,49.65006729475101
2019-01-09,68.09152086137281
2019-01-10,41.13862718707941
2019-01-11,51.06864064602961
2019-01-12,49.65006729475101
2019-01-13,19.860026917900406
2019-01-14,83.69582772543741
2019-01-15,49.65006729475101
2019-01-16,51.06864064602961
2019-01-17,58.161507402422615
2019-01-18,65.25437415881561
2019-01-19,87.95154777927321
2019-01-20,75.18438761776582
2019-01-21,76.60296096904442
2019-01-22,73.76581426648721
2019-01-23,73.76581426648721
2019-01-24,58.161507402422615
2019-01-25,68.09152086137281
2019-01-26,89.37012113055182
2019-01-27,80.85868102288022
2019-01-28,32.627187079407804
2019-01-29,65.25437415881561
2019-01-30,56.74293405114401
2019-01-31,65.25437415881561
2019-02-01,104.88135593220339
2019-02-02,56.47457627118644
2019-02-03,75.2994350282486
2019-02-04,69.92090395480226
2019-02-05,80.67796610169492
2019-02-06,87.40112994350282
2019-02-07,55.12994350282486
2019-02-08,40.33898305084746
2019-02-09,86.05649717514125
2019-02-10,37.6497175141243
2019-02-11,99.50282485875707
2019-02-12,63.19774011299435
2019-02-13,32.271186440677965
2019-02-14,88.74576271186442
2019-02-15,49.75141242937853
2019-02-16,18.82485875706215
2019-02-17,48.40677966101695
2019-02-18,41.68361581920904
2019-02-19,48.40677966101695
2019-02-20,64.54237288135593
2019-02-21,71.26553672316385
2019-02-22,88.74576271186442
2019-02-23,55.12994350282486
2019-02-24,134.4632768361582
2019-02-25,76.64406779661017
2019-02-26,95.46892655367232
2019-02-27,76.64406779661017
2019-02-28,56.47457627118644
2019-03-01,56.5878453038674
2019-03-02,57.59834254143646
2019-03-03,37.388397790055244
2019-03-04,49.51436464088397
2019-03-05,73.76629834254143
2019-03-06,63.66132596685082
2019-03-07,73.76629834254143
2019-03-08,67.70331491712706
2019-03-09,78.81878453038672
2019-03-10,48.50386740331491
2019-03-11,49.51436464088397
2019-03-12,24.251933701657457
2019-03-13,66.692817679558
2019-03-14,49.51436464088397
2019-03-15,74.77679558011049
2019-03-16,19.199447513812153
2019-03-17,30.31491712707182
2019-03-18,76.79779005524861
2019-03-19,65.68232044198894
2019-03-20,51.53535911602209
2019-03-21,42.44088397790055
2019-03-22,85.89226519337015
2019-03-23,48.50386740331491
2019-03-24,55.577348066298335
2019-03-25,83.87127071823203
2019-03-26,84.8817679558011
2019-03-27,25.262430939226515
2019-03-28,101.04972375690606
2019-03-29,76.79779005524861
2019-03-30,50.52486187845303
2019-03-31,58.608839779005514
2019-04-01,64.03744880046811
2019-04-02,64.03744880046811
2019-04-03,74.04330017554126
2019-04-04,32.018724400234056
2019-04-05,76.04447045055588
2019-04-06,50.02925687536571
2019-04-07,69.04037448800469
2019-04-08,48.02808660035109
2019-04-09,40.02340550029257
2019-04-10,89.05207723815097
2019-04-11,48.02808660035109
2019-04-12,42.0245757753072
2019-04-13,70.040959625512
2019-04-14,69.04037448800469
2019-04-15,49.028671737858396
2019-04-16,73.04271503803395
2019-04-17,59.03452311293154
2019-04-18,100.05851375073142
2019-04-19,97.05675833820948
2019-04-20,60.03510825043885
2019-04-21,64.03744880046811
2019-04-22,42.0245757753072
2019-04-23,41.02399063779988
2019-04-24,41.02399063779988
2019-04-25,56.0327677004096
2019-04-26,57.033352837916915
2019-04-27,10.005851375073142
2019-04-28,20.011702750146284
2019-04-29,65.03803393797543
2019-04-30,40.02340550029257
2019-05-01,74.01906779661016
2019-05-02,64.36440677966101
2019-05-03,75.09180790960451
2019-05-04,107.27401129943502
2019-05-05,20.382062146892654
2019-05-06,49.346045197740104
2019-05-07,24.673022598870052
2019-05-08,16.091101694915253
2019-05-09,57.927966101694906
2019-05-10,51.4915254237288
2019-05-11,51.4915254237288
2019-05-12,20.382062146892654
2019-05-13,50.41878531073446
2019-05-14,50.41878531073446
2019-05-15,50.41878531073446
2019-05-16,41.836864406779654
2019-05-17,42.90960451977401
2019-05-18,20.382062146892654
2019-05-19,20.382062146892654
2019-05-20,49.346045197740104
2019-05-21,16.091101694915253
2019-05-22,84.74646892655366
2019-05-23,50.41878531073446
2019-05-24,35.40042372881356
2019-05-25,21.454802259887003
2019-05-26,32.182203389830505
2019-05-27,49.346045197740104
2019-05-28,50.41878531073446
2019-05-29,90.11016949152541
2019-05-30,98.69209039548021
2019-05-31,51.4915254237288
2019-06-01,75.88434414668546
2019-06-02,27.703808180535965
2019-06-03,54.20310296191819
2019-06-04,62.634696755994355
2019-06-05,79.49788434414668
2019-06-06,89.13399153737657
2019-06-07,66.24823695345556
2019-06-08,67.4527503526093
2019-06-09,66.24823695345556
2019-06-10,15.658674188998589
2019-06-11,24.090267983074753
2019-06-12,65.04372355430183
2019-06-13,65.04372355430183
2019-06-14,39.74894217207334
2019-06-15,56.61212976022566
2019-06-16,19.2722143864598
2019-06-17,56.61212976022566
2019-06-18,63.83921015514809
2019-06-19,55.40761636107193
2019-06-20,120.45133991537375
2019-06-21,66.24823695345556
2019-06-22,48.180535966149506
2019-06-23,59.02115655853314
2019-06-24,56.61212976022566
2019-06-25,49.38504936530324
2019-06-26,56.61212976022566
2019-06-27,89.13399153737657
2019-06-28,112.01974612129759
