Date,Recession
2013-01-01,39.89565217391304
2013-01-02,37.04596273291925
2013-01-03,30.63416149068323
2013-01-04,38.47080745341615
2013-01-05,19.235403726708075
2013-01-06,29.209316770186334
2013-01-07,29.92173913043478
2013-01-08,38.47080745341615
2013-01-09,33.48385093167702
2013-01-10,42.03291925465838
2013-01-11,31.346583850931676
2013-01-12,24.222360248447202
2013-01-13,26.359627329192545
2013-01-14,39.183229813664596
2013-01-15,34.90869565217391
2013-01-16,34.90869565217391
2013-01-17,40.60807453416149
2013-01-18,42.03291925465838
2013-01-19,18.522981366459625
2013-01-20,27.78447204968944
2013-01-21,31.346583850931676
2013-01-22,32.059006211180126
2013-01-23,44.88260869565217
2013-01-24,47.01987577639751
2013-01-25,48.444720496894405
2013-01-26,33.48385093167702
2013-01-27,36.333540372670804
2013-01-28,44.17018633540373
2013-01-29,46.307453416149066
2013-01-30,71.24223602484471
2013-01-31,53.431677018633536
2013-02-01,51.30757651781234
2013-02-02,32.144505770195686
2013-02-03,28.435524335173106
2013-02-04,51.92574009031611
2013-02-05,51.92574009031611
2013-02-06,53.16206723532363
2013-02-07,52.54390366281987
2013-02-08,41.416959357752134
2013-02-09,25.962870045158056
2013-02-10,42.035122930255895
2013-02-11,42.65328650275966
2013-02-12,43.271450075263424
2013-02-13,47.598595082789764
2013-02-14,50.68941294530858
2013-02-15,31.52634219769192
2013-02-16,19.781234320120422
2013-02-17,35.853487205218265
2013-02-18,51.92574009031611
2013-02-19,51.30757651781234
2013-02-20,49.453085800301054
2013-02-21,53.16206723532363
2013-02-22,41.416959357752134
2013-02-23,34.617160060210736
2013-02-24,34.617160060210736
2013-02-25,61.81635725037632
2013-02-26,46.980431510286
2013-02-27,54.39839438033116
2013-02-28,50.07124937280482
2013-03-01,36.60788276907529
2013-03-02,30.827690752905507
2013-03-03,44.95704901465386
2013-03-04,64.2243557352198
2013-03-05,53.94845881758464
2013-03-06,48.16826680141485
2013-03-07,53.30621526023244
2013-03-08,39.176856998484084
2013-03-09,31.469934310257706
2013-03-10,41.103587670540676
2013-03-11,48.810510358767054
2013-03-12,43.67256189994947
2013-03-13,52.66397170288024
2013-03-14,52.66397170288024
2013-03-15,43.67256189994947
2013-03-16,28.900960080848915
2013-03-17,31.469934310257706
2013-03-18,50.09499747347145
2013-03-19,41.74583122789287
2013-03-20,49.45275391611925
2013-03-21,44.95704901465386
2013-03-22,40.46134411318848
2013-03-23,20.551793835270338
2013-03-24,25.047498736735726
2013-03-25,35.32339565437089
2013-03-26,49.45275391611925
2013-03-27,42.388074785245074
2013-03-28,41.103587670540676
2013-03-29,34.0389085396665
2013-03-30,25.047498736735726
2013-03-31,25.68974229408792
2013-04-01,38.2414151925078
2013-04-02,45.12486992715921
2013-04-03,42.83038501560874
2013-04-04,55.83246618106139
2013-04-05,49.71383975026015
2013-04-06,32.88761706555671
2013-04-07,49.71383975026015
2013-04-08,46.65452653485952
2013-04-09,53.53798126951093
2013-04-10,55.06763787721124
2013-04-11,51.24349635796046
2013-04-12,61.18626430801249
2013-04-13,35.94693028095734
2013-04-14,37.47658688865765
2013-04-15,58.89177939646202
2013-04-16,46.65452653485952
2013-04-17,61.18626430801249
2013-04-18,53.53798126951093
2013-04-19,32.88761706555671
2013-04-20,26.004162330905306
2013-04-21,42.83038501560874
2013-04-22,56.59729448491155
2013-04-23,60.42143600416233
2013-04-24,55.06763787721124
2013-04-25,55.83246618106139
2013-04-26,51.24349635796046
2013-04-27,31.3579604578564
2013-04-28,42.83038501560874
2013-04-29,76.4828303850156
2013-04-30,62.7159209157128
2013-05-01,51.20886075949366
2013-05-02,58.86075949367088
2013-05-03,47.67721518987341
2013-05-04,24.13291139240506
2013-05-05,34.72784810126582
2013-05-06,50.031645569620245
2013-05-07,58.27215189873417
2013-05-08,47.088607594936704
2013-05-09,54.74050632911391
2013-05-10,40.0253164556962
2013-05-11,24.721518987341767
2013-05-12,36.49367088607595
2013-05-13,49.443037974683534
2013-05-14,50.62025316455696
2013-05-15,48.85443037974683
2013-05-16,46.49999999999999
2013-05-17,36.49367088607595
2013-05-18,18.246835443037973
2013-05-19,28.25316455696202
2013-05-20,38.84810126582278
2013-05-21,43.55696202531645
2013-05-22,39.43670886075949
2013-05-23,37.67088607594936
2013-05-24,28.25316455696202
2013-05-25,19.42405063291139
2013-05-26,17.658227848101262
2013-05-27,29.43037974683544
2013-05-28,37.08227848101265
2013-05-29,31.784810126582276
2013-05-30,42.96835443037974
2013-05-31,36.49367088607595
2013-06-01,23.23717948717949
2013-06-02,40.06410256410257
2013-06-03,30.849358974358974
2013-06-04,27.243589743589745
2013-06-05,32.05128205128205
2013-06-06,30.44871794871795
2013-06-07,28.846153846153847
2013-06-08,20.833333333333336
2013-06-09,19.230769230769234
2013-06-10,24.83974358974359
2013-06-11,24.439102564102566
2013-06-12,28.044871794871796
2013-06-13,36.458333333333336
2013-06-14,26.442307692307693
2013-06-15,11.618589743589745
2013-06-16,23.23717948717949
2013-06-17,24.439102564102566
2013-06-18,20.43269230769231
2013-06-19,28.44551282051282
2013-06-20,24.03846153846154
2013-06-21,23.637820512820515
2013-06-22,19.230769230769234
2013-06-23,16.42628205128205
2013-06-24,20.833333333333336
2013-06-25,30.849358974358974
2013-06-26,29.246794871794872
2013-06-27,24.03846153846154
2013-06-28,18.42948717948718
2013-06-29,15.224358974358974
2013-06-30,26.84294871794872
2013-07-01,20.443572129538765
2013-07-02,27.744847890088327
2013-07-03,30.665358194308148
2013-07-04,15.332679097154074
2013-07-05,23.36408243375859
2013-07-06,20.443572129538765
2013-07-07,14.967615309126597
2013-07-08,29.570166830225716
2013-07-09,26.284592737978414
2013-07-10,21.903827281648677
2013-07-11,27.744847890088327
2013-07-12,25.18940137389598
2013-07-13,19.348380765456334
2013-07-14,16.42787046123651
2013-07-15,18.2531894013739
2013-07-16,31.395485770363106
2013-07-17,20.443572129538765
2013-07-18,33.95093228655545
2013-07-19,24.459273797841025
2013-07-20,21.173699705593723
2013-07-21,18.618253189401376
2013-07-22,36.5063788027478
2013-07-23,22.999018645731113
2013-07-24,24.824337585868502
2013-07-25,22.633954857703635
2013-07-26,17.88812561334642
2013-07-27,22.999018645731113
2013-07-28,26.64965652600589
2013-07-29,29.20510304219824
2013-07-30,29.20510304219824
2013-07-31,23.36408243375859
2013-08-01,27.42627345844504
2013-08-02,30.750670241286862
2013-08-03,20.777479892761395
2013-08-04,20.361930294906166
2013-08-05,23.27077747989276
2013-08-06,24.932975871313673
2013-08-07,28.257372654155496
2013-08-08,28.672922252010725
2013-08-09,14.959785522788204
2013-08-10,14.128686327077748
2013-08-11,24.517426273458444
2013-08-12,33.24396782841823
2013-08-13,27.010723860589813
2013-08-14,20.361930294906166
2013-08-15,28.672922252010725
2013-08-16,20.361930294906166
2013-08-17,19.946380697050937
2013-08-18,26.179624664879356
2013-08-19,24.10187667560322
2013-08-20,25.76407506702413
2013-08-21,28.672922252010725
2013-08-22,23.27077747989276
2013-08-23,27.010723860589813
2013-08-24,19.115281501340483
2013-08-25,16.20643431635389
2013-08-26,22.855227882037532
2013-08-27,37.815013404825734
2013-08-28,31.16621983914209
2013-08-29,41.55495978552279
2013-08-30,23.68632707774799
2013-08-31,19.946380697050937
2013-09-01,22.30088495575221
2013-09-02,15.486725663716813
2013-09-03,30.973451327433626
2013-09-04,30.353982300884955
2013-09-05,36.54867256637168
2013-09-06,26.63716814159292
2013-09-07,22.920353982300885
2013-09-08,25.398230088495573
2013-09-09,45.2212389380531
2013-09-10,37.16814159292035
2013-09-11,46.46017699115044
2013-09-12,43.98230088495575
2013-09-13,40.26548672566371
2013-09-14,25.398230088495573
2013-09-15,21.68141592920354
2013-09-16,40.884955752212385
2013-09-17,34.070796460176986
2013-09-18,48.93805309734513
2013-09-19,43.36283185840708
2013-09-20,38.4070796460177
2013-09-21,11.769911504424778
2013-09-22,20.442477876106192
2013-09-23,35.309734513274336
2013-09-24,44.60176991150442
2013-09-25,61.94690265486725
2013-09-26,41.50442477876106
2013-09-27,45.2212389380531
2013-09-28,23.539823008849556
2013-09-29,37.78761061946902
2013-09-30,51.41592920353982
2013-10-01,58.438061041292634
2013-10-02,49.672351885098735
2013-10-03,48.503590664272885
2013-10-04,39.15350089766606
2013-10-05,25.712746858168757
2013-10-06,30.38779174147217
2013-10-07,48.503590664272885
2013-10-08,45.581687612208256
2013-10-09,49.672351885098735
2013-10-10,52.59425493716337
2013-10-11,45.581687612208256
2013-10-12,26.88150807899461
2013-10-13,33.89407540394973
2013-10-14,52.00987432675044
2013-10-15,55.516157989228
2013-10-16,43.82854578096948
2013-10-17,29.803411131059242
2013-10-18,48.503590664272885
2013-10-19,19.868940754039496
2013-10-20,34.478456014362656
2013-10-21,53.1786355475763
2013-10-22,49.672351885098735
2013-10-23,43.82854578096948
2013-10-24,45.581687612208256
2013-10-25,33.89407540394973
2013-10-26,19.868940754039496
2013-10-27,36.231597845601435
2013-10-28,50.84111310592459
2013-10-29,44.99730700179533
2013-10-30,46.16606822262118
2013-10-31,39.15350089766606
2013-11-01,39.870340356564014
2013-11-02,21.92868719611021
2013-11-03,36.547811993517016
2013-11-04,51.83144246353322
2013-11-05,50.50243111831442
2013-11-06,41.86385737439222
2013-11-07,45.186385737439224
2013-11-08,40.534846029173416
2013-11-09,28.573743922204212
2013-11-10,24.586709886547812
2013-11-11,48.50891410048622
2013-11-12,63.12803889789303
2013-11-13,51.83144246353322
2013-11-14,62.463533225283626
2013-11-15,46.51539708265802
2013-11-16,27.909238249594814
2013-11-17,43.85737439222042
2013-11-18,52.49594813614262
2013-11-19,48.50891410048622
2013-11-20,66.45056726094003
2013-11-21,53.824959481361425
2013-11-22,38.54132901134522
2013-11-23,22.593192868719612
2013-11-24,35.883306320907614
2013-11-25,48.50891410048622
2013-11-26,46.51539708265802
2013-11-27,30.567260940032412
2013-11-28,16.61264181523501
2013-11-29,23.25769854132901
2013-11-30,20.59967585089141
2013-12-01,40.36595744680851
2013-12-02,53.18054711246201
2013-12-03,51.25835866261398
2013-12-04,57.66565349544073
2013-12-05,64.07294832826747
2013-12-06,49.33617021276596
2013-12-07,33.31793313069909
2013-12-08,46.13252279635258
2013-12-09,61.51003039513678
2013-12-10,57.02492401215805
2013-12-11,51.25835866261398
2013-12-12,53.18054711246201
2013-12-13,41.64741641337386
2013-12-14,21.78480243161094
2013-12-15,31.395744680851063
2013-12-16,37.16231003039513
2013-12-17,33.958662613981765
2013-12-18,39.72522796352583
2013-12-19,42.92887537993921
2013-12-20,31.395744680851063
2013-12-21,8.329483282674772
2013-12-22,20.503343465045592
2013-12-23,16.018237082066868
2013-12-24,11.533130699088145
2013-12-25,10.89240121580547
2013-12-26,15.377507598784195
2013-12-27,15.377507598784195
2013-12-28,14.736778115501519
2013-12-29,11.533130699088145
2013-12-30,17.299696048632217
2013-12-31,14.096048632218844
2014-01-01,12.33538607295121
2014-01-02,14.09758408337281
2014-01-03,18.943628612032214
2014-01-04,18.062529606821414
2014-01-05,24.23022264329702
2014-01-06,25.551871151113218
2014-01-07,32.60066319279962
2014-01-08,30.397915679772623
2014-01-09,34.36286120322122
2014-01-10,41.41165324490763
2014-01-11,21.586925627664616
2014-01-12,22.908574135480816
2014-01-13,36.56560871624823
2014-01-14,40.530554239696826
2014-01-15,36.12505921364283
2014-01-16,35.24396020843203
2014-01-17,26.87351965892942
2014-01-18,14.978683088583612
2014-01-19,26.87351965892942
2014-01-20,23.349123638086215
2014-01-21,36.56560871624823
2014-01-22,35.24396020843203
2014-01-23,44.05495026054003
2014-01-24,32.16011369019422
2014-01-25,14.53813358597821
2014-01-26,38.32780672666983
2014-01-27,43.61440075793463
2014-01-28,37.88725722406443
2014-01-29,38.32780672666983
2014-01-30,37.44670772145903
2014-01-31,34.80341070582663
2014-02-01,24.278395360077333
2014-02-02,27.445142580956986
2014-02-03,39.05654905751571
2014-02-04,38.52875785403577
2014-02-05,32.19526341227646
2014-02-06,52.7791203479942
2014-02-07,40.112131464475596
2014-02-08,37.47317544707588
2014-02-09,41.167713871435474
2014-02-10,41.69550507491542
2014-02-11,43.80666988883519
2014-02-12,42.22329627839536
2014-02-13,39.58434026099565
2014-02-14,36.94538424359594
2014-02-15,20.056065732237798
2014-02-16,29.556307394876754
2014-02-17,39.58434026099565
2014-02-18,46.445625906234895
2014-02-19,42.22329627839536
2014-02-20,48.02899951667472
2014-02-21,37.47317544707588
2014-02-22,36.417593040115996
2014-02-23,33.77863702271629
2014-02-24,43.278878685355245
2014-02-25,46.445625906234895
2014-02-26,41.69550507491542
2014-02-27,47.50120831319478
2014-02-28,42.22329627839536
2014-03-01,25.074551569506728
2014-03-02,32.52914798206278
2014-03-03,41.339125560538115
2014-03-04,47.43834080717489
2014-03-05,45.405269058295964
2014-03-06,46.082959641255606
2014-03-07,44.72757847533632
2014-03-08,14.909192825112108
2014-03-09,24.396860986547086
2014-03-10,42.016816143497756
2014-03-11,48.11603139013453
2014-03-12,40.66143497757847
2014-03-13,35.23991031390135
2014-03-14,27.78531390134529
2014-03-15,16.942264573991032
2014-03-16,35.91760089686099
2014-03-17,32.52914798206278
2014-03-18,42.016816143497756
2014-03-19,54.2152466367713
2014-03-20,43.37219730941704
2014-03-21,33.884529147982065
2014-03-22,31.85145739910314
2014-03-23,35.91760089686099
2014-03-24,42.016816143497756
2014-03-25,47.43834080717489
2014-03-26,67.76905829596413
2014-03-27,52.18217488789237
2014-03-28,49.471412556053814
2014-03-29,29.818385650224215
2014-03-30,31.85145739910314
2014-03-31,46.082959641255606
2014-04-01,45.82914572864321
2014-04-02,41.00502512562814
2014-04-03,31.95979899497487
2014-04-04,39.79899497487437
2014-04-05,30.15075376884422
2014-04-06,29.547738693467334
2014-04-07,47.63819095477386
2014-04-08,60.30150753768844
2014-04-09,50.0502512562814
2014-04-10,48.84422110552764
2014-04-11,43.417085427135675
2014-04-12,28.94472361809045
2014-04-13,24.120603015075375
2014-04-14,58.49246231155779
2014-04-15,47.63819095477386
2014-04-16,48.24120603015075
2014-04-17,39.79899497487437
2014-04-18,33.16582914572864
2014-04-19,31.95979899497487
2014-04-20,31.95979899497487
2014-04-21,53.66834170854271
2014-04-22,56.68341708542713
2014-04-23,46.4321608040201
2014-04-24,60.30150753768844
2014-04-25,54.874371859296474
2014-04-26,24.72361809045226
2014-04-27,39.79899497487437
2014-04-28,59.69849246231155
2014-04-29,53.065326633165824
2014-04-30,57.8894472361809
2014-05-01,58.194945848375454
2014-05-02,51.16039195461578
2014-05-03,22.382671480144406
2014-05-04,44.76534296028881
2014-05-05,62.03197524497163
2014-05-06,62.671480144404335
2014-05-07,63.95048994326973
2014-05-08,52.43940175348118
2014-05-09,47.9628674574523
2014-05-10,17.906137184115522
2014-05-11,35.17276946879835
2014-05-12,49.24187725631769
2014-05-13,56.91593604951006
2014-05-14,42.846828261990716
2014-05-15,43.48633316142342
2014-05-16,39.64930376482723
2014-05-17,25.58019597730789
2014-05-18,26.859205776173287
2014-05-19,39.64930376482723
2014-05-20,46.04435275915421
2014-05-21,37.73078906652914
2014-05-22,30.69623517276947
2014-05-23,39.00979886539454
2014-05-24,14.708612686952037
2014-05-25,24.301186178442496
2014-05-26,21.10366168127901
2014-05-27,35.812274368231044
2014-05-28,37.09128416709644
2014-05-29,53.71841155234657
2014-05-30,35.17276946879835
2014-05-31,21.74316658071171
2014-06-01,23.04752572268496
2014-06-02,28.8094071533562
2014-06-03,32.51347378735914
2014-06-04,33.74816266536012
2014-06-05,37.0406663400294
2014-06-06,32.51347378735914
2014-06-07,22.6359627633513
2014-06-08,19.75502204801568
2014-06-09,39.0984811366977
2014-06-10,20.16658500734934
2014-06-11,25.10534051935326
2014-06-12,27.16315531602156
2014-06-13,27.57471827535522
2014-06-14,24.6937775600196
2014-06-15,31.27878490935816
2014-06-16,20.98971092601666
2014-06-17,27.16315531602156
2014-06-18,39.0984811366977
2014-06-19,29.63253307202352
2014-06-20,17.69720725134738
2014-06-21,25.51690347868692
2014-06-22,20.578147966682998
2014-06-23,29.63253307202352
2014-06-24,25.51690347868692
2014-06-25,32.9250367466928
2014-06-26,41.156295933365996
2014-06-27,34.9828515433611
2014-06-28,15.22782949534542
2014-06-29,22.6359627633513
2014-06-30,32.10191082802548
2014-07-01,29.577294685990335
2014-07-02,16.473429951690818
2014-07-03,28.82850241545893
2014-07-04,17.59661835748792
2014-07-05,20.217391304347824
2014-07-06,22.838164251207726
2014-07-07,17.59661835748792
2014-07-08,23.212560386473427
2014-07-09,32.19806763285024
2014-07-10,27.70531400966183
2014-07-11,22.089371980676326
2014-07-12,16.84782608695652
2014-07-13,20.591787439613523
2014-07-14,29.951690821256033
2014-07-15,34.07004830917874
2014-07-16,28.82850241545893
2014-07-17,30.326086956521735
2014-07-18,23.961352657004827
2014-07-19,17.222222222222218
2014-07-20,16.473429951690818
2014-07-21,26.95652173913043
2014-07-22,32.57246376811594
2014-07-23,31.449275362318836
2014-07-24,29.202898550724633
2014-07-25,19.842995169082123
2014-07-26,24.710144927536227
2014-07-27,23.961352657004827
2014-07-28,22.463768115942024
2014-07-29,37.43961352657004
2014-07-30,21.714975845410624
2014-07-31,28.07971014492753
2014-08-01,22.691198408751863
2014-08-02,12.409249129786176
2014-08-03,29.427647936350073
2014-08-04,24.109398309298854
2014-08-05,22.336648433615114
2014-08-06,35.45499751367478
2014-08-07,25.173048234709096
2014-08-08,23.754848334162105
2014-08-09,17.018398806563898
2014-08-10,22.336648433615114
2014-08-11,25.527598209845845
2014-08-12,23.04574838388861
2014-08-13,21.27299850820487
2014-08-14,25.173048234709096
2014-08-15,24.109398309298854
2014-08-16,11.345599204375931
2014-08-17,12.409249129786176
2014-08-18,25.882148184982594
2014-08-19,20.563898557931374
2014-08-20,21.982098458478365
2014-08-21,23.754848334162105
2014-08-22,18.791148682247638
2014-08-23,12.054699154649427
2014-08-24,20.20934858279463
2014-08-25,30.845847836897065
2014-08-26,23.04574838388861
2014-08-27,33.68224763799105
2014-08-28,35.100447538538035
2014-08-29,30.136747886623567
2014-08-30,25.173048234709096
2014-08-31,14.181999005469914
2014-09-01,23.66487016168545
2014-09-02,33.439490445859875
2014-09-03,36.52621264086232
2014-09-04,37.555120039196474
2014-09-05,34.46839784419402
2014-09-06,23.66487016168545
2014-09-07,21.607055365017146
2014-09-08,46.300832925036744
2014-09-09,50.41646251837334
2014-09-10,39.61293483586477
2014-09-11,36.52621264086232
2014-09-12,27.78049975502205
2014-09-13,20.063694267515924
2014-09-14,32.9250367466928
2014-09-15,44.75747182753552
2014-09-16,35.49730524252817
2014-09-17,44.24301812836845
2014-09-18,38.58402743753062
2014-09-19,35.49730524252817
2014-09-20,19.034786869181772
2014-09-21,29.32386085252327
2014-09-22,39.61293483586477
2014-09-23,42.185203331700144
2014-09-24,45.271925526702596
2014-09-25,51.44536991670749
2014-09-26,33.439490445859875
2014-09-27,15.948064674179324
2014-09-28,33.439490445859875
2014-09-29,34.98285154336109
2014-09-30,42.185203331700144
2014-10-01,44.39154411764706
2014-10-02,44.97564338235294
2014-10-03,33.877757352941174
2014-10-04,25.700367647058822
2014-10-05,26.868566176470587
2014-10-06,58.40992647058824
2014-10-07,51.400735294117645
2014-10-08,42.05514705882353
2014-10-09,44.97564338235294
2014-10-10,34.46185661764706
2014-10-11,27.45266544117647
2014-10-12,25.700367647058822
2014-10-13,47.896139705882355
2014-10-14,41.471047794117645
2014-10-15,47.31204044117647
2014-10-16,52.56893382352941
2014-10-17,48.48023897058824
2014-10-18,24.532169117647058
2014-10-19,37.38235294117647
2014-10-20,44.97564338235294
2014-10-21,50.232536764705884
2014-10-22,50.81663602941177
2014-10-23,49.6484375
2014-10-24,32.12545955882353
2014-10-25,26.868566176470587
2014-10-26,29.20496323529412
2014-10-27,42.63924632352941
2014-10-28,43.2233455882353
2014-10-29,44.39154411764706
2014-10-30,53.737132352941174
2014-10-31,43.2233455882353
2014-11-01,28.7706685837527
2014-11-02,34.72322070452912
2014-11-03,51.58878504672897
2014-11-04,46.62832494608196
2014-11-05,56.54924514737599
2014-11-06,54.56506110711718
2014-11-07,37.69949676491733
2014-11-08,21.826024442846872
2014-11-09,27.778576563623293
2014-11-10,60.517613227893605
2014-11-11,37.69949676491733
2014-11-12,51.58878504672897
2014-11-13,69.44644140905824
2014-11-14,40.675772825305536
2014-11-15,34.72322070452912
2014-11-16,27.778576563623293
2014-11-17,99.20920201294034
2014-11-18,78.37526959022287
2014-11-19,75.39899352983466
2014-11-20,78.37526959022287
2014-11-21,44.64414090582315
2014-11-22,34.72322070452912
2014-11-23,40.675772825305536
2014-11-24,51.58878504672897
2014-11-25,41.66786484543494
2014-11-26,43.652048885693745
2014-11-27,19.841840402588065
2014-11-28,20.83393242271747
2014-11-29,39.68368080517613
2014-11-30,28.7706685837527
2014-12-01,54.550688360450565
2014-12-02,62.44618272841052
2014-12-03,55.26846057571965
2014-12-04,47.3729662077597
2014-12-05,59.575093867334175
2014-12-06,34.45306633291615
2014-12-07,32.299749687108886
2014-12-08,66.03504380475594
2014-12-09,50.24405506883605
2014-12-10,48.09073842302879
2014-12-11,45.93742177722153
2014-12-12,48.808510638297875
2014-12-13,40.19524405506884
2014-12-14,26.557571964956196
2014-12-15,71.77722152690865
2014-12-16,53.83291614518148
2014-12-17,45.219649561952444
2014-12-18,35.17083854818524
2014-12-19,35.17083854818524
2014-12-20,21.533166458072593
2014-12-21,17.944305381727162
2014-12-22,27.275344180225282
2014-12-23,30.14643304130163
2014-12-24,13.637672090112641
2014-12-25,8.613266583229038
2014-12-26,17.226533166458076
2014-12-27,15.073216520650815
2014-12-28,11.484355444305383
2014-12-29,16.508760951188986
2014-12-30,23.68648310387985
2014-12-31,30.864205256570717
2015-01-01,10.656250000000002
2015-01-02,22.99506578947369
2015-01-03,18.508223684210527
2015-01-04,19.069078947368425
2015-01-05,25.79934210526316
2015-01-06,39.25986842105264
2015-01-07,34.21217105263158
2015-01-08,37.57730263157895
2015-01-09,30.28618421052632
2015-01-10,26.360197368421055
2015-01-11,22.43421052631579
2015-01-12,24.116776315789476
2015-01-13,34.77302631578948
2015-01-14,40.94243421052632
2015-01-15,47.111842105263165
2015-01-16,43.746710526315795
2015-01-17,24.116776315789476
2015-01-18,21.312500000000004
2015-01-19,26.360197368421055
2015-01-20,37.016447368421055
2015-01-21,47.672697368421055
2015-01-22,49.91611842105264
2015-01-23,37.016447368421055
2015-01-24,24.67763157894737
2015-01-25,19.069078947368425
2015-01-26,40.381578947368425
2015-01-27,42.62500000000001
2015-01-28,56.08552631578948
2015-01-29,54.402960526315795
2015-01-30,33.651315789473685
2015-01-31,30.847039473684212
2015-02-01,25.757914338919928
2015-02-02,37.64618249534451
2015-02-03,43.5903165735568
2015-02-04,48.04841713221602
2015-02-05,44.581005586592184
2015-02-06,46.06703910614525
2015-02-07,20.309124767225327
2015-02-08,39.13221601489758
2015-02-09,45.07635009310987
2015-02-10,46.06703910614525
2015-02-11,49.53445065176909
2015-02-12,39.13221601489758
2015-02-13,34.67411545623836
2015-02-14,22.78584729981378
2015-02-15,27.73929236499069
2015-02-16,28.72998137802607
2015-02-17,31.702048417132218
2015-02-18,41.608938547486034
2015-02-19,45.57169459962756
2015-02-20,32.19739292364991
2015-02-21,23.281191806331474
2015-02-22,36.655493482309126
2015-02-23,46.56238361266295
2015-02-24,48.543761638733706
2015-02-25,47.05772811918064
2015-02-26,49.0391061452514
2015-02-27,38.1415270018622
2015-02-28,24.767225325884546
2015-03-01,22.900900900900904
2015-03-02,54.738738738738746
2015-03-03,51.38738738738739
2015-03-04,55.297297297297305
2015-03-05,44.12612612612613
2015-03-06,45.80180180180181
2015-03-07,21.225225225225227
2015-03-08,34.630630630630634
2015-03-09,39.657657657657666
2015-03-10,49.153153153153156
2015-03-11,55.855855855855864
2015-03-12,47.477477477477485
2015-03-13,45.24324324324325
2015-03-14,26.252252252252255
2015-03-15,28.48648648648649
2015-03-16,45.24324324324325
2015-03-17,50.270270270270274
2015-03-18,49.153153153153156
2015-03-19,43.00900900900901
2015-03-20,36.86486486486487
2015-03-21,13.405405405405407
2015-03-22,33.513513513513516
2015-03-23,51.38738738738739
2015-03-24,49.711711711711715
2015-03-25,40.77477477477478
2015-03-26,50.82882882882883
2015-03-27,53.06306306306307
2015-03-28,22.900900900900904
2015-03-29,43.56756756756757
2015-03-30,51.38738738738739
2015-03-31,44.68468468468469
2015-04-01,62.819916240111674
2015-04-02,46.06793857608189
2015-04-03,32.10795718939041
2015-04-04,30.711959050721262
2015-04-05,26.523964634713817
2015-04-06,37.691949744067
2015-04-07,55.839925546765926
2015-04-08,57.235923685435075
2015-04-09,65.61191251744997
2015-04-10,52.349930200093056
2015-04-11,25.127966496044667
2015-04-12,34.899953466728704
2015-04-13,67.7059097254537
2015-04-14,57.933922754769654
2015-04-15,64.21591437878082
2015-04-16,66.30991158678454
2015-04-17,48.859934853420185
2015-04-18,30.711959050721262
2015-04-19,35.59795253606328
2015-04-20,50.95393206142391
2015-04-21,60.725919032107946
2015-04-22,66.30991158678454
2015-04-23,60.725919032107946
2015-04-24,54.44392740809678
2015-04-25,32.10795718939041
2015-04-26,39.08794788273615
2015-04-27,57.933922754769654
2015-04-28,53.047929269427634
2015-04-29,69.79990693345741
2015-04-30,56.537924616100504
2015-05-01,38.214033316506814
2015-05-02,22.002019182231194
2015-05-03,37.0560323069157
2015-05-04,48.63604240282685
2015-05-05,42.84603735487127
2015-05-06,57.90005047955577
2015-05-07,56.74204946996466
2015-05-08,53.84704694598687
2015-05-09,31.26602725896012
2015-05-10,34.74003028773347
2015-05-11,49.21504290762241
2015-05-12,46.320040383644624
2015-05-13,49.21504290762241
2015-05-14,46.320040383644624
2015-05-15,41.1090358404846
2015-05-16,37.635032811711255
2015-05-17,26.634023220595658
2015-05-18,42.26703685007572
2015-05-19,36.47703180212014
2015-05-20,39.372034326097925
2015-05-21,38.79303382130237
2015-05-22,26.634023220595658
2015-05-23,22.581019687026753
2015-05-24,11.580010095911156
2015-05-25,29.529025744573445
2015-05-26,29.529025744573445
2015-05-27,35.31903079252902
2015-05-28,38.214033316506814
2015-05-29,39.951034830893484
2015-05-30,25.47602221100454
2015-05-31,11.580010095911156
2015-06-01,35.406976744186046
2015-06-02,37.24630021141649
2015-06-03,34.94714587737843
2015-06-04,45.9830866807611
2015-06-05,25.290697674418603
2015-06-06,27.13002114164905
2015-06-07,25.750528541226217
2015-06-08,33.10782241014799
2015-06-09,21.612050739957716
2015-06-10,39.54545454545455
2015-06-11,37.24630021141649
2015-06-12,29.889006342494714
2015-06-13,17.473572938689216
2015-06-14,23.91120507399577
2015-06-15,32.64799154334038
2015-06-16,29.429175475687103
2015-06-17,29.429175475687103
2015-06-18,32.18816067653277
2015-06-19,25.750528541226217
2015-06-20,11.955602536997885
2015-06-21,17.473572938689216
2015-06-22,29.429175475687103
2015-06-23,38.625792811839325
2015-06-24,19.772727272727273
2015-06-25,29.889006342494714
2015-06-26,18.853065539112052
2015-06-27,25.750528541226217
2015-06-28,27.58985200845666
2015-06-29,32.18816067653277
2015-06-30,34.487315010570825
2015-07-01,25.50632911392405
2015-07-02,22.759493670886076
2015-07-03,28.645569620253163
2015-07-04,18.443037974683545
2015-07-05,26.29113924050633
2015-07-06,32.962025316455694
2015-07-07,27.468354430379744
2015-07-08,39.24050632911392
2015-07-09,39.24050632911392
2015-07-10,28.253164556962023
2015-07-11,11.772151898734176
2015-07-12,29.430379746835442
2015-07-13,26.68354430379747
2015-07-14,30.60759493670886
2015-07-15,22.759493670886076
2015-07-16,32.962025316455694
2015-07-17,27.075949367088608
2015-07-18,21.189873417721518
2015-07-19,20.79746835443038
2015-07-20,36.49367088607595
2015-07-21,36.88607594936709
2015-07-22,29.037974683544302
2015-07-23,31.784810126582276
2015-07-24,20.40506329113924
2015-07-25,18.443037974683545
2015-07-26,29.037974683544302
2015-07-27,29.430379746835442
2015-07-28,28.645569620253163
2015-07-29,25.89873417721519
2015-07-30,24.72151898734177
2015-07-31,14.126582278481012
2015-08-01,11.275551102204407
2015-08-02,23.576152304609217
2015-08-03,27.676352705410817
2015-08-04,41.00200400801603
2015-08-05,31.776553106212422
2015-08-06,28.701402805611217
2015-08-07,27.676352705410817
2015-08-08,17.42585170340681
2015-08-09,13.325651302605209
2015-08-10,29.72645290581162
2015-08-11,31.776553106212422
2015-08-12,23.576152304609217
2015-08-13,27.676352705410817
2015-08-14,24.601202404809616
2015-08-15,16.40080160320641
2015-08-16,20.501002004008015
2015-08-17,102.50501002004006
2015-08-18,36.901803607214426
2015-08-19,28.701402805611217
2015-08-20,32.80160320641282
2015-08-21,33.826653306613224
2015-08-22,35.87675350701402
2015-08-23,30.75150300601202
2015-08-24,80.97895791583166
2015-08-25,50.227454909819635
2015-08-26,41.00200400801603
2015-08-27,32.80160320641282
2015-08-28,28.701402805611217
2015-08-29,25.626252505010015
2015-08-30,27.676352705410817
2015-08-31,37.92685370741482
2015-09-01,80.47411104179663
2015-09-02,78.8646288209607
2015-09-03,46.674984404242046
2015-09-04,39.43231441048035
2015-09-05,17.70430442919526
2015-09-06,26.55645664379289
2015-09-07,25.751715533374924
2015-09-08,45.87024329382408
2015-09-09,65.98877105427324
2015-09-10,45.06550218340612
2015-09-11,41.84653774173425
2015-09-12,29.775421085464757
2015-09-13,28.165938864628824
2015-09-14,51.50343106674985
2015-09-15,49.08920773549595
2015-09-16,39.43231441048035
2015-09-17,51.50343106674985
2015-09-18,45.87024329382408
2015-09-19,12.875857766687462
2015-09-20,21.72800998128509
2015-09-21,48.28446662507798
2015-09-22,41.04179663131629
2015-09-23,48.28446662507798
2015-09-24,46.674984404242046
2015-09-25,34.60386774797255
2015-09-26,28.165938864628824
2015-09-27,32.18964441671866
2015-09-28,52.30817217716781
2015-09-29,61.16032439176544
2015-09-30,53.11291328758578
2015-10-01,47.95060658578856
2015-10-02,43.43760831889082
2015-10-03,20.87261698440208
2015-10-04,30.462738301559792
2015-10-05,51.89948006932409
2015-10-06,40.61698440207972
2015-10-07,55.84835355285962
2015-10-08,53.02772963604853
2015-10-09,41.18110918544194
2015-10-10,29.334488734835357
2015-10-11,30.462738301559792
2015-10-12,50.77123050259966
2015-10-13,42.30935875216638
2015-10-14,48.51473136915078
2015-10-15,56.41247833622184
2015-10-16,33.8474870017331
2015-10-17,28.20623916811092
2015-10-18,24.821490467937608
2015-10-19,51.335355285961874
2015-10-20,47.95060658578856
2015-10-21,50.77123050259966
2015-10-22,46.82235701906413
2015-10-23,38.92461005199307
2015-10-24,24.25736568457539
2015-10-25,33.8474870017331
2015-10-26,53.02772963604853
2015-10-27,49.642980935875215
2015-10-28,51.89948006932409
2015-10-29,47.386481802426346
2015-10-30,53.591854419410744
2015-10-31,22.564991334488735
2015-11-01,35.83710407239819
2015-11-02,53.0920060331825
2015-11-03,55.74660633484163
2015-11-04,50.43740573152338
2015-11-05,48.44645550527903
2015-11-06,55.082956259426844
2015-11-07,19.90950226244344
2015-11-08,43.800904977375566
2015-11-09,55.74660633484163
2015-11-10,51.101055806938156
2015-11-11,57.737556561085974
2015-11-12,66.36500754147812
2015-11-13,44.464555052790345
2015-11-14,25.88235294117647
2015-11-15,34.509803921568626
2015-11-16,59.72850678733032
2015-11-17,63.710407239819006
2015-11-18,59.72850678733032
2015-11-19,56.41025641025641
2015-11-20,39.81900452488688
2015-11-21,28.536953242835594
2015-11-22,31.855203619909503
2015-11-23,53.755656108597286
2015-11-24,47.782805429864254
2015-11-25,27.873303167420815
2015-11-26,18.582202111613874
2015-11-27,19.90950226244344
2015-11-28,22.564102564102562
2015-11-29,37.828054298642535
2015-11-30,53.755656108597286
2015-12-01,60.15087719298245
2015-12-02,74.61754385964912
2015-12-03,69.2877192982456
2015-12-04,63.19649122807017
2015-12-05,34.263157894736835
2015-12-06,46.445614035087715
2015-12-07,76.14035087719297
2015-12-08,72.33333333333333
2015-12-09,64.71929824561403
2015-12-10,50.252631578947366
2015-12-11,57.86666666666666
2015-12-12,32.74035087719298
2015-12-13,35.7859649122807
2015-12-14,65.48070175438596
2015-12-15,70.81052631578946
2015-12-16,59.38947368421052
2015-12-17,59.38947368421052
2015-12-18,35.7859649122807
2015-12-19,20.557894736842105
2015-12-20,26.64912280701754
2015-12-21,26.64912280701754
2015-12-22,21.319298245614032
2015-12-23,22.080701754385963
2015-12-24,15.228070175438596
2015-12-25,12.943859649122805
2015-12-26,19.035087719298243
2015-12-27,14.466666666666665
2015-12-28,20.557894736842105
2015-12-29,18.273684210526312
2015-12-30,24.364912280701752
2015-12-31,31.21754385964912
2016-01-01,19.484154929577464
2016-01-02,21.339788732394364
2016-01-03,23.195422535211264
2016-01-04,38.04049295774647
2016-01-05,41.75176056338028
2016-01-06,45.46302816901408
2016-01-07,52.88556338028169
2016-01-08,55.66901408450704
2016-01-09,34.32922535211267
2016-01-10,39.89612676056338
2016-01-11,50.102112676056336
2016-01-12,50.102112676056336
2016-01-13,69.5862676056338
2016-01-14,59.38028169014084
2016-01-15,80.7200704225352
2016-01-16,63.09154929577464
2016-01-17,51.029929577464785
2016-01-18,62.16373239436619
2016-01-19,60.30809859154929
2016-01-20,92.78169014084506
2016-01-21,68.65845070422534
2016-01-22,54.741197183098585
2016-01-23,33.401408450704224
2016-01-24,34.32922535211267
2016-01-25,61.235915492957744
2016-01-26,64.94718309859154
2016-01-27,59.38028169014084
2016-01-28,62.16373239436619
2016-01-29,54.741197183098585
2016-01-30,30.617957746478872
2016-01-31,45.46302816901408
2016-02-01,58.031763417305584
2016-02-02,56.1894852135816
2016-02-03,61.71631982475356
2016-02-04,70.92771084337349
2016-02-05,72.76998904709748
2016-02-06,44.21467688937568
2016-02-07,40.53012048192771
2016-02-08,60.795180722891565
2016-02-09,71.84884994523549
2016-02-10,70.92771084337349
2016-02-11,92.11391018619935
2016-02-12,71.84884994523549
2016-02-13,51.58378970427163
2016-02-14,41.45125958378971
2016-02-15,54.34720700985761
2016-02-16,60.795180722891565
2016-02-17,68.16429353778751
2016-02-18,56.1894852135816
2016-02-19,53.426067907995616
2016-02-20,33.16100766703176
2016-02-21,36.84556407447974
2016-02-22,62.63745892661555
2016-02-23,63.55859802847755
2016-02-24,63.55859802847755
2016-02-25,68.16429353778751
2016-02-26,55.26834611171961
2016-02-27,35.92442497261774
2016-02-28,46.056955093099674
2016-02-29,58.95290251916758
2016-03-01,62.692921766897285
2016-03-02,56.9185737094199
2016-03-03,56.09366684406599
2016-03-04,82.49068653539116
2016-03-05,46.194784459819054
2016-03-06,45.369877594465144
2016-03-07,61.868014901543376
2016-03-08,60.21820117083555
2016-03-09,61.868014901543376
2016-03-10,50.31931878658861
2016-03-11,50.31931878658861
2016-03-12,30.521554018094733
2016-03-13,35.4709952102182
2016-03-14,61.868014901543376
2016-03-15,61.868014901543376
2016-03-16,47.844598190526874
2016-03-17,60.21820117083555
2016-03-18,35.4709952102182
2016-03-19,28.87174028738691
2016-03-20,31.346460883448643
2016-03-21,48.66950505588079
2016-03-22,49.4944119212347
2016-03-23,55.26875997871208
2016-03-24,45.369877594465144
2016-03-25,36.295902075572116
2016-03-26,31.346460883448643
2016-03-27,33.82118147951038
2016-03-28,51.96913251729644
2016-03-29,60.21820117083555
2016-03-30,56.09366684406599
2016-03-31,53.61894624800426
2016-04-01,52.17391304347826
2016-04-02,28.695652173913043
2016-04-03,78.26086956521739
2016-04-04,86.95652173913044
2016-04-05,80.8695652173913
2016-04-06,70.43478260869566
2016-04-07,62.608695652173914
2016-04-08,53.04347826086956
2016-04-09,31.304347826086957
2016-04-10,48.69565217391304
2016-04-11,60.0
2016-04-12,60.0
2016-04-13,70.43478260869566
2016-04-14,59.130434782608695
2016-04-15,60.0
2016-04-16,32.17391304347826
2016-04-17,39.130434782608695
2016-04-18,74.78260869565217
2016-04-19,62.608695652173914
2016-04-20,62.608695652173914
2016-04-21,64.34782608695652
2016-04-22,57.391304347826086
2016-04-23,32.17391304347826
2016-04-24,39.130434782608695
2016-04-25,72.17391304347827
2016-04-26,63.47826086956522
2016-04-27,73.91304347826087
2016-04-28,66.08695652173913
2016-04-29,61.73913043478261
2016-04-30,35.65217391304348
2016-05-01,51.21223709369025
2016-05-02,71.1281070745698
2016-05-03,61.881453154875715
2016-05-04,54.05736137667304
2016-05-05,65.43785850860421
2016-05-06,59.747609942638626
2016-05-07,35.5640535372849
2016-05-08,43.38814531548757
2016-05-09,63.30401529636711
2016-05-10,69.7055449330784
2016-05-11,66.1491395793499
2016-05-12,57.61376673040153
2016-05-13,59.03632887189293
2016-05-14,32.718929254302104
2016-05-15,38.409177820267686
2016-05-16,59.03632887189293
2016-05-17,50.50095602294455
2016-05-18,57.61376673040153
2016-05-19,46.94455066921606
2016-05-20,41.25430210325048
2016-05-21,20.62715105162524
2016-05-22,33.4302103250478
2016-05-23,48.36711281070746
2016-05-24,45.521988527724666
2016-05-25,41.25430210325048
2016-05-26,58.32504780114723
2016-05-27,33.4302103250478
2016-05-28,19.915869980879542
2016-05-29,27.739961759082217
2016-05-30,29.162523900573614
2016-05-31,45.521988527724666
2016-06-01,40.918880114860016
2016-06-02,44.19239052404882
2016-06-03,39.282124910265615
2016-06-04,36.82699210337402
2016-06-05,37.645369705671214
2016-06-06,48.284278535534824
2016-06-07,41.73725771715722
2016-06-08,45.82914572864322
2016-06-09,37.645369705671214
2016-06-10,39.282124910265615
2016-06-11,26.18808327351041
2016-06-12,20.459440057430008
2016-06-13,31.098348887293614
2016-06-14,31.098348887293614
2016-06-15,28.643216080402013
2016-06-16,32.73510409188801
2016-06-17,33.553481694185216
2016-06-18,22.91457286432161
2016-06-19,31.098348887293614
2016-06-20,32.73510409188801
2016-06-21,37.645369705671214
2016-06-22,30.279971284996414
2016-06-23,34.37185929648241
2016-06-24,81.83776022972003
2016-06-25,49.921033740129225
2016-06-26,41.73725771715722
2016-06-27,57.286432160804026
2016-06-28,38.46374730796842
2016-06-29,35.19023689877962
2016-06-30,31.098348887293614
2016-07-01,30.37463976945245
2016-07-02,21.887608069164266
2016-07-03,23.67435158501441
2016-07-04,20.54755043227666
2016-07-05,30.37463976945245
2016-07-06,44.668587896253605
2016-07-07,37.96829971181556
2016-07-08,38.4149855907781
2016-07-09,22.334293948126803
2016-07-10,16.527377521613833
2016-07-11,28.587896253602306
2016-07-12,29.034582132564843
2016-07-13,31.26801152737752
2016-07-14,32.60806916426513
2016-07-15,25.90778097982709
2016-07-16,17.420749279538907
2016-07-17,27.2478386167147
2016-07-18,28.587896253602306
2016-07-19,27.694524495677236
2016-07-20,34.84149855907781
2016-07-21,32.16138328530259
2016-07-22,30.821325648414987
2016-07-23,30.37463976945245
2016-07-24,33.94812680115274
2016-07-25,31.714697406340058
2016-07-26,40.648414985590776
2016-07-27,30.821325648414987
2016-07-28,39.75504322766571
2016-07-29,40.648414985590776
2016-07-30,21.887608069164266
2016-07-31,27.2478386167147
2016-08-01,40.45762711864407
2016-08-02,38.82297551789077
2016-08-03,33.101694915254235
2016-08-04,27.380414312617702
2016-08-05,36.37099811676083
2016-08-06,27.380414312617702
2016-08-07,17.981167608286253
2016-08-08,32.69303201506591
2016-08-09,31.058380414312616
2016-08-10,18.389830508474574
2016-08-11,27.380414312617702
2016-08-12,22.88512241054614
2016-08-13,20.433145009416194
2016-08-14,12.668549905838042
2016-08-15,27.380414312617702
2016-08-16,27.789077212806024
2016-08-17,21.250470809792844
2016-08-18,31.46704331450094
2016-08-19,20.84180790960452
2016-08-20,15.529190207156308
2016-08-21,20.433145009416194
2016-08-22,32.69303201506591
2016-08-23,31.058380414312616
2016-08-24,31.46704331450094
2016-08-25,30.24105461393597
2016-08-26,28.19774011299435
2016-08-27,22.476459510357817
2016-08-28,28.19774011299435
2016-08-29,33.919020715630886
2016-08-30,37.188323917137474
2016-08-31,40.86629001883239
2016-09-01,45.33772652388797
2016-09-02,38.96210873146622
2016-09-03,24.085667215815487
2016-09-04,26.210873146622735
2016-09-05,29.752883031301483
2016-09-06,43.212520593080725
2016-09-07,42.50411861614497
2016-09-08,51.00494233937397
2016-09-09,50.29654036243822
2016-09-10,20.54365733113674
2016-09-11,37.54530477759473
2016-09-12,46.754530477759474
2016-09-13,48.171334431630974
2016-09-14,54.54695222405272
2016-09-15,41.08731466227348
2016-09-16,42.50411861614497
2016-09-17,23.377265238879737
2016-09-18,41.08731466227348
2016-09-19,48.87973640856672
2016-09-20,54.54695222405272
2016-09-21,48.87973640856672
2016-09-22,51.71334431630972
2016-09-23,42.50411861614497
2016-09-24,27.627677100494232
2016-09-25,29.752883031301483
2016-09-26,46.04612850082372
2016-09-27,70.84019769357496
2016-09-28,61.63097199341021
2016-09-29,51.00494233937397
2016-09-30,49.58813838550247
2016-10-01,36.842849924204145
2016-10-02,46.61748357756443
2016-10-03,57.14401212733704
2016-10-04,51.88074785245074
2016-10-05,48.12127337038909
2016-10-06,48.87316826680142
2016-10-07,32.33148054573017
2016-10-08,33.0833754421425
2016-10-09,32.33148054573017
2016-10-10,69.92622536634664
2016-10-11,48.87316826680142
2016-10-12,56.39211723092472
2016-10-13,66.166750884285
2016-10-14,55.64022233451239
2016-10-15,33.0833754421425
2016-10-16,40.602324406265794
2016-10-17,54.888327438100056
2016-10-18,68.422435573522
2016-10-19,50.37695805962608
2016-10-20,75.18948964123295
2016-10-21,42.106114199090456
2016-10-22,30.82769075290551
2016-10-23,23.308741788782214
2016-10-24,55.64022233451239
2016-10-25,54.888327438100056
2016-10-26,60.15159171298636
2016-10-27,54.888327438100056
2016-10-28,58.647801920161704
2016-10-29,15.789792824658921
2016-10-30,32.33148054573017
2016-10-31,52.63264274886307
2016-11-01,61.010901883052526
2016-11-02,64.40039643211101
2016-11-03,57.62140733399406
2016-11-04,59.31615460852329
2016-11-05,25.421209117938552
2016-11-06,33.89494549058474
2016-11-07,57.62140733399406
2016-11-08,57.62140733399406
2016-11-09,169.4747274529237
2016-11-10,113.54806739345888
2016-11-11,71.17938553022795
2016-11-12,47.452923686818636
2016-11-13,57.62140733399406
2016-11-14,67.78989098116948
2016-11-15,79.65312190287413
2016-11-16,61.010901883052526
2016-11-17,69.48463825569871
2016-11-18,57.62140733399406
2016-11-19,30.505450941526263
2016-11-20,37.284440039643215
2016-11-21,50.842418235877105
2016-11-22,45.758176412289394
2016-11-23,38.97918731417245
2016-11-24,28.81070366699703
2016-11-25,25.421209117938552
2016-11-26,30.505450941526263
2016-11-27,37.284440039643215
2016-11-28,54.23191278493558
2016-11-29,61.010901883052526
2016-11-30,57.62140733399406
2016-12-01,75.29620853080569
2016-12-02,54.21327014218009
2016-12-03,45.17772511848341
2016-12-04,54.96623222748815
2016-12-05,66.260663507109
2016-12-06,61.742890995260666
2016-12-07,74.54324644549763
2016-12-08,67.76658767772511
2016-12-09,52.70734597156398
2016-12-10,32.377369668246445
2016-12-11,43.6718009478673
2016-12-12,57.225118483412324
2016-12-13,63.24881516587678
2016-12-14,57.97808056872038
2016-12-15,53.46030805687204
2016-12-16,51.20142180094787
2016-12-17,24.09478672985782
2016-12-18,23.341824644549764
2016-12-19,42.165876777251185
2016-12-20,33.1303317535545
2016-12-21,25.600710900473935
2016-12-22,28.612559241706162
2016-12-23,28.612559241706162
2016-12-24,19.577014218009477
2016-12-25,18.82405213270142
2016-12-26,12.800355450236967
2016-12-27,24.09478672985782
2016-12-28,19.577014218009477
2016-12-29,22.588862559241704
2016-12-30,24.09478672985782
2016-12-31,12.04739336492891
2017-01-01,9.945226917057903
2017-01-02,28.50965049556599
2017-01-03,38.454877412623894
2017-01-04,39.11789254042775
2017-01-05,48.400104329681795
2017-01-06,38.454877412623894
2017-01-07,24.531559728742828
2017-01-08,24.531559728742828
2017-01-09,44.42201356285863
2017-01-10,35.80281690140845
2017-01-11,38.454877412623894
2017-01-12,41.10693792383933
2017-01-13,38.454877412623894
2017-01-14,29.835680751173708
2017-01-15,27.183620239958266
2017-01-16,37.79186228482003
2017-01-17,41.10693792383933
2017-01-18,45.08502869066249
2017-01-19,52.37819509650495
2017-01-20,53.04121022430881
2017-01-21,35.13980177360459
2017-01-22,39.11789254042775
2017-01-23,49.063119457485655
2017-01-24,58.3453312467397
2017-01-25,66.30151278038602
2017-01-26,61.660406885758995
2017-01-27,47.737089201877936
2017-01-28,27.183620239958266
2017-01-29,44.42201356285863
2017-01-30,55.69327073552426
2017-01-31,49.726134585289515
2017-02-01,50.627825213460575
2017-02-02,63.28478151682572
2017-02-03,48.09643395278754
2017-02-04,34.173782019085884
2017-02-05,25.313912606730288
2017-02-06,48.729281767955804
2017-02-07,38.60371672526369
2017-02-08,45.56504269211452
2017-02-09,55.69060773480663
2017-02-10,47.46358613761929
2017-02-11,29.11099949773983
2017-02-12,30.376695128076342
2017-02-13,53.1592164741336
2017-02-14,48.09643395278754
2017-02-15,55.69060773480663
2017-02-16,59.487694625816175
2017-02-17,50.627825213460575
2017-02-18,24.68106479156203
2017-02-19,28.47815168257157
2017-02-20,43.666499246609746
2017-02-21,47.46358613761929
2017-02-22,48.09643395278754
2017-02-23,48.729281767955804
2017-02-24,43.666499246609746
2017-02-25,32.908086388749375
2017-02-26,41.767955801104975
2017-02-27,60.753390256152684
2017-02-28,55.69060773480663
2017-03-01,61.910188314823756
2017-03-02,51.357315306615156
2017-03-03,49.24674070497344
2017-03-04,26.030420086914532
2017-03-05,41.50796716562047
2017-03-06,60.50313858039594
2017-03-07,67.538387252535
2017-03-08,48.54321583775953
2017-03-09,70.35248672139063
2017-03-10,44.322066634476094
2017-03-11,28.84451955577016
2017-03-12,27.437469821342344
2017-03-13,47.839690970545625
2017-03-14,47.13616610333172
2017-03-15,50.65379043940125
2017-03-16,60.50313858039594
2017-03-17,47.13616610333172
2017-03-18,28.14099468855625
2017-03-19,38.69386769676485
2017-03-20,52.76436504104297
2017-03-21,52.76436504104297
2017-03-22,52.060840173829064
2017-03-23,52.060840173829064
2017-03-24,47.13616610333172
2017-03-25,21.809270883631093
2017-03-26,37.99034282955094
2017-03-27,42.21149203283438
2017-03-28,54.87493964268469
2017-03-29,54.17141477547079
2017-03-30,49.95026557218735
2017-03-31,41.50796716562047
2017-04-01,26.475995914198165
2017-04-02,33.83043922369765
2017-04-03,58.83554647599592
2017-04-04,52.95199182839633
2017-04-05,53.68743615934628
2017-04-06,55.89376915219612
2017-04-07,49.27477017364658
2017-04-08,30.15321756894791
2017-04-09,30.88866189989786
2017-04-10,57.36465781409602
2017-04-11,55.89376915219612
2017-04-12,51.48110316649643
2017-04-13,47.068437180796735
2017-04-14,40.449438202247194
2017-04-15,25.740551583248216
2017-04-16,27.94688457609806
2017-04-17,62.51276813074566
2017-04-18,58.83554647599592
2017-04-19,63.98365679264556
2017-04-20,44.12665985699694
2017-04-21,54.42288049029622
2017-04-22,36.0367722165475
2017-04-23,32.359550561797754
2017-04-24,66.18998978549541
2017-04-25,73.5444330949949
2017-04-26,65.45454545454545
2017-04-27,64.71910112359551
2017-04-28,44.86210418794689
2017-04-29,30.15321756894791
2017-04-30,44.86210418794689
2017-05-01,67.69933976637887
2017-05-02,64.99136617572373
2017-05-03,61.606399187404776
2017-05-04,60.2524123920772
2017-05-05,56.19045200609447
2017-05-06,24.371762315896394
2017-05-07,33.17267648552565
2017-05-08,66.3453529710513
2017-05-09,48.74352463179279
2017-05-10,64.31437277805993
2017-05-11,55.513458608430675
2017-05-12,50.09751142712037
2017-05-13,21.66378872524124
2017-05-14,26.402742508887762
2017-05-15,46.71254443880142
2017-05-16,40.61960385982732
2017-05-17,58.22143219908583
2017-05-18,49.42051802945658
2017-05-19,35.88065007618081
2017-05-20,27.079735906551548
2017-05-21,28.433722701879127
2017-05-22,45.358557643473844
2017-05-23,36.55764347384459
2017-05-24,42.650584052818694
2017-05-25,35.203656678517014
2017-05-26,33.849669883189435
2017-05-27,20.98679532757745
2017-05-28,21.66378872524124
2017-05-29,25.725749111223973
2017-05-30,42.650584052818694
2017-05-31,40.61960385982732
2017-06-01,31.204379562043798
2017-06-02,38.59489051094891
2017-06-03,22.58211678832117
2017-06-04,23.813868613138688
2017-06-05,32.846715328467155
2017-06-06,40.64781021897811
2017-06-07,34.48905109489051
2017-06-08,29.56204379562044
2017-06-09,34.07846715328468
2017-06-10,25.045620437956206
2017-06-11,22.17153284671533
2017-06-12,36.95255474452555
2017-06-13,30.793795620437958
2017-06-14,34.89963503649635
2017-06-15,30.793795620437958
2017-06-16,25.456204379562045
2017-06-17,22.17153284671533
2017-06-18,26.687956204379564
2017-06-19,31.614963503649637
2017-06-20,25.866788321167885
2017-06-21,35.31021897810219
2017-06-22,27.509124087591243
2017-06-23,27.919708029197082
2017-06-24,23.813868613138688
2017-06-25,25.456204379562045
2017-06-26,35.31021897810219
2017-06-27,41.058394160583944
2017-06-28,24.224452554744527
2017-06-29,28.74087591240876
2017-06-30,30.38321167883212
2017-07-01,19.658536585365855
2017-07-02,21.926829268292682
2017-07-03,26.841463414634145
2017-07-04,20.414634146341463
2017-07-05,31.0
2017-07-06,32.890243902439025
2017-07-07,29.865853658536587
2017-07-08,14.74390243902439
2017-07-09,24.951219512195124
2017-07-10,30.24390243902439
2017-07-11,33.26829268292683
2017-07-12,29.109756097560975
2017-07-13,35.15853658536585
2017-07-14,23.4390243902439
2017-07-15,21.54878048780488
2017-07-16,24.951219512195124
2017-07-17,37.80487804878049
2017-07-18,23.0609756097561
2017-07-19,29.109756097560975
2017-07-20,34.40243902439025
2017-07-21,25.70731707317073
2017-07-22,18.146341463414636
2017-07-23,27.975609756097562
2017-07-24,23.4390243902439
2017-07-25,32.51219512195122
2017-07-26,25.70731707317073
2017-07-27,26.463414634146343
2017-07-28,27.597560975609756
2017-07-29,27.21951219512195
2017-07-30,21.54878048780488
2017-07-31,36.29268292682927
2017-08-01,33.89471176750834
2017-08-02,31.900905192949025
2017-08-03,29.50833730347785
2017-08-04,28.31205335874226
2017-08-05,20.336827060505005
2017-08-06,20.735588375416867
2017-08-07,27.514530728918537
2017-08-08,29.907098618389714
2017-08-09,33.097189137684616
2017-08-10,25.520724154359222
2017-08-11,20.336827060505005
2017-08-12,17.944259171033828
2017-08-13,27.9132920438304
2017-08-14,28.710814673654124
2017-08-15,32.29966650786089
2017-08-16,25.520724154359222
2017-08-17,22.729394949976182
2017-08-18,19.53930443068128
2017-08-19,16.74797522629824
2017-08-20,21.13434969032873
2017-08-21,23.526917579799907
2017-08-22,29.907098618389714
2017-08-23,27.115769414006675
2017-08-24,27.115769414006675
2017-08-25,31.502143878037163
2017-08-26,25.12196283944736
2017-08-27,18.741781800857552
2017-08-28,35.48975702715579
2017-08-29,33.097189137684616
2017-08-30,31.900905192949025
2017-08-31,39.876131491186285
2017-09-01,28.460388639760836
2017-09-02,24.394618834080717
2017-09-03,22.361733931240657
2017-09-04,31.001494768310913
2017-09-05,41.16591928251121
2017-09-06,37.60837070254111
2017-09-07,31.001494768310913
2017-09-08,35.06726457399103
2017-09-09,29.98505231689088
2017-09-10,26.935724962630793
2017-09-11,37.60837070254111
2017-09-12,29.98505231689088
2017-09-13,41.67414050822123
2017-09-14,38.624813153961135
2017-09-15,36.591928251121075
2017-09-16,20.328849028400597
2017-09-17,27.443946188340806
2017-09-18,44.723467862481314
2017-09-19,42.18236173393124
2017-09-20,41.16591928251121
2017-09-21,37.10014947683109
2017-09-22,38.11659192825112
2017-09-23,21.345291479820627
2017-09-24,22.869955156950674
2017-09-25,44.2152466367713
2017-09-26,43.19880418535127
2017-09-27,38.11659192825112
2017-09-28,50.82212257100149
2017-09-29,36.591928251121075
2017-09-30,19.312406576980568
2017-10-01,26.12126616139099
2017-10-02,40.05260811413286
2017-10-03,52.24253232278198
2017-10-04,45.27686134641105
2017-10-05,55.725367810967455
2017-10-06,44.115916183682565
2017-10-07,30.76504681230495
2017-10-08,27.28221132411948
2017-10-09,40.05260811413286
2017-10-10,36.56977262594739
2017-10-11,40.05260811413286
2017-10-12,53.40347748551047
2017-10-13,44.115916183682565
2017-10-14,29.023629068212216
2017-10-15,27.862683905483728
2017-10-16,42.374498439589836
2017-10-17,52.24253232278198
2017-10-18,51.66205974141774
2017-10-19,53.40347748551047
2017-10-20,41.21355327686135
2017-10-21,26.12126616139099
2017-10-22,35.4088274632189
2017-10-23,53.40347748551047
2017-10-24,58.04725813642443
2017-10-25,51.66205974141774
2017-10-26,49.920641997325006
2017-10-27,32.50646455639768
2017-10-28,24.37984841729826
2017-10-29,34.82835488185466
2017-10-30,47.59875167186803
2017-10-31,54.56442264823896
2017-11-01,43.535825545171335
2017-11-02,57.601246105919
2017-11-03,41.52647975077881
2017-11-04,31.479750778816197
2017-11-05,30.14018691588785
2017-11-06,46.88473520249221
2017-11-07,50.23364485981308
2017-11-08,51.57320872274143
2017-11-09,60.2803738317757
2017-11-10,45.54517133956386
2017-11-11,21.43302180685358
2017-11-12,30.809968847352025
2017-11-13,66.97819314641744
2017-11-14,51.57320872274143
2017-11-15,62.28971962616822
2017-11-16,53.58255451713396
2017-11-17,49.563862928348904
2017-11-18,22.102803738317757
2017-11-19,32.81931464174455
2017-11-20,50.23364485981308
2017-11-21,37.507788161993766
2017-11-22,22.77258566978193
2017-11-23,20.763239875389406
2017-11-24,21.43302180685358
2017-11-25,21.43302180685358
2017-11-26,32.81931464174455
2017-11-27,56.931464174454824
2017-11-28,60.95015576323987
2017-11-29,54.9221183800623
2017-11-30,60.2803738317757
2017-12-01,54.687179487179485
2017-12-02,47.09173789173789
2017-12-03,48.61082621082621
2017-12-04,64.56125356125357
2017-12-05,75.95441595441595
2017-12-06,56.965811965811966
2017-12-07,60.763532763532766
2017-12-08,65.32079772079773
2017-12-09,32.660398860398864
2017-12-10,44.053561253561256
2017-12-11,62.282621082621084
2017-12-12,66.83988603988604
2017-12-13,67.5994301994302
2017-12-14,63.04216524216524
2017-12-15,46.33219373219373
2017-12-16,36.45811965811966
2017-12-17,36.45811965811966
2017-12-18,37.21766381766382
2017-12-19,38.73675213675214
2017-12-20,51.64900284900285
2017-12-21,48.61082621082621
2017-12-22,25.064957264957265
2017-12-23,24.305413105413106
2017-12-24,15.190883190883191
2017-12-25,25.064957264957265
2017-12-26,24.305413105413106
2017-12-27,29.622222222222224
2017-12-28,21.26723646723647
2017-12-29,27.343589743589742
2017-12-30,18.988603988603987
2017-12-31,15.95042735042735
2018-01-01,14.090909090909088
2018-01-02,32.47035573122529
2018-01-03,39.2094861660079
2018-01-04,39.822134387351774
2018-01-05,28.79446640316205
2018-01-06,30.632411067193672
2018-01-07,27.569169960474305
2018-01-08,39.822134387351774
2018-01-09,47.17391304347825
2018-01-10,38.596837944664024
2018-01-11,51.46245059288537
2018-01-12,40.43478260869565
2018-01-13,25.731225296442684
2018-01-14,17.154150197628457
2018-01-15,23.28063241106719
2018-01-16,48.399209486166
2018-01-17,47.17391304347825
2018-01-18,41.04743083003952
2018-01-19,44.110671936758884
2018-01-20,30.632411067193672
2018-01-21,36.14624505928853
2018-01-22,54.525691699604735
2018-01-23,47.786561264822126
2018-01-24,55.750988142292485
2018-01-25,48.399209486166
2018-01-26,42.272727272727266
2018-01-27,30.632411067193672
2018-01-28,42.272727272727266
2018-01-29,55.13833992094861
2018-01-30,58.20158102766798
2018-01-31,61.264822134387344
2018-02-01,48.764044943820224
2018-02-02,57.41573033707866
2018-02-03,33.82022471910113
2018-02-04,36.17977528089888
2018-02-05,74.71910112359551
2018-02-06,78.65168539325843
2018-02-07,54.26966292134831
2018-02-08,70.0
2018-02-09,69.21348314606742
2018-02-10,31.460674157303373
2018-02-11,40.1123595505618
2018-02-12,65.28089887640449
2018-02-13,77.07865168539327
2018-02-14,47.97752808988764
2018-02-15,42.47191011235955
2018-02-16,44.044943820224724
2018-02-17,32.247191011235955
2018-02-18,27.52808988764045
2018-02-19,34.60674157303371
2018-02-20,51.12359550561798
2018-02-21,47.19101123595506
2018-02-22,56.62921348314607
2018-02-23,47.97752808988764
2018-02-24,22.808988764044944
2018-02-25,36.17977528089888
2018-02-26,62.13483146067416
2018-02-27,58.98876404494382
2018-02-28,51.12359550561798
2018-03-01,67.58720930232558
2018-03-02,43.93168604651163
2018-03-03,27.710755813953487
2018-03-04,39.87645348837209
2018-03-05,56.09738372093023
2018-03-06,57.44912790697674
2018-03-07,47.98691860465116
2018-03-08,54.06976744186046
2018-03-09,62.18023255813954
2018-03-10,27.03488372093023
2018-03-11,24.33139534883721
2018-03-12,50.01453488372093
2018-03-13,44.60755813953488
2018-03-14,51.366279069767444
2018-03-15,48.66279069767442
2018-03-16,34.469476744186046
2018-03-17,31.765988372093023
2018-03-18,31.09011627906977
2018-03-19,52.718023255813954
2018-03-20,41.2281976744186
2018-03-21,54.74563953488372
2018-03-22,61.50436046511628
2018-03-23,52.718023255813954
2018-03-24,29.0625
2018-03-25,33.11773255813954
2018-03-26,45.95930232558139
2018-03-27,41.90406976744186
2018-03-28,65.55959302325581
2018-03-29,54.74563953488372
2018-03-30,33.79360465116279
2018-03-31,27.710755813953487
2018-04-01,29.93978926241846
2018-04-02,56.04114400401404
2018-04-03,56.04114400401404
2018-04-04,62.182639237330655
2018-04-05,57.5765178123432
2018-04-06,42.22277972905168
2018-04-07,39.15203211239337
2018-04-08,34.54591068740592
2018-04-09,54.505770195684896
2018-04-10,54.505770195684896
2018-04-11,56.04114400401404
2018-04-12,48.364274962368285
2018-04-13,46.82890115403914
2018-04-14,23.798294029101854
2018-04-15,44.525840441545405
2018-04-16,59.87957852483692
2018-04-17,53.73808329152032
2018-04-18,62.182639237330655
2018-04-19,57.5765178123432
2018-04-20,67.55644756648269
2018-04-21,33.01053687907677
2018-04-22,41.4550928248871
2018-04-23,69.8595082789764
2018-04-24,76.7686904164576
2018-04-25,61.41495233316608
2018-04-26,58.344204716507775
2018-04-27,49.89964877069744
2018-04-28,33.778223783241344
2018-04-29,33.778223783241344
2018-04-30,64.48569994982438
2018-05-01,75.49701789264414
2018-05-02,58.13270377733598
2018-05-03,64.17246520874751
2018-05-04,55.86779324055666
2018-05-05,41.52335984095428
2018-05-06,39.25844930417495
2018-05-07,58.13270377733598
2018-05-08,66.43737574552684
2018-05-09,58.13270377733598
2018-05-10,66.43737574552684
2018-05-11,55.112823061630216
2018-05-12,27.17892644135189
2018-05-13,35.48359840954274
2018-05-14,61.15258449304175
2018-05-15,62.662524850894634
2018-05-16,52.092942345924456
2018-05-17,48.31809145129225
2018-05-18,44.54324055666004
2018-05-19,27.17892644135189
2018-05-20,29.443836978131213
2018-05-21,55.86779324055666
2018-05-22,55.112823061630216
2018-05-23,65.6824055666004
2018-05-24,62.662524850894634
2018-05-25,43.788270377733596
2018-05-26,26.42395626242545
2018-05-27,24.914015904572565
2018-05-28,26.42395626242545
2018-05-29,43.788270377733596
2018-05-30,46.05318091451292
2018-05-31,41.52335984095428
2018-06-01,51.48625911385306
2018-06-02,32.607964105440274
2018-06-03,36.89848569826136
2018-06-04,49.77005047672462
2018-06-05,46.33763320246776
2018-06-06,50.62815479528884
2018-06-07,44.62142456533932
2018-06-08,45.479528883903534
2018-06-09,50.62815479528884
2018-06-10,54.060572069545714
2018-06-11,62.64161525518789
2018-06-12,75.51318003365115
2018-06-13,66.93213684800898
2018-06-14,49.77005047672462
2018-06-15,36.04038137969714
2018-06-16,22.31071228266966
2018-06-17,30.03365114974762
2018-06-18,46.33763320246776
2018-06-19,66.07403252944476
2018-06-20,41.18900729108245
2018-06-21,35.18227706113292
2018-06-22,52.344363432417275
2018-06-23,46.33763320246776
2018-06-24,48.911946158160404
2018-06-25,69.50644980370163
2018-06-26,85.81043185642176
2018-06-27,69.50644980370163
2018-06-28,63.4997195737521
2018-06-29,54.060572069545714
2018-06-30,45.479528883903534
2018-07-01,47.488255033557046
2018-07-02,50.348993288590606
2018-07-03,45.1996644295302
2018-07-04,31.468120805369125
2018-07-05,44.627516778523486
2018-07-06,43.48322147651007
2018-07-07,34.901006711409394
2018-07-08,33.75671140939597
2018-07-09,50.921140939597315
2018-07-10,50.348993288590606
2018-07-11,48.63255033557047
2018-07-12,49.77684563758389
2018-07-13,37.18959731543624
2018-07-14,27.463087248322147
2018-07-15,41.194630872483216
2018-07-16,42.91107382550335
2018-07-17,41.76677852348993
2018-07-18,55.498322147651
2018-07-19,53.20973154362416
2018-07-20,51.493288590604024
2018-07-21,31.468120805369125
2018-07-22,36.04530201342282
2018-07-23,48.060402684563755
2018-07-24,41.76677852348993
2018-07-25,48.63255033557047
2018-07-26,57.21476510067114
2018-07-27,44.05536912751678
2018-07-28,37.761744966442954
2018-07-29,40.62248322147651
2018-07-30,48.63255033557047
2018-07-31,48.060402684563755
2018-08-01,50.454957221942635
2018-08-02,65.52591847005537
2018-08-03,44.55762455963765
2018-08-04,36.03925515853045
2018-08-05,31.452440865626578
2018-08-06,53.7312531454454
2018-08-07,49.144438852541526
2018-08-08,36.03925515853045
2018-08-09,38.005032712632115
2018-08-10,38.005032712632115
2018-08-11,22.934071464519377
2018-08-12,34.07347760442879
2018-08-13,51.76547559134374
2018-08-14,45.2128837443382
2018-08-15,43.24710619023654
2018-08-16,39.31555108203322
2018-08-17,41.936587820835435
2018-08-18,28.17614494212381
2018-08-19,35.3839959738299
2018-08-20,39.31555108203322
2018-08-21,46.52340211373931
2018-08-22,34.72873678912934
2018-08-23,46.52340211373931
2018-08-24,33.418218419728234
2018-08-25,26.8656265727227
2018-08-26,31.452440865626578
2018-08-27,50.454957221942635
2018-08-28,53.7312531454454
2018-08-29,49.144438852541526
2018-08-30,62.904881731253155
2018-08-31,41.936587820835435
2018-09-01,25.587301587301585
2018-09-02,23.11111111111111
2018-09-03,36.317460317460316
2018-09-04,41.269841269841265
2018-09-05,55.3015873015873
2018-09-06,47.047619047619044
2018-09-07,51.17460317460317
2018-09-08,36.317460317460316
2018-09-09,36.317460317460316
2018-09-10,57.77777777777777
2018-09-11,66.03174603174602
2018-09-12,62.73015873015873
2018-09-13,62.73015873015873
2018-09-14,61.079365079365076
2018-09-15,52.0
2018-09-16,42.92063492063492
2018-09-17,72.63492063492063
2018-09-18,65.2063492063492
2018-09-19,60.25396825396825
2018-09-20,66.03174603174602
2018-09-21,49.52380952380952
2018-09-22,41.269841269841265
2018-09-23,62.73015873015873
2018-09-24,82.53968253968253
2018-09-25,68.5079365079365
2018-09-26,60.25396825396825
2018-09-27,52.0
2018-09-28,38.79365079365079
2018-09-29,42.92063492063492
2018-09-30,39.61904761904762
2018-10-01,63.660983925962014
2018-10-02,59.91622016561131
2018-10-03,61.78860204578666
2018-10-04,57.107647345348276
2018-10-05,46.80954700438383
2018-10-06,37.44763760350707
2018-10-07,33.70287384315636
2018-10-08,58.04383828543595
2018-10-09,71.15051144666343
2018-10-10,93.61909400876766
2018-10-11,87.06575742815393
2018-10-12,62.72479298587434
2018-10-13,51.490501704822215
2018-10-14,40.2562104237701
2018-10-15,61.78860204578666
2018-10-16,77.70384802727716
2018-10-17,60.852411105698984
2018-10-18,72.0867023867511
2018-10-19,69.27812956648808
2018-10-20,34.63906478324404
2018-10-21,42.12859230394545
2018-10-22,70.21432050657575
2018-10-23,73.02289332683878
2018-10-24,89.87433024841695
2018-10-25,73.95908426692645
2018-10-26,60.852411105698984
2018-10-27,51.490501704822215
2018-10-28,46.80954700438383
2018-10-29,65.53336580613737
2018-10-30,85.19337554797858
2018-10-31,61.78860204578666
2018-11-01,61.839622641509436
2018-11-02,62.735849056603776
2018-11-03,34.95283018867924
2018-11-04,32.264150943396224
2018-11-05,62.735849056603776
2018-11-06,60.943396226415096
2018-11-07,55.56603773584906
2018-11-08,52.87735849056604
2018-11-09,54.66981132075472
2018-11-10,34.056603773584904
2018-11-11,39.43396226415094
2018-11-12,66.32075471698113
2018-11-13,69.90566037735849
2018-11-14,86.93396226415095
2018-11-15,73.49056603773585
2018-11-16,50.18867924528302
2018-11-17,41.22641509433962
2018-11-18,42.12264150943396
2018-11-19,60.943396226415096
2018-11-20,89.62264150943396
2018-11-21,63.632075471698116
2018-11-22,33.160377358490564
2018-11-23,36.74528301886792
2018-11-24,34.056603773584904
2018-11-25,42.12264150943396
2018-11-26,65.4245283018868
2018-11-27,82.45283018867924
2018-11-28,82.45283018867924
2018-11-29,72.59433962264151
2018-11-30,64.52830188679245
2018-12-01,51.55579399141631
2018-12-02,48.22961373390558
2018-12-03,83.15450643776823
2018-12-04,139.69957081545064
2018-12-05,166.30901287553647
2018-12-06,146.3519313304721
2018-12-07,124.73175965665236
2018-12-08,79.8283261802575
2018-12-09,74.83905579399142
2018-12-10,113.0901287553648
2018-12-11,101.44849785407725
2018-12-12,106.43776824034335
2018-12-13,106.43776824034335
2018-12-14,106.43776824034335
2018-12-15,84.8175965665236
2018-12-16,96.45922746781116
2018-12-17,151.3412017167382
2018-12-18,151.3412017167382
2018-12-19,126.39484978540773
2018-12-20,129.72103004291844
2018-12-21,124.73175965665236
2018-12-22,111.42703862660944
2018-12-23,74.83905579399142
2018-12-24,109.76394849785407
2018-12-25,118.0793991416309
2018-12-26,93.13304721030043
2018-12-27,76.50214592274678
2018-12-28,63.197424892703864
2018-12-29,46.566523605150216
2018-12-30,46.566523605150216
2018-12-31,46.566523605150216
2019-01-01,49.005609382967876
2019-01-02,56.846506884242736
2019-01-03,98.01121876593575
2019-01-04,88.21009688934217
2019-01-05,52.9260581336053
2019-01-06,49.005609382967876
2019-01-07,58.806731259561445
2019-01-08,63.70729219785824
2019-01-09,68.60785313615503
2019-01-10,63.70729219785824
2019-01-11,57.826619071902094
2019-01-12,49.005609382967876
2019-01-13,59.786843447220804
2019-01-14,66.64762876083631
2019-01-15,65.66751657317695
2019-01-16,72.52830188679245
2019-01-17,68.60785313615503
2019-01-18,77.42886282508924
2019-01-19,45.08516063233044
2019-01-20,36.264150943396224
2019-01-21,44.105048444671084
2019-01-22,76.44875063742988
2019-01-23,67.62774094849567
2019-01-24,93.11065782763896
2019-01-25,62.72718001019888
2019-01-26,33.323814380418156
2019-01-27,49.985721570627234
2019-01-28,64.6874043855176
2019-01-29,62.72718001019888
2019-01-30,55.86639469658338
2019-01-31,63.70729219785824
2019-02-01,67.24109014675052
2019-02-02,43.40880503144655
2019-02-03,42.55765199161426
2019-02-04,57.02725366876311
2019-02-05,62.134171907756816
2019-02-06,55.324947589098535
2019-02-07,57.87840670859539
2019-02-08,61.28301886792453
2019-02-09,40.85534591194969
2019-02-10,40.85534591194969
2019-02-11,62.134171907756816
2019-02-12,61.28301886792453
2019-02-13,70.64570230607967
2019-02-14,67.24109014675052
2019-02-15,58.729559748427675
2019-02-16,49.36687631027254
2019-02-17,46.81341719077569
2019-02-18,51.06918238993711
2019-02-19,55.324947589098535
2019-02-20,73.19916142557652
2019-02-21,80.8595387840671
2019-02-22,44.25995807127883
2019-02-23,30.641509433962266
2019-02-24,48.515723270440255
2019-02-25,85.11530398322851
2019-02-26,80.0083857442348
2019-02-27,72.34800838574424
2019-02-28,57.87840670859539
2019-03-01,60.58375634517767
2019-03-02,31.668781725888326
2019-03-03,50.94543147208122
2019-03-04,64.71446700507614
2019-03-05,67.46827411167513
2019-03-06,72.9758883248731
2019-03-07,75.72969543147208
2019-03-08,79.86040609137056
2019-03-09,48.191624365482234
2019-03-10,45.43781725888325
2019-03-11,72.9758883248731
2019-03-12,63.33756345177665
2019-03-13,60.58375634517767
2019-03-14,55.076142131979694
2019-03-15,49.568527918781726
2019-03-16,34.422588832487314
2019-03-17,45.43781725888325
2019-03-18,77.10659898477158
2019-03-19,66.09137055837564
2019-03-20,67.46827411167513
2019-03-21,66.09137055837564
2019-03-22,137.69035532994926
2019-03-23,114.28299492385787
2019-03-24,79.86040609137056
2019-03-25,118.41370558375635
2019-03-26,100.51395939086295
2019-03-27,110.15228426395939
2019-03-28,79.86040609137056
2019-03-29,75.72969543147208
2019-03-30,41.307106598984774
2019-03-31,56.45304568527919
2019-04-01,75.73660714285714
2019-04-02,85.31249999999999
2019-04-03,77.47767857142857
2019-04-04,74.86607142857142
2019-04-05,73.12499999999999
2019-04-06,45.26785714285714
2019-04-07,58.325892857142854
2019-04-08,84.44196428571428
2019-04-09,78.34821428571428
2019-04-10,69.64285714285714
2019-04-11,73.99553571428571
2019-04-12,71.38392857142857
2019-04-13,43.52678571428571
2019-04-14,50.49107142857142
2019-04-15,65.29017857142857
2019-04-16,57.45535714285714
2019-04-17,70.51339285714285
2019-04-18,66.16071428571428
2019-04-19,51.36160714285714
2019-04-20,40.91517857142857
2019-04-21,41.78571428571428
2019-04-22,63.54910714285714
2019-04-23,87.05357142857142
2019-04-24,75.73660714285714
2019-04-25,69.64285714285714
2019-04-26,63.54910714285714
2019-04-27,33.950892857142854
2019-04-28,41.78571428571428
2019-04-29,87.05357142857142
2019-04-30,72.25446428571428
2019-05-01,80.80898876404494
2019-05-02,70.26868588177821
2019-05-03,67.63361016121154
2019-05-04,41.2828529555447
2019-05-05,43.91792867611139
2019-05-06,79.05227161700049
2019-05-07,73.78212017586712
2019-05-08,77.29555446995603
2019-05-09,68.51196873473376
2019-05-10,55.336590131900344
2019-05-11,41.2828529555447
2019-05-12,37.76941866145579
2019-05-13,75.53883732291158
2019-05-14,74.66047874938936
2019-05-15,72.02540302882267
2019-05-16,62.363458720078164
2019-05-17,57.97166585246703
2019-05-18,35.134342940889105
2019-05-19,29.86419149975574
2019-05-20,62.363458720078164
2019-05-21,52.70151441133366
2019-05-22,50.94479726428921
2019-05-23,57.97166585246703
2019-05-24,43.91792867611139
2019-05-25,36.89106008793356
2019-05-26,29.86419149975574
2019-05-27,36.89106008793356
2019-05-28,60.60674157303371
2019-05-29,87.83585735222277
2019-05-30,70.26868588177821
2019-05-31,63.24181729360039
2019-06-01,35.95154777927322
2019-06-02,47.93539703903096
2019-06-03,99.86541049798117
2019-06-04,53.927321668909826
2019-06-05,56.92328398384927
2019-06-06,61.91655450874832
2019-06-07,56.92328398384927
2019-06-08,45.93808882907133
2019-06-09,42.9421265141319
2019-06-10,52.92866756393002
2019-06-11,53.927321668909826
2019-06-12,62.91520861372813
2019-06-13,57.92193808882908
2019-06-14,46.936742934051146
2019-06-15,41.94347240915209
2019-06-16,36.95020188425303
2019-06-17,61.91655450874832
2019-06-18,56.92328398384927
2019-06-19,56.92328398384927
2019-06-20,56.92328398384927
2019-06-21,47.93539703903096
2019-06-22,33.9542395693136
2019-06-23,43.94078061911171
2019-06-24,50.93135935397039
2019-06-25,57.92193808882908
2019-06-26,47.93539703903096
2019-06-27,60.91790040376851
2019-06-28,51.93001345895021
