Date,Silver
2013-01-01,68.96952296819788
2013-01-02,99.95583038869258
2013-01-03,89.96024734982332
2013-01-04,84.96245583038869
2013-01-05,71.96819787985865
2013-01-06,64.97128975265018
2013-01-07,69.96908127208481
2013-01-08,77.9655477031802
2013-01-09,73.9673144876325
2013-01-10,69.96908127208481
2013-01-11,68.96952296819788
2013-01-12,71.96819787985865
2013-01-13,59.97349823321555
2013-01-14,78.96510600706713
2013-01-15,68.96952296819788
2013-01-16,63.97173144876325
2013-01-17,73.9673144876325
2013-01-18,88.96068904593639
2013-01-19,72.96775618374558
2013-01-20,49.97791519434629
2013-01-21,60.97305653710247
2013-01-22,70.96863957597174
2013-01-23,75.96643109540636
2013-01-24,78.96510600706713
2013-01-25,77.9655477031802
2013-01-26,68.96952296819788
2013-01-27,61.9726148409894
2013-01-28,67.96996466431095
2013-01-29,74.96687279151944
2013-01-30,74.96687279151944
2013-01-31,77.9655477031802
2013-02-01,67.33907754688293
2013-02-02,58.01520527116068
2013-02-03,51.79929042067918
2013-02-04,65.26710593005576
2013-02-05,76.66294982260519
2013-02-06,73.55499239736443
2013-02-07,66.30309173846935
2013-02-08,68.37506335529652
2013-02-09,63.1951343132286
2013-02-10,64.23112012164218
2013-02-11,75.6269640141916
2013-02-12,68.37506335529652
2013-02-13,68.37506335529652
2013-02-14,70.44703497212369
2013-02-15,75.6269640141916
2013-02-16,68.37506335529652
2013-02-17,52.83527622909276
2013-02-18,79.77090724784594
2013-02-19,76.66294982260519
2013-02-20,103.59858084135836
2013-02-21,95.31069437404969
2013-02-22,83.91485048150027
2013-02-23,73.55499239736443
2013-02-24,69.4110491637101
2013-02-25,88.05879371515461
2013-02-26,81.8428788646731
2013-02-27,70.44703497212369
2013-02-28,87.02280790674102
2013-03-01,83.81614522981846
2013-03-02,69.56740054074932
2013-03-03,62.023947470065664
2013-03-04,74.59636925453843
2013-03-05,77.94901506373117
2013-03-06,83.81614522981846
2013-03-07,79.62533796832754
2013-03-08,68.72923908845114
2013-03-09,68.72923908845114
2013-03-10,50.28968713789108
2013-03-11,82.97798377752028
2013-03-12,69.56740054074932
2013-03-13,67.89107763615296
2013-03-14,79.62533796832754
2013-03-15,63.70027037466203
2013-03-16,59.50946311317111
2013-03-17,58.67130166087292
2013-03-18,77.94901506373117
2013-03-19,80.46349942062572
2013-03-20,82.1398223252221
2013-03-21,82.1398223252221
2013-03-22,67.89107763615296
2013-03-23,58.67130166087292
2013-03-24,48.61336423329471
2013-03-25,69.56740054074932
2013-03-26,68.72923908845114
2013-03-27,72.08188489764387
2013-03-28,82.1398223252221
2013-03-29,63.70027037466203
2013-03-30,60.34762456546929
2013-03-31,54.480494399382
2013-04-01,81.25
2013-04-02,89.58333333333334
2013-04-03,102.08333333333334
2013-04-04,91.66666666666667
2013-04-05,87.5
2013-04-06,75.0
2013-04-07,52.083333333333336
2013-04-08,75.0
2013-04-09,83.33333333333334
2013-04-10,77.08333333333334
2013-04-11,79.16666666666667
2013-04-12,102.08333333333334
2013-04-13,100.0
2013-04-14,81.25
2013-04-15,208.33333333333334
2013-04-16,204.16666666666669
2013-04-17,152.08333333333334
2013-04-18,137.5
2013-04-19,104.16666666666667
2013-04-20,93.75
2013-04-21,83.33333333333334
2013-04-22,100.0
2013-04-23,112.50000000000001
2013-04-24,104.16666666666667
2013-04-25,112.50000000000001
2013-04-26,100.0
2013-04-27,77.08333333333334
2013-04-28,64.58333333333334
2013-04-29,85.41666666666667
2013-04-30,83.33333333333334
2013-05-01,84.43579766536965
2013-05-02,77.68093385214007
2013-05-03,74.3035019455253
2013-05-04,67.54863813229572
2013-05-05,58.26070038910506
2013-05-06,73.4591439688716
2013-05-07,72.6147859922179
2013-05-08,71.7704280155642
2013-05-09,73.4591439688716
2013-05-10,68.39299610894942
2013-05-11,56.57198443579767
2013-05-12,47.284046692607006
2013-05-13,73.4591439688716
2013-05-14,75.99221789883268
2013-05-15,79.36964980544747
2013-05-16,76.83657587548637
2013-05-17,77.68093385214007
2013-05-18,64.17120622568093
2013-05-19,54.88326848249027
2013-05-20,79.36964980544747
2013-05-21,82.74708171206225
2013-05-22,84.43579766536965
2013-05-23,77.68093385214007
2013-05-24,63.326848249027236
2013-05-25,59.10505836575876
2013-05-26,48.1284046692607
2013-05-27,54.038910505836576
2013-05-28,78.52529182879377
2013-05-29,67.54863813229572
2013-05-30,70.92607003891051
2013-05-31,75.99221789883268
2013-06-01,56.951871657754005
2013-06-02,48.97860962566845
2013-06-03,61.508021390374324
2013-06-04,74.03743315508021
2013-06-05,54.67379679144385
2013-06-06,72.89839572192513
2013-06-07,69.48128342245988
2013-06-08,63.78609625668449
2013-06-09,44.42245989304812
2013-06-10,68.3422459893048
2013-06-11,67.20320855614973
2013-06-12,62.647058823529406
2013-06-13,60.36898395721924
2013-06-14,66.06417112299465
2013-06-15,59.22994652406417
2013-06-16,44.42245989304812
2013-06-17,66.06417112299465
2013-06-18,62.647058823529406
2013-06-19,59.22994652406417
2013-06-20,113.90374331550801
2013-06-21,103.65240641711229
2013-06-22,70.62032085561496
2013-06-23,55.81283422459892
2013-06-24,84.28877005347593
2013-06-25,88.84491978609624
2013-06-26,101.37433155080213
2013-06-27,110.48663101604276
2013-06-28,105.93048128342245
2013-06-29,78.59358288770052
2013-06-30,53.53475935828877
2013-07-01,83.4984520123839
2013-07-02,86.37770897832817
2013-07-03,76.78018575851394
2013-07-04,63.34365325077399
2013-07-05,77.73993808049535
2013-07-06,67.18266253869969
2013-07-07,54.705882352941174
2013-07-08,85.41795665634675
2013-07-09,82.53869969040248
2013-07-10,75.82043343653251
2013-07-11,79.6594427244582
2013-07-12,70.06191950464397
2013-07-13,62.38390092879257
2013-07-14,48.94736842105263
2013-07-15,63.34365325077399
2013-07-16,55.6656346749226
2013-07-17,65.26315789473684
2013-07-18,68.14241486068111
2013-07-19,71.02167182662538
2013-07-20,57.585139318885446
2013-07-21,49.907120743034056
2013-07-22,83.4984520123839
2013-07-23,95.97523219814241
2013-07-24,75.82043343653251
2013-07-25,67.18266253869969
2013-07-26,81.57894736842105
2013-07-27,54.705882352941174
2013-07-28,49.907120743034056
2013-07-29,66.22291021671826
2013-07-30,71.9814241486068
2013-07-31,77.73993808049535
2013-08-01,66.21989528795811
2013-08-02,68.22655878153259
2013-08-03,56.18657782008567
2013-08-04,48.159923845787716
2013-08-05,62.20656830080913
2013-08-06,70.23322227510708
2013-08-07,69.22989052831984
2013-08-08,57.189909566872906
2013-08-09,58.19324131366015
2013-08-10,48.159923845787716
2013-08-11,40.13326987148976
2013-08-12,67.22322703474535
2013-08-13,66.21989528795811
2013-08-14,74.24654926225605
2013-08-15,82.27320323655401
2013-08-16,87.28986197049024
2013-08-17,64.21323179438362
2013-08-18,51.16991908614944
2013-08-19,77.25654450261779
2013-08-20,67.22322703474535
2013-08-21,82.27320323655401
2013-08-22,69.22989052831984
2013-08-23,79.26320799619228
2013-08-24,66.21989528795811
2013-08-25,61.203236554021885
2013-08-26,65.21656354117086
2013-08-27,82.27320323655401
2013-08-28,100.3331746787244
2013-08-29,85.28319847691574
2013-08-30,70.23322227510708
2013-08-31,65.21656354117086
2013-09-01,39.486333647502356
2013-09-02,58.02073515551366
2013-09-03,80.58435438265786
2013-09-04,66.88501413760602
2013-09-05,62.85579641847313
2013-09-06,58.02073515551366
2013-09-07,48.35061262959472
2013-09-08,42.70970782280867
2013-09-09,61.244109330819974
2013-09-10,62.85579641847313
2013-09-11,58.02073515551366
2013-09-12,67.6908576814326
2013-09-13,62.04995287464656
2013-09-14,54.797360980207344
2013-09-15,40.29217719132893
2013-09-16,58.82657869934024
2013-09-17,58.02073515551366
2013-09-18,62.04995287464656
2013-09-19,74.94344957587181
2013-09-20,68.49670122525919
2013-09-21,42.70970782280867
2013-09-22,44.32139491046183
2013-09-23,56.4090480678605
2013-09-24,55.60320452403393
2013-09-25,59.63242224316682
2013-09-26,64.46748350612629
2013-09-27,55.60320452403393
2013-09-28,52.37983034872761
2013-09-29,40.29217719132893
2013-09-30,52.37983034872761
2013-10-01,69.98323301805675
2013-10-02,67.62424763542562
2013-10-03,72.34221840068787
2013-10-04,78.63284608770421
2013-10-05,51.89767841788478
2013-10-06,47.96603611349957
2013-10-07,59.7609630266552
2013-10-08,69.1969045571797
2013-10-09,66.83791917454857
2013-10-10,64.47893379191746
2013-10-11,61.333619948409286
2013-10-12,55.82932072226999
2013-10-13,38.53009458297506
2013-10-14,68.41057609630266
2013-10-15,62.90627687016337
2013-10-16,76.27386070507309
2013-10-17,68.41057609630266
2013-10-18,64.47893379191746
2013-10-19,49.53869303525365
2013-10-20,48.752364574376614
2013-10-21,57.40197764402407
2013-10-22,58.188306104901116
2013-10-23,62.11994840928633
2013-10-24,56.615649183147035
2013-10-25,53.470335339638865
2013-10-26,47.179707652622525
2013-10-27,36.95743766122098
2013-10-28,55.042992261392946
2013-10-29,51.11134995700774
2013-10-30,56.615649183147035
2013-10-31,51.11134995700774
2013-11-01,55.327257663628835
2013-11-02,45.447390223695116
2013-11-03,43.471416735708374
2013-11-04,50.716652858326434
2013-11-05,52.03396851698426
2013-11-06,54.00994200497101
2013-11-07,55.327257663628835
2013-11-08,54.66859983429992
2013-11-09,49.3993371996686
2013-11-10,48.082021541010775
2013-11-11,54.00994200497101
2013-11-12,54.66859983429992
2013-11-13,59.27920463960233
2013-11-14,57.961888980944494
2013-11-15,55.98591549295775
2013-11-16,48.082021541010775
2013-11-17,38.860811930405966
2013-11-18,52.692626346313176
2013-11-19,61.25517812758907
2013-11-20,65.86578293289148
2013-11-21,64.54846727423364
2013-11-22,59.937862468931236
2013-11-23,52.03396851698426
2013-11-24,45.447390223695116
2013-11-25,59.27920463960233
2013-11-26,53.35128417564209
2013-11-27,51.37531068765534
2013-11-28,43.471416735708374
2013-11-29,57.961888980944494
2013-11-30,45.447390223695116
2013-12-01,36.88374851720047
2013-12-02,57.856860419137995
2013-12-03,56.41043890865954
2013-12-04,65.08896797153025
2013-12-05,63.64254646105179
2013-12-06,62.19612495057335
2013-12-07,54.9640173981811
2013-12-08,49.1783313562673
2013-12-09,54.24080664294187
2013-12-10,59.303281929616446
2013-12-11,63.64254646105179
2013-12-12,65.81217872676947
2013-12-13,62.19612495057335
2013-12-14,57.856860419137995
2013-12-15,51.347963621984974
2013-12-16,56.41043890865954
2013-12-17,57.856860419137995
2013-12-18,67.98181099248714
2013-12-19,67.98181099248714
2013-12-20,62.19612495057335
2013-12-21,58.580071174377224
2013-12-22,49.1783313562673
2013-12-23,60.7497034400949
2013-12-24,52.794385132463425
2013-12-25,56.41043890865954
2013-12-26,65.08896797153025
2013-12-27,72.3210755239225
2013-12-28,57.13364966389877
2013-12-29,54.9640173981811
2013-12-30,62.91933570581257
2013-12-31,65.81217872676947
2014-01-01,51.44520824909017
2014-01-02,67.69106348564496
2014-01-03,60.24504650222402
2014-01-04,52.12211888394662
2014-01-05,39.93772745653053
2014-01-06,49.41447634452082
2014-01-07,62.95268904164982
2014-01-08,52.799029518803074
2014-01-09,54.829761423372425
2014-01-10,53.47594015365952
2014-01-11,50.091386979377276
2014-01-12,36.55317428224828
2014-01-13,47.38374443995148
2014-01-14,54.829761423372425
2014-01-15,51.44520824909017
2014-01-16,55.50667205822887
2014-01-17,58.21431459765467
2014-01-18,50.091386979377276
2014-01-19,55.50667205822887
2014-01-20,43.999191265669225
2014-01-21,60.24504650222402
2014-01-22,55.50667205822887
2014-01-23,54.829761423372425
2014-01-24,60.92195713708047
2014-01-25,59.568135867367566
2014-01-26,48.060655074807926
2014-01-27,58.21431459765467
2014-01-28,52.799029518803074
2014-01-29,57.53740396279822
2014-01-30,53.47594015365952
2014-01-31,64.30651031136271
2014-02-01,51.91888466413181
2014-02-02,44.5019011406844
2014-02-03,55.29024081115335
2014-02-04,66.0785804816223
2014-02-05,50.570342205323186
2014-02-06,49.89607097591888
2014-02-07,60.01013941698351
2014-02-08,47.873257287705954
2014-02-09,41.80481622306717
2014-02-10,54.61596958174904
2014-02-11,56.63878326996197
2014-02-12,52.593155893536114
2014-02-13,59.33586818757921
2014-02-14,66.0785804816223
2014-02-15,57.987325728770585
2014-02-16,50.570342205323186
2014-02-17,60.01013941698351
2014-02-18,58.6615969581749
2014-02-19,64.05576679340938
2014-02-20,55.29024081115335
2014-02-21,61.358681875792136
2014-02-22,53.267427122940425
2014-02-23,59.33586818757921
2014-02-24,57.31305449936628
2014-02-25,63.381495564005064
2014-02-26,65.40430925221798
2014-02-27,64.73003802281369
2014-02-28,67.42712294043092
2014-03-01,49.27354997943233
2014-03-02,48.55944055944056
2014-03-03,57.128753599341835
2014-03-04,67.12628547922665
2014-03-05,55.700534759358284
2014-03-06,62.12751953928424
2014-03-07,59.98519127930892
2014-03-08,45.703002879473466
2014-03-09,44.27478403948992
2014-03-10,52.129987659399426
2014-03-11,59.27108185931715
2014-03-12,62.841628959276015
2014-03-13,54.98642533936651
2014-03-14,57.842863019333606
2014-03-15,50.701768819415875
2014-03-16,44.988893459481694
2014-03-17,53.55820649938297
2014-03-18,55.700534759358284
2014-03-19,54.98642533936651
2014-03-20,71.4109419991773
2014-03-21,62.12751953928424
2014-03-22,49.27354997943233
2014-03-23,47.13122171945701
2014-03-24,57.128753599341835
2014-03-25,62.841628959276015
2014-03-26,61.41341011929247
2014-03-27,65.69806663924311
2014-03-28,63.55573837926779
2014-03-29,47.13122171945701
2014-03-30,50.701768819415875
2014-03-31,60.6993006993007
2014-04-01,45.57692307692307
2014-04-02,44.42307692307692
2014-04-03,53.07692307692307
2014-04-04,49.03846153846153
2014-04-05,43.26923076923077
2014-04-06,38.07692307692307
2014-04-07,45.57692307692307
2014-04-08,47.30769230769231
2014-04-09,49.61538461538461
2014-04-10,50.76923076923077
2014-04-11,45.57692307692307
2014-04-12,38.65384615384615
2014-04-13,34.03846153846153
2014-04-14,47.30769230769231
2014-04-15,57.11538461538461
2014-04-16,57.692307692307686
2014-04-17,47.30769230769231
2014-04-18,50.76923076923077
2014-04-19,43.84615384615384
2014-04-20,41.53846153846153
2014-04-21,46.730769230769226
2014-04-22,49.61538461538461
2014-04-23,53.07692307692307
2014-04-24,51.34615384615384
2014-04-25,47.88461538461538
2014-04-26,42.11538461538461
2014-04-27,39.80769230769231
2014-04-28,46.153846153846146
2014-04-29,47.30769230769231
2014-04-30,55.38461538461538
2014-05-01,46.05860503508048
2014-05-02,51.17622781675609
2014-05-03,39.91745769706975
2014-05-04,33.77631035905902
2014-05-05,44.01155592241024
2014-05-06,45.035080478745364
2014-05-07,41.964506809739994
2014-05-08,39.91745769706975
2014-05-09,37.35864630623195
2014-05-10,34.288072637226584
2014-05-11,39.40569541890219
2014-05-12,44.01155592241024
2014-05-13,40.42921997523732
2014-05-14,39.91745769706975
2014-05-15,38.89393314073463
2014-05-16,36.33512174989683
2014-05-17,43.49979364424268
2014-05-18,31.217498968221218
2014-05-19,44.01155592241024
2014-05-20,36.84688402806439
2014-05-21,34.288072637226584
2014-05-22,33.77631035905902
2014-05-23,35.3115971935617
2014-05-24,37.35864630623195
2014-05-25,31.217498968221218
2014-05-26,36.84688402806439
2014-05-27,41.964506809739994
2014-05-28,49.129178704085845
2014-05-29,48.10565414775073
2014-05-30,45.54684275691292
2014-05-31,38.38217086256707
2014-06-01,33.731635651322236
2014-06-02,40.959843290891286
2014-06-03,49.39275220372184
2014-06-04,45.17629774730656
2014-06-05,40.959843290891286
2014-06-06,36.14103819784525
2014-06-07,40.959843290891286
2014-06-08,31.322233104799217
2014-06-09,37.948090107737514
2014-06-10,42.766895200783544
2014-06-11,34.33398628795299
2014-06-12,39.75514201762977
2014-06-13,38.55044074436827
2014-06-14,32.52693437806072
2014-06-15,30.117531831537708
2014-06-16,37.34573947110676
2014-06-17,42.16454456415279
2014-06-18,43.97159647404506
2014-06-19,51.80215475024486
2014-06-20,60.235063663075415
2014-06-21,38.55044074436827
2014-06-22,33.731635651322236
2014-06-23,47.58570029382958
2014-06-24,51.19980411361411
2014-06-25,43.3692458374143
2014-06-26,45.17629774730656
2014-06-27,44.57394711067581
2014-06-28,38.55044074436827
2014-06-29,31.322233104799217
2014-06-30,45.778648383937316
2014-07-01,40.53294797687862
2014-07-02,45.19190751445087
2014-07-03,36.339884393063585
2014-07-04,30.283236994219656
2014-07-05,31.680924855491334
2014-07-06,34.47630057803469
2014-07-07,34.01040462427746
2014-07-08,43.7942196531792
2014-07-09,42.862427745664746
2014-07-10,42.862427745664746
2014-07-11,42.39653179190752
2014-07-12,39.601156069364166
2014-07-13,34.47630057803469
2014-07-14,46.589595375722546
2014-07-15,44.260115606936424
2014-07-16,37.27167630057804
2014-07-17,40.06705202312139
2014-07-18,42.862427745664746
2014-07-19,34.94219653179191
2014-07-20,33.54450867052024
2014-07-21,36.339884393063585
2014-07-22,42.862427745664746
2014-07-23,38.20346820809249
2014-07-24,40.99884393063584
2014-07-25,38.20346820809249
2014-07-26,37.73757225433526
2014-07-27,30.283236994219656
2014-07-28,36.339884393063585
2014-07-29,42.39653179190752
2014-07-30,41.46473988439307
2014-07-31,46.12369942196532
2014-08-01,47.5298126064736
2014-08-02,32.79557069846678
2014-08-03,32.79557069846678
2014-08-04,39.92504258943782
2014-08-05,37.54855195911414
2014-08-06,39.92504258943782
2014-08-07,33.27086882453152
2014-08-08,39.44974446337309
2014-08-09,35.17206132879046
2014-08-10,35.6473594548552
2014-08-11,41.35093696763203
2014-08-12,35.17206132879046
2014-08-13,30.419080068143103
2014-08-14,42.77683134582624
2014-08-15,41.35093696763203
2014-08-16,33.746166950596255
2014-08-17,33.746166950596255
2014-08-18,43.252129471890974
2014-08-19,37.07325383304941
2014-08-20,33.746166950596255
2014-08-21,40.40034071550256
2014-08-22,36.59795570698467
2014-08-23,28.51788756388416
2014-08-24,23.7649063032368
2014-08-25,37.07325383304941
2014-08-26,40.40034071550256
2014-08-27,33.746166950596255
2014-08-28,34.22146507666099
2014-08-29,33.746166950596255
2014-08-30,35.6473594548552
2014-08-31,25.190800681431007
2014-09-01,42.129417163836614
2014-09-02,45.22716842588343
2014-09-03,41.50986691142725
2014-09-04,37.792565396971085
2014-09-05,49.56402019274896
2014-09-06,35.933914639742994
2014-09-07,26.640660853602565
2014-09-08,37.173015144561724
2014-09-09,39.03166590178981
2014-09-10,38.412115649380446
2014-09-11,42.74896741624598
2014-09-12,50.183570445158324
2014-09-13,37.792565396971085
2014-09-14,34.07526388251491
2014-09-15,35.933914639742994
2014-09-16,42.129417163836614
2014-09-17,47.08581918311151
2014-09-18,45.84671867829279
2014-09-19,57.618173474070666
2014-09-20,57.618173474070666
2014-09-21,38.412115649380446
2014-09-22,52.04222120238641
2014-09-23,61.9550252409362
2014-09-24,56.37907296925194
2014-09-25,53.9008719596145
2014-09-26,50.803120697567685
2014-09-27,50.803120697567685
2014-09-28,34.07526388251491
2014-09-29,48.32491968793024
2014-09-30,58.85727397888939
2014-10-01,65.09521358723623
2014-10-02,58.585692228512606
2014-10-03,60.21307256819351
2014-10-04,48.82141019042717
2014-10-05,39.87081832218219
2014-10-06,59.399382398353055
2014-10-07,54.51724137931034
2014-10-08,53.703551209469886
2014-10-09,57.77200205867215
2014-10-10,53.703551209469886
2014-10-11,44.75295934122491
2014-10-12,39.87081832218219
2014-10-13,52.88986103962944
2014-10-14,53.703551209469886
2014-10-15,62.65414307771487
2014-10-16,59.399382398353055
2014-10-17,52.88986103962944
2014-10-18,34.17498713329902
2014-10-19,36.61605764282038
2014-10-20,42.31188883170355
2014-10-21,53.703551209469886
2014-10-22,54.51724137931034
2014-10-23,43.93926917138445
2014-10-24,42.31188883170355
2014-10-25,35.802367472979924
2014-10-26,40.684508492022644
2014-10-27,46.38033968090581
2014-10-28,47.19402985074626
2014-10-29,39.87081832218219
2014-10-30,64.28152341739577
2014-10-31,81.36901698404529
2014-11-01,71.71896955503512
2014-11-02,47.26932084309133
2014-11-03,61.12412177985948
2014-11-04,73.34894613583137
2014-11-05,75.79391100702576
2014-11-06,81.49882903981263
2014-11-07,74.97892271662762
2014-11-08,58.6791569086651
2014-11-09,51.34426229508196
2014-11-10,68.45901639344261
2014-11-11,75.79391100702576
2014-11-12,68.45901639344261
2014-11-13,54.60421545667447
2014-11-14,55.419203747072594
2014-11-15,51.34426229508196
2014-11-16,41.56440281030444
2014-11-17,57.04918032786885
2014-11-18,61.939110070257605
2014-11-19,55.419203747072594
2014-11-20,52.974238875878214
2014-11-21,61.12412177985948
2014-11-22,46.4543325526932
2014-11-23,35.85948477751756
2014-11-24,52.15925058548009
2014-11-25,55.419203747072594
2014-11-26,52.974238875878214
2014-11-27,44.82435597189695
2014-11-28,58.6791569086651
2014-11-29,48.084309133489455
2014-11-30,45.639344262295076
2014-12-01,74.66777408637874
2014-12-02,60.48089700996678
2014-12-03,56.00083056478406
2014-12-04,56.74750830564785
2014-12-05,51.52076411960134
2014-12-06,47.04069767441861
2014-12-07,38.82724252491695
2014-12-08,54.507475083056484
2014-12-09,53.01411960132891
2014-12-10,57.494186046511636
2014-12-11,57.494186046511636
2014-12-12,55.25415282392027
2014-12-13,53.760797342192696
2014-12-14,49.280730897009974
2014-12-15,59.734219269102994
2014-12-16,65.7076411960133
2014-12-17,64.21428571428572
2014-12-18,73.17441860465117
2014-12-19,57.494186046511636
2014-12-20,47.7873754152824
2014-12-21,50.77408637873755
2014-12-22,60.48089700996678
2014-12-23,67.20099667774087
2014-12-24,64.21428571428572
2014-12-25,64.21428571428572
2014-12-26,64.96096345514951
2014-12-27,61.97425249169436
2014-12-28,46.29401993355482
2014-12-29,58.98754152823921
2014-12-30,62.720930232558146
2014-12-31,61.97425249169436
2015-01-01,55.43804606830819
2015-01-02,60.35027799841145
2015-01-03,54.73629864972201
2015-01-04,44.210087370929315
2015-01-05,62.45552025416998
2015-01-06,61.7537728355838
2015-01-07,70.17474185861796
2015-01-08,49.824066719618756
2015-01-09,61.05202541699763
2015-01-10,58.94678316123909
2015-01-11,39.999602859412235
2015-01-12,51.22756155679111
2015-01-13,56.13979348689437
2015-01-14,54.03455123113583
2015-01-15,56.13979348689437
2015-01-16,59.64853057982527
2015-01-17,55.43804606830819
2015-01-18,48.420571882446396
2015-01-19,53.33280381254965
2015-01-20,58.24503574265291
2015-01-21,65.2625099285147
2015-01-22,68.7712470214456
2015-01-23,62.45552025416998
2015-01-24,55.43804606830819
2015-01-25,53.33280381254965
2015-01-26,55.43804606830819
2015-01-27,58.94678316123909
2015-01-28,58.94678316123909
2015-01-29,63.15726767275616
2015-01-30,56.84154090548055
2015-01-31,56.84154090548055
2015-02-01,41.001251564455565
2015-02-02,39.94993742177722
2015-02-03,50.4630788485607
2015-02-04,48.88610763454318
2015-02-05,46.25782227784731
2015-02-06,43.103879849812266
2015-02-07,47.309136420525654
2015-02-08,37.32165206508135
2015-02-09,40.4755944931164
2015-02-10,45.732165206508135
2015-02-11,50.988735919899874
2015-02-12,47.83479349186483
2015-02-13,50.4630788485607
2015-02-14,46.78347934918648
2015-02-15,34.16770963704631
2015-02-16,45.20650813516896
2015-02-17,46.25782227784731
2015-02-18,44.15519399249061
2015-02-19,48.88610763454318
2015-02-20,48.88610763454318
2015-02-21,52.56570713391739
2015-02-22,36.270337922403
2015-02-23,45.732165206508135
2015-02-24,46.78347934918648
2015-02-25,40.4755944931164
2015-02-26,45.732165206508135
2015-02-27,42.57822277847309
2015-02-28,45.732165206508135
2015-03-01,39.749128919860624
2015-03-02,44.35772357723577
2015-03-03,49.5423925667828
2015-03-04,46.08594657375144
2015-03-05,46.08594657375144
2015-03-06,53.57491289198606
2015-03-07,55.87921022067363
2015-03-08,39.17305458768873
2015-03-09,48.39024390243902
2015-03-10,49.5423925667828
2015-03-11,53.57491289198606
2015-03-12,51.270615563298485
2015-03-13,53.57491289198606
2015-03-14,57.03135888501741
2015-03-15,34.56445993031358
2015-03-16,49.5423925667828
2015-03-17,56.45528455284552
2015-03-18,57.60743321718931
2015-03-19,44.35772357723577
2015-03-20,52.42276422764227
2015-03-21,46.08594657375144
2015-03-22,43.20557491289198
2015-03-23,50.1184668989547
2015-03-24,52.42276422764227
2015-03-25,44.35772357723577
2015-03-26,47.238095238095234
2015-03-27,45.50987224157955
2015-03-28,42.05342624854819
2015-03-29,39.749128919860624
2015-03-30,50.1184668989547
2015-03-31,44.35772357723577
2015-04-01,49.32182490752158
2015-04-02,41.92355117139335
2015-04-03,43.403205918618994
2015-04-04,39.950678175092484
2015-04-05,37.4845869297164
2015-04-06,40.4438964241677
2015-04-07,37.97780517879162
2015-04-08,42.41676942046856
2015-04-09,43.89642416769421
2015-04-10,39.950678175092484
2015-04-11,32.552404438964246
2015-04-12,27.620221948212087
2015-04-13,36.99136868064119
2015-04-14,35.01849568434032
2015-04-15,36.004932182490755
2015-04-16,38.47102342786683
2015-04-17,40.4438964241677
2015-04-18,37.97780517879162
2015-04-19,37.97780517879162
2015-04-20,38.47102342786683
2015-04-21,38.96424167694205
2015-04-22,46.855733662145504
2015-04-23,39.950678175092484
2015-04-24,47.842170160295936
2015-04-25,42.909987669543774
2015-04-26,33.04562268803946
2015-04-27,41.92355117139335
2015-04-28,45.37607891491986
2015-04-29,41.92355117139335
2015-04-30,42.909987669543774
2015-05-01,40.74645030425963
2015-05-02,36.21906693711968
2015-05-03,30.18255578093306
2015-05-04,35.2129817444219
2015-05-05,39.740365111561864
2015-05-06,37.72819472616633
2015-05-07,39.740365111561864
2015-05-08,38.7342799188641
2015-05-09,39.23732251521298
2015-05-10,32.1947261663286
2015-05-11,37.225152129817445
2015-05-12,46.27991886409736
2015-05-13,44.77079107505071
2015-05-14,45.77687626774848
2015-05-15,48.79513184584179
2015-05-16,38.7342799188641
2015-05-17,32.1947261663286
2015-05-18,48.2920892494929
2015-05-19,50.30425963488844
2015-05-20,39.740365111561864
2015-05-21,39.23732251521298
2015-05-22,45.27383367139959
2015-05-23,36.21906693711968
2015-05-24,33.70385395537525
2015-05-25,35.716024340770794
2015-05-26,44.267748478701826
2015-05-27,38.23123732251521
2015-05-28,40.74645030425963
2015-05-29,41.249492900608516
2015-05-30,46.27991886409736
2015-05-31,37.225152129817445
2015-06-01,38.72040302267003
2015-06-02,38.72040302267003
2015-06-03,40.62468513853904
2015-06-04,40.62468513853904
2015-06-05,45.068010075566754
2015-06-06,45.068010075566754
2015-06-07,38.72040302267003
2015-06-08,44.433249370277075
2015-06-09,36.81612090680101
2015-06-10,35.54659949622166
2015-06-11,41.259445843828715
2015-06-12,43.16372795969773
2015-06-13,40.62468513853904
2015-06-14,37.45088161209068
2015-06-15,40.62468513853904
2015-06-16,43.7984886649874
2015-06-17,44.433249370277075
2015-06-18,39.3551637279597
2015-06-19,43.7984886649874
2015-06-20,37.45088161209068
2015-06-21,33.642317380352644
2015-06-22,36.18136020151133
2015-06-23,44.433249370277075
2015-06-24,36.81612090680101
2015-06-25,39.3551637279597
2015-06-26,46.3375314861461
2015-06-27,39.98992443324937
2015-06-28,49.51133501259446
2015-06-29,63.476070528967256
2015-06-30,53.95465994962217
2015-07-01,57.023411371237465
2015-07-02,67.3913043478261
2015-07-03,51.83946488294315
2015-07-04,50.54347826086957
2015-07-05,46.65551839464884
2015-07-06,60.9113712374582
2015-07-07,75.16722408026757
2015-07-08,110.15886287625419
2015-07-09,80.35117056856188
2015-07-10,75.16722408026757
2015-07-11,58.31939799331104
2015-07-12,50.54347826086957
2015-07-13,110.15886287625419
2015-07-14,116.63879598662209
2015-07-15,129.59866220735788
2015-07-16,82.94314381270904
2015-07-17,71.27926421404683
2015-07-18,64.79933110367894
2015-07-19,60.9113712374582
2015-07-20,94.60702341137124
2015-07-21,88.12709030100335
2015-07-22,88.12709030100335
2015-07-23,90.7190635451505
2015-07-24,77.75919732441473
2015-07-25,63.50334448160536
2015-07-26,46.65551839464884
2015-07-27,76.46321070234114
2015-07-28,79.0551839464883
2015-07-29,66.09531772575251
2015-07-30,67.3913043478261
2015-07-31,66.09531772575251
2015-08-01,60.1764705882353
2015-08-02,52.955294117647064
2015-08-03,62.58352941176471
2015-08-04,68.60117647058824
2015-08-05,64.99058823529413
2015-08-06,62.58352941176471
2015-08-07,61.38
2015-08-08,52.955294117647064
2015-08-09,49.34470588235295
2015-08-10,63.787058823529414
2015-08-11,64.99058823529413
2015-08-12,63.787058823529414
2015-08-13,67.39764705882354
2015-08-14,60.1764705882353
2015-08-15,48.141176470588235
2015-08-16,44.53058823529412
2015-08-17,55.362352941176475
2015-08-18,58.97294117647059
2015-08-19,60.1764705882353
2015-08-20,77.02588235294118
2015-08-21,93.87529411764706
2015-08-22,74.61882352941177
2015-08-23,44.53058823529412
2015-08-24,120.3529411764706
2015-08-25,102.30000000000001
2015-08-26,84.24705882352941
2015-08-27,85.45058823529412
2015-08-28,67.39764705882354
2015-08-29,58.97294117647059
2015-08-30,44.53058823529412
2015-08-31,69.80470588235295
2015-09-01,62.66666666666667
2015-09-02,53.89333333333334
2015-09-03,48.25333333333334
2015-09-04,48.88
2015-09-05,47.0
2015-09-06,38.85333333333334
2015-09-07,41.98666666666667
2015-09-08,47.62666666666667
2015-09-09,54.52
2015-09-10,49.50666666666667
2015-09-11,50.13333333333334
2015-09-12,43.86666666666667
2015-09-13,31.96
2015-09-14,42.61333333333334
2015-09-15,52.013333333333335
2015-09-16,52.013333333333335
2015-09-17,45.74666666666667
2015-09-18,50.760000000000005
2015-09-19,44.49333333333334
2015-09-20,45.74666666666667
2015-09-21,48.25333333333334
2015-09-22,45.120000000000005
2015-09-23,50.760000000000005
2015-09-24,47.0
2015-09-25,45.120000000000005
2015-09-26,38.85333333333334
2015-09-27,36.973333333333336
2015-09-28,54.52
2015-09-29,47.0
2015-09-30,43.86666666666667
2015-10-01,39.10643889618923
2015-10-02,43.45159877354359
2015-10-03,40.19272886552782
2015-10-04,32.0455540954884
2015-10-05,47.79675865089794
2015-10-06,47.79675865089794
2015-10-07,54.314498466929486
2015-10-08,47.25361366622865
2015-10-09,47.25361366622865
2015-10-10,33.131844064826986
2015-10-11,31.5024091108191
2015-10-12,49.96933858957512
2015-10-13,43.45159877354359
2015-10-14,39.10643889618923
2015-10-15,43.994743758212884
2015-10-16,45.62417871222077
2015-10-17,45.62417871222077
2015-10-18,26.070959264126152
2015-10-19,40.19272886552782
2015-10-20,38.02014892685064
2015-10-21,39.64958388085852
2015-10-22,39.64958388085852
2015-10-23,40.735873850197116
2015-10-24,30.959264126149804
2015-10-25,23.355234340779678
2015-10-26,36.390713972842754
2015-10-27,36.93385895751205
2015-10-28,40.19272886552782
2015-10-29,40.19272886552782
2015-10-30,45.08103372755147
2015-10-31,30.959264126149804
2015-11-01,23.877551020408163
2015-11-02,37.19387755102041
2015-11-03,35.357142857142854
2015-11-04,37.65306122448979
2015-11-05,40.408163265306115
2015-11-06,42.70408163265306
2015-11-07,39.94897959183673
2015-11-08,36.27551020408163
2015-11-09,44.99999999999999
2015-11-10,45.91836734693877
2015-11-11,37.19387755102041
2015-11-12,42.24489795918367
2015-11-13,43.62244897959183
2015-11-14,33.5204081632653
2015-11-15,32.60204081632653
2015-11-16,39.03061224489795
2015-11-17,39.48979591836734
2015-11-18,42.24489795918367
2015-11-19,45.91836734693877
2015-11-20,41.326530612244895
2015-11-21,42.24489795918367
2015-11-22,30.30612244897959
2015-11-23,40.867346938775505
2015-11-24,44.08163265306122
2015-11-25,39.48979591836734
2015-11-26,30.30612244897959
2015-11-27,37.65306122448979
2015-11-28,42.70408163265306
2015-11-29,34.897959183673464
2015-11-30,45.91836734693877
2015-12-01,39.54621182070607
2015-12-02,44.26814756049187
2015-12-03,47.21935739785799
2015-12-04,46.03887346291154
2015-12-05,42.49742165807219
2015-12-06,40.726695755652514
2015-12-07,41.31693772312574
2015-12-08,43.67790559301864
2015-12-09,42.49742165807219
2015-12-10,49.580325267750894
2015-12-11,53.12177707259024
2015-12-12,44.26814756049187
2015-12-13,38.36572788575962
2015-12-14,52.531535105117015
2015-12-15,48.39984133280444
2015-12-16,56.66322887742959
2015-12-17,59.02419674732249
2015-12-18,54.89250297500991
2015-12-19,47.21935739785799
2015-12-20,40.726695755652514
2015-12-21,51.351051170170564
2015-12-22,44.26814756049187
2015-12-23,50.17056723522411
2015-12-24,48.99008330027767
2015-12-25,54.89250297500991
2015-12-26,45.44863149543831
2015-12-27,42.49742165807219
2015-12-28,56.07298690995636
2015-12-29,54.89250297500991
2015-12-30,53.71201904006347
2015-12-31,53.12177707259024
2016-01-01,52.398950131233605
2016-01-02,39.489063867016625
2016-01-03,41.76727909011374
2016-01-04,65.30883639545057
2016-01-05,68.34645669291339
2016-01-06,59.23359580052494
2016-01-07,75.94050743657044
2016-01-08,67.58705161854769
2016-01-09,56.955380577427825
2016-01-10,37.21084864391951
2016-01-11,52.398950131233605
2016-01-12,57.714785651793534
2016-01-13,56.955380577427825
2016-01-14,56.19597550306212
2016-01-15,72.90288713910762
2016-01-16,57.714785651793534
2016-01-17,41.76727909011374
2016-01-18,58.474190726159236
2016-01-19,57.714785651793534
2016-01-20,74.42169728783902
2016-01-21,65.30883639545057
2016-01-22,53.15835520559931
2016-01-23,53.91776027996501
2016-01-24,40.248468941382335
2016-01-25,50.12073490813649
2016-01-26,66.06824146981629
2016-01-27,53.91776027996501
2016-01-28,60.75240594925635
2016-01-29,48.60192475940508
2016-01-30,52.398950131233605
2016-01-31,41.00787401574804
2016-02-01,48.68286899822169
2016-02-02,49.697095435684645
2016-02-03,48.68286899822169
2016-02-04,61.86781268524007
2016-02-05,61.86781268524007
2016-02-06,67.95317131001778
2016-02-07,54.768227622999405
2016-02-08,77.08120924718435
2016-02-09,77.08120924718435
2016-02-10,77.08120924718435
2016-02-11,101.4226437462952
2016-02-12,88.23770005927682
2016-02-13,63.89626556016597
2016-02-14,45.64018968583284
2016-02-15,61.86781268524007
2016-02-16,62.88203912270302
2016-02-17,55.782454060462356
2016-02-18,54.768227622999405
2016-02-19,52.7397747480735
2016-02-20,52.7397747480735
2016-02-21,37.52637818612922
2016-02-22,46.65441612329579
2016-02-23,51.72554831061055
2016-02-24,55.782454060462356
2016-02-25,60.853586247777116
2016-02-26,55.782454060462356
2016-02-27,48.68286899822169
2016-02-28,39.554831061055125
2016-02-29,49.697095435684645
2016-03-01,50.39687364307425
2016-03-02,46.52019105514546
2016-03-03,53.62744246634824
2016-03-04,64.61137646547981
2016-03-05,53.62744246634824
2016-03-06,31.659574468085108
2016-03-07,54.27355623100304
2016-03-08,45.87407729049066
2016-03-09,45.87407729049066
2016-03-10,51.68910117238384
2016-03-11,53.62744246634824
2016-03-12,43.93573599652627
2016-03-13,38.766825879287886
2016-03-14,50.39687364307425
2016-03-15,52.98132870169344
2016-03-16,45.22796352583587
2016-03-17,57.50412505427703
2016-03-18,57.50412505427703
2016-03-19,45.87407729049066
2016-03-20,40.05905340859748
2016-03-21,43.93573599652627
2016-03-22,55.565783760312634
2016-03-23,55.565783760312634
2016-03-24,47.16630481980026
2016-03-25,44.58184976118107
2016-03-26,44.58184976118107
2016-03-27,33.5979157620495
2016-03-28,38.766825879287886
2016-03-29,50.39687364307425
2016-03-30,39.412939643942686
2016-03-31,50.39687364307425
2016-04-01,48.683693516699414
2016-04-02,39.60707269155206
2016-04-03,39.60707269155206
2016-04-04,45.38310412573674
2016-04-05,51.15913555992142
2016-04-06,48.683693516699414
2016-04-07,45.38310412573674
2016-04-08,50.33398821218075
2016-04-09,37.95677799607073
2016-04-10,37.13163064833006
2016-04-11,53.63457760314342
2016-04-12,69.31237721021611
2016-04-13,56.11001964636542
2016-04-14,51.984282907662084
2016-04-15,54.45972495088409
2016-04-16,48.683693516699414
2016-04-17,35.481335952848724
2016-04-18,56.11001964636542
2016-04-19,82.5147347740668
2016-04-20,77.56385068762279
2016-04-21,74.26326129666012
2016-04-22,70.96267190569745
2016-04-23,55.284872298624755
2016-04-24,43.7328094302554
2016-04-25,64.3614931237721
2016-04-26,57.76031434184676
2016-04-27,66.01178781925344
2016-04-28,72.61296660117878
2016-04-29,78.38899803536346
2016-04-30,66.83693516699411
2016-05-01,52.4047619047619
2016-05-02,67.9047619047619
2016-05-03,73.8095238095238
2016-05-04,60.52380952380952
2016-05-05,57.57142857142857
2016-05-06,64.95238095238095
2016-05-07,47.976190476190474
2016-05-08,40.595238095238095
2016-05-09,59.78571428571428
2016-05-10,50.19047619047618
2016-05-11,57.57142857142857
2016-05-12,54.61904761904761
2016-05-13,59.047619047619044
2016-05-14,46.49999999999999
2016-05-15,42.8095238095238
2016-05-16,60.52380952380952
2016-05-17,61.99999999999999
2016-05-18,62.738095238095234
2016-05-19,61.26190476190476
2016-05-20,64.21428571428571
2016-05-21,49.45238095238095
2016-05-22,41.33333333333333
2016-05-23,44.285714285714285
2016-05-24,53.88095238095237
2016-05-25,47.238095238095234
2016-05-26,53.14285714285714
2016-05-27,45.76190476190476
2016-05-28,48.71428571428571
2016-05-29,31.738095238095234
2016-05-30,38.38095238095238
2016-05-31,42.07142857142857
2016-06-01,53.59920239282154
2016-06-02,49.77068793619143
2016-06-03,53.59920239282154
2016-06-04,44.02791625124627
2016-06-05,34.45663010967099
2016-06-06,53.59920239282154
2016-06-07,51.68494516450649
2016-06-08,55.51345962113659
2016-06-09,66.99900299102693
2016-06-10,59.34197407776671
2016-06-11,45.94217347956132
2016-06-12,38.2851445663011
2016-06-13,53.59920239282154
2016-06-14,55.51345962113659
2016-06-15,55.51345962113659
2016-06-16,74.65603190428715
2016-06-17,61.25623130608176
2016-06-18,45.94217347956132
2016-06-19,40.19940179461615
2016-06-20,51.68494516450649
2016-06-21,53.59920239282154
2016-06-22,57.42771684945165
2016-06-23,51.68494516450649
2016-06-24,191.42572283150548
2016-06-25,99.54137587238286
2016-06-26,57.42771684945165
2016-06-27,101.45563310069791
2016-06-28,88.05583250249254
2016-06-29,84.22731804586242
2016-06-30,89.97008973080759
2016-07-01,126.89083927591881
2016-07-02,87.84750411409765
2016-07-03,61.35381239714756
2016-07-04,111.55238617663193
2016-07-05,139.4404827207899
2016-07-06,129.67964893033462
2016-07-07,107.36917169500822
2016-07-08,107.36917169500822
2016-07-09,75.29786066922655
2016-07-10,62.74821722435546
2016-07-11,99.00274273176083
2016-07-12,110.15798134942402
2016-07-13,97.60833790455294
2016-07-14,85.05869445968185
2016-07-15,73.90345584201864
2016-07-16,66.93143170597915
2016-07-17,58.56500274273176
2016-07-18,79.48107515085024
2016-07-19,78.08667032364235
2016-07-20,78.08667032364235
2016-07-21,72.50905101481075
2016-07-22,72.50905101481075
2016-07-23,43.22654964344487
2016-07-24,47.40976412506857
2016-07-25,73.90345584201864
2016-07-26,68.32583653318706
2016-07-27,66.93143170597915
2016-07-28,79.48107515085024
2016-07-29,78.08667032364235
2016-07-30,54.38178826110806
2016-07-31,48.80416895227647
2016-08-01,71.0320987654321
2016-08-02,71.77201646090535
2016-08-03,73.9917695473251
2016-08-04,64.37283950617284
2016-08-05,73.25185185185185
2016-08-06,45.134979423868316
2016-08-07,42.175308641975306
2016-08-08,51.05432098765432
2016-08-09,65.85267489711934
2016-08-10,62.89300411522634
2016-08-11,68.81234567901235
2016-08-12,62.89300411522634
2016-08-13,51.794238683127574
2016-08-14,42.175308641975306
2016-08-15,56.97366255144033
2016-08-16,66.5925925925926
2016-08-17,66.5925925925926
2016-08-18,68.81234567901235
2016-08-19,56.97366255144033
2016-08-20,46.614814814814814
2016-08-21,39.955555555555556
2016-08-22,57.71358024691358
2016-08-23,57.71358024691358
2016-08-24,59.93333333333334
2016-08-25,60.67325102880658
2016-08-26,64.37283950617284
2016-08-27,51.05432098765432
2016-08-28,35.51604938271605
2016-08-29,55.49382716049383
2016-08-30,56.97366255144033
2016-08-31,48.83456790123457
2016-09-01,53.246753246753244
2016-09-02,57.14285714285714
2016-09-03,38.311688311688314
2016-09-04,38.311688311688314
2016-09-05,40.90909090909091
2016-09-06,61.688311688311686
2016-09-07,59.74025974025974
2016-09-08,58.44155844155844
2016-09-09,61.688311688311686
2016-09-10,46.103896103896105
2016-09-11,33.116883116883116
2016-09-12,50.0
2016-09-13,64.93506493506493
2016-09-14,50.0
2016-09-15,52.5974025974026
2016-09-16,47.4025974025974
2016-09-17,39.61038961038961
2016-09-18,31.16883116883117
2016-09-19,52.5974025974026
2016-09-20,53.246753246753244
2016-09-21,59.09090909090909
2016-09-22,56.493506493506494
2016-09-23,55.19480519480519
2016-09-24,42.857142857142854
2016-09-25,31.818181818181817
2016-09-26,51.94805194805195
2016-09-27,51.298701298701296
2016-09-28,56.493506493506494
2016-09-29,48.701298701298704
2016-09-30,55.84415584415584
2016-10-01,43.150684931506845
2016-10-02,40.410958904109584
2016-10-03,58.90410958904109
2016-10-04,68.4931506849315
2016-10-05,66.43835616438356
2016-10-06,67.80821917808218
2016-10-07,54.794520547945204
2016-10-08,45.890410958904106
2016-10-09,40.410958904109584
2016-10-10,48.630136986301366
2016-10-11,54.794520547945204
2016-10-12,54.10958904109589
2016-10-13,54.10958904109589
2016-10-14,56.84931506849315
2016-10-15,50.0
2016-10-16,34.93150684931506
2016-10-17,52.73972602739726
2016-10-18,56.16438356164383
2016-10-19,52.73972602739726
2016-10-20,49.31506849315068
2016-10-21,41.0958904109589
2016-10-22,50.0
2016-10-23,34.24657534246575
2016-10-24,52.054794520547944
2016-10-25,48.630136986301366
2016-10-26,51.36986301369863
2016-10-27,48.630136986301366
2016-10-28,59.58904109589041
2016-10-29,39.726027397260275
2016-10-30,28.767123287671232
2016-10-31,45.20547945205479
2016-11-01,57.60449157829071
2016-11-02,56.53774173424829
2016-11-03,53.33749220212103
2016-11-04,51.20399251403619
2016-11-05,41.6032439176544
2016-11-06,39.469744229569564
2016-11-07,53.33749220212103
2016-11-08,57.60449157829071
2016-11-09,106.67498440424205
2016-11-10,69.33873986275734
2016-11-11,73.60573923892701
2016-11-12,58.67124142233313
2016-11-13,41.6032439176544
2016-11-14,70.40548970679976
2016-11-15,65.07174048658766
2016-11-16,65.07174048658766
2016-11-17,57.60449157829071
2016-11-18,64.00499064254524
2016-11-19,55.470991890205866
2016-11-20,42.66999376169682
2016-11-21,54.404242046163446
2016-11-22,57.60449157829071
2016-11-23,64.00499064254524
2016-11-24,49.07049282595135
2016-11-25,56.53774173424829
2016-11-26,43.73674360573924
2016-11-27,41.6032439176544
2016-11-28,55.470991890205866
2016-11-29,57.60449157829071
2016-11-30,49.07049282595135
2016-12-01,55.946378551420565
2016-12-02,53.21728691476591
2016-12-03,49.80592236894758
2016-12-04,40.25410164065626
2016-12-05,56.62865146058423
2016-12-06,51.170468187274906
2016-12-07,51.85274109643858
2016-12-08,58.67547018807523
2016-12-09,49.80592236894758
2016-12-10,50.48819527811124
2016-12-11,43.66546618647459
2016-12-12,54.581832733093236
2016-12-13,51.170468187274906
2016-12-14,59.357743097238895
2016-12-15,68.22729091636654
2016-12-16,67.54501800720288
2016-12-17,45.71228491396558
2016-12-18,42.983193277310924
2016-12-19,55.2641056422569
2016-12-20,60.04001600640256
2016-12-21,60.04001600640256
2016-12-22,64.81592637054821
2016-12-23,57.993197278911566
2016-12-24,49.80592236894758
2016-12-25,68.22729091636654
2016-12-26,67.54501800720288
2016-12-27,57.993197278911566
2016-12-28,60.722288915566224
2016-12-29,60.04001600640256
2016-12-30,51.170468187274906
2016-12-31,40.25410164065626
2017-01-01,43.31506849315069
2017-01-02,58.47534246575343
2017-01-03,52.7
2017-01-04,57.753424657534254
2017-01-05,59.19726027397261
2017-01-06,49.090410958904116
2017-01-07,45.48082191780823
2017-01-08,39.7054794520548
2017-01-09,53.421917808219185
2017-01-10,55.587671232876716
2017-01-11,49.81232876712329
2017-01-12,48.36849315068494
2017-01-13,52.7
2017-01-14,46.2027397260274
2017-01-15,32.486301369863014
2017-01-16,46.2027397260274
2017-01-17,72.19178082191782
2017-01-18,53.421917808219185
2017-01-19,51.97808219178083
2017-01-20,56.3095890410959
2017-01-21,51.256164383561654
2017-01-22,36.09589041095891
2017-01-23,49.81232876712329
2017-01-24,54.86575342465754
2017-01-25,54.143835616438366
2017-01-26,57.753424657534254
2017-01-27,51.97808219178083
2017-01-28,46.92465753424658
2017-01-29,43.31506849315069
2017-01-30,51.97808219178083
2017-01-31,58.47534246575343
2017-02-01,52.776119402985074
2017-02-02,58.36417910447761
2017-02-03,49.67164179104478
2017-02-04,58.36417910447761
2017-02-05,40.97910447761194
2017-02-06,52.15522388059701
2017-02-07,62.089552238805965
2017-02-08,54.01791044776119
2017-02-09,47.188059701492534
2017-02-10,52.776119402985074
2017-02-11,50.91343283582089
2017-02-12,38.4955223880597
2017-02-13,53.397014925373135
2017-02-14,60.22686567164179
2017-02-15,54.63880597014925
2017-02-16,57.12238805970149
2017-02-17,54.63880597014925
2017-02-18,43.46268656716418
2017-02-19,39.73731343283582
2017-02-20,47.808955223880595
2017-02-21,53.397014925373135
2017-02-22,54.01791044776119
2017-02-23,57.12238805970149
2017-02-24,60.22686567164179
2017-02-25,51.53432835820895
2017-02-26,41.6
2017-02-27,56.50149253731343
2017-02-28,52.776119402985074
2017-03-01,57.58000774893451
2017-03-02,61.25532739248353
2017-03-03,55.12979465323517
2017-03-04,50.841921735761325
2017-03-05,47.166602092212315
2017-03-06,52.067028283610995
2017-03-07,52.67958155753583
2017-03-08,52.67958155753583
2017-03-09,57.58000774893451
2017-03-10,58.80511429678418
2017-03-11,45.941495544362645
2017-03-12,42.87872917473847
2017-03-13,53.29213483146067
2017-03-14,49.616815187911655
2017-03-15,61.25532739248353
2017-03-16,59.41766757070902
2017-03-17,48.391708640061985
2017-03-18,45.32894227043781
2017-03-19,41.041069352963966
2017-03-20,44.716388996512975
2017-03-21,53.29213483146067
2017-03-22,51.45447500968616
2017-03-23,49.004261913986824
2017-03-24,47.166602092212315
2017-03-25,44.716388996512975
2017-03-26,36.14064316156528
2017-03-27,58.19256102285935
2017-03-28,53.9046881053855
2017-03-29,53.9046881053855
2017-03-30,46.554048818287484
2017-03-31,49.004261913986824
2017-04-01,43.28947368421053
2017-04-02,37.723684210526315
2017-04-03,48.23684210526316
2017-04-04,45.76315789473684
2017-04-05,48.85526315789474
2017-04-06,45.76315789473684
2017-04-07,61.8421052631579
2017-04-08,45.14473684210527
2017-04-09,38.3421052631579
2017-04-10,49.473684210526315
2017-04-11,53.80263157894737
2017-04-12,55.65789473684211
2017-04-13,59.36842105263158
2017-04-14,56.89473684210527
2017-04-15,40.81578947368421
2017-04-16,35.25
2017-04-17,51.94736842105264
2017-04-18,54.42105263157895
2017-04-19,47.61842105263158
2017-04-20,49.473684210526315
2017-04-21,48.23684210526316
2017-04-22,45.14473684210527
2017-04-23,36.48684210526316
2017-04-24,47.0
2017-04-25,55.65789473684211
2017-04-26,48.85526315789474
2017-04-27,38.96052631578947
2017-04-28,45.76315789473684
2017-04-29,36.48684210526316
2017-04-30,37.723684210526315
2017-05-01,49.877094972067034
2017-05-02,56.40861931364724
2017-05-03,55.81484437350359
2017-05-04,59.37749401436552
2017-05-05,55.22106943335993
2017-05-06,42.75179569034317
2017-05-07,40.970470869912205
2017-05-08,47.501995211492414
2017-05-09,59.37749401436552
2017-05-10,52.252194732641655
2017-05-11,52.252194732641655
2017-05-12,47.501995211492414
2017-05-13,37.40782122905028
2017-05-14,38.595371109337584
2017-05-15,49.28332003192338
2017-05-16,51.658419792498
2017-05-17,55.81484437350359
2017-05-18,55.22106943335993
2017-05-19,49.28332003192338
2017-05-20,34.438946528331996
2017-05-21,33.84517158818834
2017-05-22,48.09577015163607
2017-05-23,54.627294493216276
2017-05-24,43.345570630486826
2017-05-25,49.877094972067034
2017-05-26,54.03351955307262
2017-05-27,36.220271348762964
2017-05-28,40.37669592976855
2017-05-29,37.40782122905028
2017-05-30,51.06464485235435
2017-05-31,48.09577015163607
2017-06-01,49.072681704260646
2017-06-02,46.8671679197995
2017-06-03,38.59649122807017
2017-06-04,37.4937343358396
2017-06-05,41.35338345864661
2017-06-06,50.175438596491226
2017-06-07,49.62406015037594
2017-06-08,52.38095238095238
2017-06-09,46.315789473684205
2017-06-10,40.25062656641604
2017-06-11,36.39097744360902
2017-06-12,40.25062656641604
2017-06-13,51.82957393483709
2017-06-14,49.62406015037594
2017-06-15,55.13784461152882
2017-06-16,43.00751879699248
2017-06-17,41.904761904761905
2017-06-18,30.877192982456137
2017-06-19,46.8671679197995
2017-06-20,44.661654135338345
2017-06-21,46.315789473684205
2017-06-22,40.802005012531325
2017-06-23,41.904761904761905
2017-06-24,35.288220551378444
2017-06-25,33.08270676691729
2017-06-26,46.315789473684205
2017-06-27,43.558897243107765
2017-06-28,45.21303258145363
2017-06-29,52.932330827067666
2017-06-30,41.904761904761905
2017-07-01,34.602291325695575
2017-07-02,35.160392798690665
2017-07-03,47.43862520458264
2017-07-04,39.067103109656294
2017-07-05,45.76432078559738
2017-07-06,52.46153846153845
2017-07-07,55.810147299509
2017-07-08,46.32242225859247
2017-07-09,41.85761047463175
2017-07-10,50.2291325695581
2017-07-11,49.671031096563006
2017-07-12,49.671031096563006
2017-07-13,49.671031096563006
2017-07-14,48.554828150572824
2017-07-15,39.625204582651385
2017-07-16,36.27659574468085
2017-07-17,49.112929623567915
2017-07-18,51.90343698854336
2017-07-19,47.99672667757773
2017-07-20,41.85761047463175
2017-07-21,45.206219312602286
2017-07-22,40.183306055646476
2017-07-23,26.230769230769226
2017-07-24,47.43862520458264
2017-07-25,46.32242225859247
2017-07-26,44.090016366612105
2017-07-27,39.067103109656294
2017-07-28,44.090016366612105
2017-07-29,39.625204582651385
2017-07-30,31.253682487725037
2017-07-31,47.43862520458264
2017-08-01,43.11028037383178
2017-08-02,50.7588785046729
2017-08-03,56.3214953271028
2017-08-04,47.282242990654204
2017-08-05,36.85233644859813
2017-08-06,36.15700934579439
2017-08-07,48.67289719626168
2017-08-08,50.7588785046729
2017-08-09,57.71214953271028
2017-08-10,69.53271028037383
2017-08-11,54.93084112149533
2017-08-12,45.89158878504673
2017-08-13,34.07102803738318
2017-08-14,55.626168224299064
2017-08-15,60.493457943925236
2017-08-16,45.89158878504673
2017-08-17,54.23551401869159
2017-08-18,53.54018691588785
2017-08-19,44.50093457943925
2017-08-20,32.680373831775704
2017-08-21,45.89158878504673
2017-08-22,50.06355140186916
2017-08-23,44.50093457943925
2017-08-24,50.06355140186916
2017-08-25,45.19626168224299
2017-08-26,37.54766355140187
2017-08-27,24.33644859813084
2017-08-28,48.67289719626168
2017-08-29,57.71214953271028
2017-08-30,50.06355140186916
2017-08-31,54.93084112149533
2017-09-01,47.46386333771353
2017-09-02,38.633377135348226
2017-09-03,36.977660972404735
2017-09-04,43.04862023653088
2017-09-05,52.98291721419186
2017-09-06,49.11957950065703
2017-09-07,55.190538764783184
2017-09-08,51.87910643889619
2017-09-09,34.21813403416557
2017-09-10,33.66622864651774
2017-09-11,45.80814717477004
2017-09-12,43.600525624178715
2017-09-13,44.15243101182654
2017-09-14,43.600525624178715
2017-09-15,43.04862023653088
2017-09-16,32.010512483574246
2017-09-17,35.321944809461236
2017-09-18,38.633377135348226
2017-09-19,45.80814717477004
2017-09-20,43.600525624178715
2017-09-21,51.87910643889619
2017-09-22,43.600525624178715
2017-09-23,43.04862023653088
2017-09-24,30.35479632063075
2017-09-25,37.52956636005256
2017-09-26,46.36005256241787
2017-09-27,34.7700394218134
2017-09-28,38.0814717477004
2017-09-29,37.52956636005256
2017-09-30,38.0814717477004
2017-10-01,30.486879289463058
2017-10-02,44.1534113847396
2017-10-03,46.255954784012914
2017-10-04,44.67904723455793
2017-10-05,44.1534113847396
2017-10-06,44.67904723455793
2017-10-07,39.42268873637464
2017-10-08,36.26887363746467
2017-10-09,42.57650383528461
2017-10-10,52.563584981832854
2017-10-11,45.204683084376256
2017-10-12,51.512313282196196
2017-10-13,40.473960436011296
2017-10-14,33.1150585385547
2017-10-15,35.74323778764634
2017-10-16,43.10213968510294
2017-10-17,46.78159063383124
2017-10-18,43.62777553492127
2017-10-19,44.67904723455793
2017-10-20,40.999596285829625
2017-10-21,37.84578118691966
2017-10-22,33.64069438837303
2017-10-23,45.204683084376256
2017-10-24,46.255954784012914
2017-10-25,43.62777553492127
2017-10-26,44.1534113847396
2017-10-27,45.204683084376256
2017-10-28,39.94832458619297
2017-10-29,33.64069438837303
2017-10-30,43.10213968510294
2017-10-31,38.89705288655632
2017-11-01,41.6686674669868
2017-11-02,45.414165666266506
2017-11-03,41.20048019207683
2017-11-04,32.30492196878752
2017-11-05,33.24129651860744
2017-11-06,40.2641056422569
2017-11-07,41.20048019207683
2017-11-08,39.32773109243698
2017-11-09,43.073229291716686
2017-11-10,40.732292917166866
2017-11-11,34.64585834333734
2017-11-12,27.623049219687875
2017-11-13,37.92316926770708
2017-11-14,41.20048019207683
2017-11-15,42.60504201680672
2017-11-16,36.98679471788716
2017-11-17,38.85954381752701
2017-11-18,35.114045618247296
2017-11-19,33.24129651860744
2017-11-20,40.2641056422569
2017-11-21,46.818727490996395
2017-11-22,44.94597839135654
2017-11-23,36.05042016806723
2017-11-24,37.92316926770708
2017-11-25,36.05042016806723
2017-11-26,30.43217286914766
2017-11-27,36.98679471788716
2017-11-28,41.6686674669868
2017-11-29,46.818727490996395
2017-11-30,45.414165666266506
2017-12-01,55.29459241323648
2017-12-02,42.93462469733656
2017-12-03,37.73042776432607
2017-12-04,46.18724778046812
2017-12-05,49.43987086359968
2017-12-06,55.29459241323648
2017-12-07,65.05246166263116
2017-12-08,55.94511702986279
2017-12-09,52.041969330104926
2017-12-10,45.536723163841806
2017-12-11,54.64406779661017
2017-12-12,56.595641646489106
2017-12-13,53.343018563357546
2017-12-14,57.896690879741726
2017-12-15,53.99354317998386
2017-12-16,47.48829701372075
2017-12-17,41.63357546408394
2017-12-18,48.789346246973366
2017-12-19,49.43987086359968
2017-12-20,53.99354317998386
2017-12-21,53.99354317998386
2017-12-22,58.54721549636804
2017-12-23,53.99354317998386
2017-12-24,42.93462469733656
2017-12-25,54.64406779661017
2017-12-26,50.7409200968523
2017-12-27,59.19774011299435
2017-12-28,59.84826472962067
2017-12-29,61.7998385794996
2017-12-30,50.7409200968523
2017-12-31,42.28410008071025
2018-01-01,44.881729200652536
2018-01-02,48.04241435562806
2018-01-03,55.62805872756934
2018-01-04,53.09951060358891
2018-01-05,59.420880913539975
2018-01-06,48.04241435562806
2018-01-07,41.721044045677004
2018-01-08,48.04241435562806
2018-01-09,54.363784665579125
2018-01-10,51.20309951060359
2018-01-11,46.14600326264274
2018-01-12,48.67455138662317
2018-01-13,44.249592169657426
2018-01-14,36.031810766721044
2018-01-15,46.778140293637854
2018-01-16,61.949429037520396
2018-01-17,57.52446982055466
2018-01-18,57.52446982055466
2018-01-19,49.93882544861338
2018-01-20,44.249592169657426
2018-01-21,38.56035889070147
2018-01-22,47.41027732463296
2018-01-23,51.20309951060359
2018-01-24,63.21370309951061
2018-01-25,56.26019575856444
2018-01-26,60.05301794453508
2018-01-27,45.51386623164764
2018-01-28,39.82463295269169
2018-01-29,45.51386623164764
2018-01-30,53.73164763458402
2018-01-31,51.20309951060359
2018-02-01,54.65699944227551
2018-02-02,56.99944227551589
2018-02-03,55.437813720022305
2018-02-04,38.25989960959286
2018-02-05,67.1500278862242
2018-02-06,78.0814277746793
2018-02-07,60.122699386503065
2018-02-08,59.34188510875627
2018-02-09,71.83491355270496
2018-02-10,56.2186279977691
2018-02-11,46.068042387060785
2018-02-12,50.752928053541545
2018-02-13,48.41048522030117
2018-02-14,50.752928053541545
2018-02-15,53.09537088678192
2018-02-16,49.97211377579475
2018-02-17,48.41048522030117
2018-02-18,35.91745677635248
2018-02-19,42.163970998326825
2018-02-20,43.72559955382041
2018-02-21,49.19129949804796
2018-02-22,42.163970998326825
2018-02-23,39.04071388733965
2018-02-24,39.04071388733965
2018-02-25,38.25989960959286
2018-02-26,42.94478527607362
2018-02-27,42.163970998326825
2018-02-28,39.82152816508644
2018-03-01,47.40166204986149
2018-03-02,45.340720221606645
2018-03-03,38.64265927977839
2018-03-04,44.825484764542935
2018-03-05,42.24930747922437
2018-03-06,43.79501385041551
2018-03-07,45.855955678670355
2018-03-08,37.612188365650965
2018-03-09,42.76454293628809
2018-03-10,44.310249307479225
2018-03-11,37.612188365650965
2018-03-12,44.310249307479225
2018-03-13,40.18836565096953
2018-03-14,37.612188365650965
2018-03-15,44.825484764542935
2018-03-16,42.24930747922437
2018-03-17,39.1578947368421
2018-03-18,29.88365650969529
2018-03-19,41.73407202216066
2018-03-20,38.127423822714675
2018-03-21,37.612188365650965
2018-03-22,51.00831024930748
2018-03-23,48.43213296398892
2018-03-24,41.21883656509695
2018-03-25,39.67313019390581
2018-03-26,51.52354570637119
2018-03-27,45.855955678670355
2018-03-28,41.73407202216066
2018-03-29,44.825484764542935
2018-03-30,34.5207756232687
2018-03-31,37.096952908587255
2018-04-01,37.44075829383886
2018-04-02,41.70616113744075
2018-04-03,45.023696682464454
2018-04-04,44.54976303317535
2018-04-05,41.70616113744075
2018-04-06,43.60189573459715
2018-04-07,41.23222748815166
2018-04-08,36.49289099526066
2018-04-09,38.86255924170616
2018-04-10,40.284360189573455
2018-04-11,35.54502369668246
2018-04-12,39.810426540284354
2018-04-13,39.810426540284354
2018-04-14,43.60189573459715
2018-04-15,33.649289099526065
2018-04-16,43.127962085308056
2018-04-17,44.54976303317535
2018-04-18,45.023696682464454
2018-04-19,44.07582938388625
2018-04-20,47.393364928909946
2018-04-21,39.810426540284354
2018-04-22,31.279620853080566
2018-04-23,40.758293838862556
2018-04-24,44.07582938388625
2018-04-25,42.18009478672985
2018-04-26,39.33649289099526
2018-04-27,35.07109004739336
2018-04-28,27.01421800947867
2018-04-29,29.85781990521327
2018-04-30,43.127962085308056
2018-05-01,38.89733840304183
2018-05-02,37.341444866920156
2018-05-03,32.67376425855513
2018-05-04,33.45171102661597
2018-05-05,31.50684410646388
2018-05-06,29.561977186311786
2018-05-07,34.229657794676804
2018-05-08,33.84068441064639
2018-05-09,32.28479087452472
2018-05-10,34.229657794676804
2018-05-11,32.67376425855513
2018-05-12,32.67376425855513
2018-05-13,27.228136882129277
2018-05-14,31.50684410646388
2018-05-15,36.56349809885931
2018-05-16,36.1745247148289
2018-05-17,33.06273764258555
2018-05-18,33.84068441064639
2018-05-19,35.39657794676806
2018-05-20,29.561977186311786
2018-05-21,35.39657794676806
2018-05-22,36.952471482889734
2018-05-23,30.339923954372622
2018-05-24,34.618631178707226
2018-05-25,35.00760456273764
2018-05-26,28.006083650190114
2018-05-27,30.72889733840304
2018-05-28,26.83916349809886
2018-05-29,29.950950570342204
2018-05-30,36.1745247148289
2018-05-31,32.28479087452472
2018-06-01,37.87878787878788
2018-06-02,35.35353535353536
2018-06-03,33.83838383838384
2018-06-04,39.3939393939394
2018-06-05,31.81818181818182
2018-06-06,36.36363636363637
2018-06-07,41.41414141414142
2018-06-08,47.47474747474748
2018-06-09,43.939393939393945
2018-06-10,34.84848484848485
2018-06-11,45.959595959595966
2018-06-12,48.98989898989899
2018-06-13,45.45454545454546
2018-06-14,40.40404040404041
2018-06-15,50.505050505050505
2018-06-16,43.939393939393945
2018-06-17,33.333333333333336
2018-06-18,42.929292929292934
2018-06-19,43.43434343434344
2018-06-20,46.969696969696976
2018-06-21,39.3939393939394
2018-06-22,33.83838383838384
2018-06-23,36.86868686868687
2018-06-24,28.78787878787879
2018-06-25,34.84848484848485
2018-06-26,42.929292929292934
2018-06-27,45.959595959595966
2018-06-28,40.909090909090914
2018-06-29,37.87878787878788
2018-06-30,34.343434343434346
2018-07-01,28.290977798771845
2018-07-02,43.66650921114785
2018-07-03,41.20642418516769
2018-07-04,35.67123287671233
2018-07-05,41.20642418516769
2018-07-06,40.59140292867265
2018-07-07,35.05621162021729
2018-07-08,31.366084081247045
2018-07-09,44.89655172413793
2018-07-10,40.59140292867265
2018-07-11,51.04676428908833
2018-07-12,44.89655172413793
2018-07-13,39.97638167217761
2018-07-14,31.981105337742086
2018-07-15,35.67123287671233
2018-07-16,46.74161549362305
2018-07-17,47.35663675011809
2018-07-18,48.586679263108174
2018-07-19,61.502125649504016
2018-07-20,47.97165800661313
2018-07-21,41.20642418516769
2018-07-22,36.286254133207365
2018-07-23,51.04676428908833
2018-07-24,44.28153046764289
2018-07-25,46.12659423712801
2018-07-26,44.89655172413793
2018-07-27,46.74161549362305
2018-07-28,39.97638167217761
2018-07-29,33.82616910722721
2018-07-30,39.36136041568257
2018-07-31,39.97638167217761
2018-08-01,39.947973986993496
2018-08-02,42.80140070035018
2018-08-03,42.80140070035018
2018-08-04,37.80790395197599
2018-08-05,29.960980490245124
2018-08-06,37.09454727363682
2018-08-07,43.514757378689346
2018-08-08,42.80140070035018
2018-08-09,44.22811405702851
2018-08-10,42.80140070035018
2018-08-11,32.10105052526263
2018-08-12,38.52126063031516
2018-08-13,55.64182091045523
2018-08-14,53.50175087543772
2018-08-15,71.33566783391696
2018-08-16,67.76888444222111
2018-08-17,61.34867433716859
2018-08-18,45.654827413706855
2018-08-19,37.80790395197599
2018-08-20,50.64832416208104
2018-08-21,46.36818409204602
2018-08-22,47.79489744872436
2018-08-23,52.07503751875938
2018-08-24,52.78839419709855
2018-08-25,42.088044022011005
2018-08-26,40.66133066533267
2018-08-27,52.07503751875938
2018-08-28,48.50825412706353
2018-08-29,41.37468734367184
2018-08-30,43.514757378689346
2018-08-31,40.66133066533267
2018-09-01,35.222412318220705
2018-09-02,32.33532934131737
2018-09-03,34.64499572284004
2018-09-04,57.74165953806673
2018-09-05,57.16424294268606
2018-09-06,53.699743370402054
2018-09-07,49.08041060735672
2018-09-08,42.15141146278871
2018-09-09,38.6869118905047
2018-09-10,49.08041060735672
2018-09-11,48.50299401197605
2018-09-12,52.54491017964072
2018-09-13,51.390076988879386
2018-09-14,44.461077844311376
2018-09-15,42.72882805816938
2018-09-16,42.72882805816938
2018-09-17,47.34816082121471
2018-09-18,51.967493584260055
2018-09-19,49.08041060735672
2018-09-20,48.50299401197605
2018-09-21,44.461077844311376
2018-09-22,41.57399486740804
2018-09-23,34.64499572284004
2018-09-24,45.038494439692045
2018-09-25,51.967493584260055
2018-09-26,45.038494439692045
2018-09-27,39.84174508126604
2018-09-28,46.77074422583405
2018-09-29,39.84174508126604
2018-09-30,31.7579127459367
2018-10-01,49.71046770601336
2018-10-02,53.43875278396436
2018-10-03,47.224944320712694
2018-10-04,49.71046770601336
2018-10-05,45.982182628062354
2018-10-06,44.118040089086854
2018-10-07,29.826280623608014
2018-10-08,49.71046770601336
2018-10-09,44.118040089086854
2018-10-10,49.089086859688194
2018-10-11,62.1380846325167
2018-10-12,56.545657015590194
2018-10-13,41.63251670378619
2018-10-14,37.28285077951002
2018-10-15,49.71046770601336
2018-10-16,50.33184855233853
2018-10-17,44.73942093541202
2018-10-18,44.118040089086854
2018-10-19,40.389755011135854
2018-10-20,40.389755011135854
2018-10-21,31.690423162583517
2018-10-22,39.14699331848552
2018-10-23,52.19599109131403
2018-10-24,45.982182628062354
2018-10-25,45.982182628062354
2018-10-26,45.982182628062354
2018-10-27,41.63251670378619
2018-10-28,36.661469933184854
2018-10-29,41.01113585746102
2018-10-30,45.982182628062354
2018-10-31,38.525612472160354
2018-11-01,48.00936768149883
2018-11-02,41.76814988290398
2018-11-03,37.44730679156908
2018-11-04,34.086651053864166
2018-11-05,45.60889929742388
2018-11-06,48.00936768149883
2018-11-07,35.52693208430913
2018-11-08,40.807962529274
2018-11-09,40.32786885245901
2018-11-10,36.48711943793911
2018-11-11,36.00702576112412
2018-11-12,48.00936768149883
2018-11-13,46.08899297423888
2018-11-14,45.128805620608894
2018-11-15,45.128805620608894
2018-11-16,37.92740046838407
2018-11-17,36.48711943793911
2018-11-18,32.6463700234192
2018-11-19,44.648711943793906
2018-11-20,47.049180327868854
2018-11-21,47.52927400468384
2018-11-22,38.88758782201405
2018-11-23,36.48711943793911
2018-11-24,33.12646370023419
2018-11-25,35.04683840749414
2018-11-26,43.68852459016393
2018-11-27,39.847775175644024
2018-11-28,41.28805620608899
2018-11-29,40.807962529274
2018-11-30,46.08899297423888
2018-12-01,33.40108534780463
2018-12-02,31.810557474099653
2018-12-03,45.330044400592
2018-12-04,46.125308337444494
2018-12-05,49.30636408485446
2018-12-06,51.692155895411936
2018-12-07,44.534780463739516
2018-12-08,46.125308337444494
2018-12-09,44.534780463739516
2018-12-10,45.330044400592
2018-12-11,43.73951652688702
2018-12-12,42.14898865318204
2018-12-13,50.10162802170695
2018-12-14,46.125308337444494
2018-12-15,47.71583621114948
2018-12-16,46.125308337444494
2018-12-17,51.692155895411936
2018-12-18,54.07794770596941
2018-12-19,53.282683769116915
2018-12-20,58.054267390231864
2018-12-21,62.82585101134681
2018-12-22,58.84953132708436
2018-12-23,47.71583621114948
2018-12-24,55.66847557967439
2018-12-25,69.98322644301923
2018-12-26,79.52639368524913
2018-12-27,77.14060187469165
2018-12-28,68.39269856931425
2018-12-29,56.463739516526886
2018-12-30,44.534780463739516
2018-12-31,59.64479526393685
2019-01-01,57.86666666666667
2019-01-02,60.62222222222222
2019-01-03,66.82222222222222
2019-01-04,68.88888888888889
2019-01-05,54.422222222222224
2019-01-06,47.53333333333333
2019-01-07,53.044444444444444
2019-01-08,54.422222222222224
2019-01-09,56.48888888888889
2019-01-10,59.93333333333333
2019-01-11,46.84444444444444
2019-01-12,42.71111111111111
2019-01-13,43.4
2019-01-14,48.22222222222222
2019-01-15,46.84444444444444
2019-01-16,43.4
2019-01-17,48.22222222222222
2019-01-18,46.84444444444444
2019-01-19,41.333333333333336
2019-01-20,31.68888888888889
2019-01-21,44.77777777777778
2019-01-22,45.46666666666667
2019-01-23,50.977777777777774
2019-01-24,47.53333333333333
2019-01-25,52.355555555555554
2019-01-26,48.22222222222222
2019-01-27,37.2
2019-01-28,46.15555555555556
2019-01-29,50.977777777777774
2019-01-30,55.8
2019-01-31,50.977777777777774
2019-02-01,47.98937112488929
2019-02-02,53.32152347209921
2019-02-03,37.85828166519044
2019-02-04,46.389725420726315
2019-02-05,45.323294951284325
2019-02-06,40.524357838795396
2019-02-07,46.389725420726315
2019-02-08,44.25686448184234
2019-02-09,41.590788308237386
2019-02-10,34.658990256864485
2019-02-11,41.05757307351639
2019-02-12,42.12400354295838
2019-02-13,40.524357838795396
2019-02-14,40.524357838795396
2019-02-15,42.12400354295838
2019-02-16,40.524357838795396
2019-02-17,34.12577502214349
2019-02-18,41.590788308237386
2019-02-19,49.05580159433127
2019-02-20,51.188662533215236
2019-02-21,47.4561558901683
2019-02-22,48.52258635961028
2019-02-23,42.65721877767937
2019-02-24,38.39149689991143
2019-02-25,43.19043401240036
2019-02-26,44.79007971656333
2019-02-27,38.39149689991143
2019-02-28,39.45792736935341
2019-03-01,48.88461538461538
2019-03-02,45.95153846153846
2019-03-03,35.68576923076923
2019-03-04,39.59653846153846
2019-03-05,38.129999999999995
2019-03-06,44.973846153846154
2019-03-07,43.01846153846154
2019-03-08,43.996153846153845
2019-03-09,45.95153846153846
2019-03-10,36.174615384615386
2019-03-11,43.996153846153845
2019-03-12,42.52961538461538
2019-03-13,42.04076923076923
2019-03-14,39.59653846153846
2019-03-15,44.485
2019-03-16,42.52961538461538
2019-03-17,34.21923076923077
2019-03-18,39.59653846153846
2019-03-19,42.04076923076923
2019-03-20,39.107692307692304
2019-03-21,36.66346153846153
2019-03-22,43.996153846153845
2019-03-23,41.551923076923075
2019-03-24,32.26384615384615
2019-03-25,46.92923076923077
2019-03-26,43.01846153846154
2019-03-27,37.15230769230769
2019-03-28,42.04076923076923
2019-03-29,43.50730769230769
2019-03-30,37.64115384615384
2019-03-31,33.730384615384615
2019-04-01,35.9717868338558
2019-04-02,37.97021943573668
2019-04-03,39.96865203761756
2019-04-04,37.5705329153605
2019-04-05,37.5705329153605
2019-04-06,35.17241379310345
2019-04-07,26.778996865203762
2019-04-08,33.57366771159875
2019-04-09,34.77272727272727
2019-04-10,39.56896551724138
2019-04-11,33.17398119122257
2019-04-12,38.36990595611286
2019-04-13,31.57523510971787
2019-04-14,26.379310344827587
2019-04-15,31.57523510971787
2019-04-16,34.77272727272727
2019-04-17,34.77272727272727
2019-04-18,32.37460815047022
2019-04-19,37.97021943573668
2019-04-20,30.376175548589345
2019-04-21,29.177115987460816
2019-04-22,29.177115987460816
2019-04-23,39.56896551724138
2019-04-24,37.97021943573668
2019-04-25,34.77272727272727
2019-04-26,34.77272727272727
2019-04-27,27.578369905956116
2019-04-28,25.180250783699062
2019-04-29,33.97335423197492
2019-04-30,37.5705329153605
2019-05-01,38.16143141153082
2019-05-02,43.04254473161034
2019-05-03,35.05526838966203
2019-05-04,29.286679920477138
2019-05-05,29.730417495029823
2019-05-06,37.717693836978135
2019-05-07,35.05526838966203
2019-05-08,36.830218687872765
2019-05-09,39.04890656063618
2019-05-10,37.717693836978135
2019-05-11,30.61789264413519
2019-05-12,35.05526838966203
2019-05-13,43.48628230616303
2019-05-14,44.37375745526839
2019-05-15,39.93638170974155
2019-05-16,34.16779324055666
2019-05-17,36.38648111332008
2019-05-18,32.39284294234593
2019-05-19,31.50536779324056
2019-05-20,39.49264413518887
2019-05-21,35.05526838966203
2019-05-22,33.72405566600398
2019-05-23,40.38011928429424
2019-05-24,36.38648111332008
2019-05-25,31.061630218687874
2019-05-26,30.174155069582508
2019-05-27,30.174155069582508
2019-05-28,33.72405566600398
2019-05-29,36.830218687872765
2019-05-30,40.38011928429424
2019-05-31,39.04890656063618
2019-06-01,37.41019042717448
2019-06-02,28.533196088522903
2019-06-03,48.82346886258364
2019-06-04,48.82346886258364
2019-06-05,40.580545548121464
2019-06-06,48.82346886258364
2019-06-07,43.75090066906845
2019-06-08,41.84868759650026
2019-06-09,25.996911991765312
2019-06-10,38.67833247555327
2019-06-11,38.04426145136387
2019-06-12,45.01904271744725
2019-06-13,36.14204837879568
2019-06-14,41.84868759650026
2019-06-15,32.33762223365929
2019-06-16,32.97169325784869
2019-06-17,41.84868759650026
2019-06-18,44.38497169325785
2019-06-19,40.580545548121464
2019-06-20,60.870818322182195
2019-06-21,62.77303139475039
2019-06-22,49.457539886773034
2019-06-23,38.04426145136387
2019-06-24,56.43232115285641
2019-06-25,63.407102418939786
2019-06-26,50.09161091096243
2019-06-27,49.457539886773034
2019-06-28,45.01904271744725
