Date,Solar Power
2013-01-01,37.50255804801259
2013-01-02,49.78787878787878
2013-01-03,53.667453758362846
2013-01-04,49.141282959464775
2013-01-05,43.968516332152696
2013-01-06,45.908303817394724
2013-01-07,55.607241243604875
2013-01-08,60.13341204250295
2013-01-09,58.840220385674925
2013-01-10,59.48681621408894
2013-01-11,55.607241243604875
2013-01-12,46.55489964580873
2013-01-13,44.6151121605667
2013-01-14,54.314049586776854
2013-01-15,60.13341204250295
2013-01-16,59.48681621408894
2013-01-17,60.13341204250295
2013-01-18,45.26170798898072
2013-01-19,43.32192050373868
2013-01-20,47.84809130263675
2013-01-21,43.32192050373868
2013-01-22,58.19362455726092
2013-01-23,64.65958284140102
2013-01-24,58.840220385674925
2013-01-25,63.366391184573
2013-01-26,45.908303817394724
2013-01-27,46.55489964580873
2013-01-28,53.667453758362846
2013-01-29,58.840220385674925
2013-01-30,55.607241243604875
2013-01-31,62.71979535615899
2013-02-01,52.51674641148325
2013-02-02,36.829926054806435
2013-02-03,50.470639408438444
2013-02-04,55.24488908220965
2013-02-05,60.70117442366246
2013-02-06,65.47542409743366
2013-02-07,60.019138755980855
2013-02-08,58.655067420617655
2013-02-09,43.65028273162244
2013-02-10,47.742496737712045
2013-02-11,61.383210091344054
2013-02-12,58.655067420617655
2013-02-13,52.51674641148325
2013-02-14,54.56285341452805
2013-02-15,47.06046107003044
2013-02-16,44.33231839930404
2013-02-17,49.78860374075685
2013-02-18,51.83471074380165
2013-02-19,68.20356676816006
2013-02-20,63.42931709438886
2013-02-21,63.42931709438886
2013-02-22,63.42931709438886
2013-02-23,47.742496737712045
2013-02-24,52.51674641148325
2013-02-25,61.383210091344054
2013-02-26,67.52153110047846
2013-02-27,62.06524575902566
2013-02-28,66.83949543279687
2013-03-01,57.03044315992293
2013-03-02,46.66127167630058
2013-03-03,51.845857418111756
2013-03-04,70.36223506743738
2013-03-05,67.39961464354528
2013-03-06,59.99306358381503
2013-03-07,59.25240847784201
2013-03-08,59.25240847784201
2013-03-09,49.623892100192684
2013-03-10,66.65895953757226
2013-03-11,62.21502890173411
2013-03-12,68.88092485549133
2013-03-13,68.14026974951831
2013-03-14,65.91830443159924
2013-03-15,54.067822736030834
2013-03-16,54.80847784200385
2013-03-17,59.25240847784201
2013-03-18,67.39961464354528
2013-03-19,64.43699421965319
2013-03-20,71.1028901734104
2013-03-21,67.39961464354528
2013-03-22,60.733718689788056
2013-03-23,48.88323699421966
2013-03-24,59.99306358381503
2013-03-25,67.39961464354528
2013-03-26,69.62157996146436
2013-03-27,74.0655105973025
2013-03-28,68.88092485549133
2013-03-29,57.77109826589596
2013-03-30,57.03044315992293
2013-03-31,65.91830443159924
2013-04-01,61.30217028380635
2013-04-02,64.00667779632721
2013-04-03,60.40066777963273
2013-04-04,69.41569282136895
2013-04-05,67.61268781302171
2013-04-06,59.499165275459106
2013-04-07,68.51419031719533
2013-04-08,68.51419031719533
2013-04-09,73.02170283806345
2013-04-10,70.31719532554257
2013-04-11,79.33222036727881
2013-04-12,68.51419031719533
2013-04-13,55.89315525876461
2013-04-14,65.80968280467447
2013-04-15,73.92320534223707
2013-04-16,82.93823038397329
2013-04-17,77.52921535893155
2013-04-18,66.71118530884809
2013-04-19,64.00667779632721
2013-04-20,60.40066777963273
2013-04-21,80.23372287145243
2013-04-22,90.15025041736227
2013-04-23,80.23372287145243
2013-04-24,80.23372287145243
2013-04-25,79.33222036727881
2013-04-26,79.33222036727881
2013-04-27,61.30217028380635
2013-04-28,84.74123539232053
2013-04-29,82.93823038397329
2013-04-30,83.83973288814691
2013-05-01,81.008180755746
2013-05-02,74.41449162446435
2013-05-03,83.83404752629528
2013-05-04,75.35644721464745
2013-05-05,76.29840280483053
2013-05-06,94.19555901830931
2013-05-07,85.71795870666146
2013-05-08,84.77600311647838
2013-05-09,89.48578106739384
2013-05-10,80.06622516556291
2013-05-11,66.87884690299961
2013-05-12,78.18231398519673
2013-05-13,84.77600311647838
2013-05-14,83.83404752629528
2013-05-15,81.008180755746
2013-05-16,78.18231398519673
2013-05-17,68.7627580833658
2013-05-18,67.8208024931827
2013-05-19,73.47253603428126
2013-05-20,83.83404752629528
2013-05-21,72.53058044409816
2013-05-22,76.29840280483053
2013-05-23,81.008180755746
2013-05-24,69.70471367354888
2013-05-25,65.93689131281651
2013-05-26,73.47253603428126
2013-05-27,81.9501363459291
2013-05-28,76.29840280483053
2013-05-29,84.77600311647838
2013-05-30,73.47253603428126
2013-05-31,70.64666926373198
2013-06-01,67.07616707616708
2013-06-02,75.85995085995086
2013-06-03,79.85257985257985
2013-06-04,66.27764127764128
2013-06-05,68.67321867321867
2013-06-06,66.27764127764128
2013-06-07,63.08353808353808
2013-06-08,50.307125307125304
2013-06-09,79.85257985257985
2013-06-10,70.27027027027027
2013-06-11,61.486486486486484
2013-06-12,59.88943488943489
2013-06-13,57.49385749385749
2013-06-14,63.88206388206388
2013-06-15,57.49385749385749
2013-06-16,75.85995085995086
2013-06-17,66.27764127764128
2013-06-18,64.68058968058968
2013-06-19,55.896805896805894
2013-06-20,56.695331695331696
2013-06-21,58.29238329238329
2013-06-22,66.27764127764128
2013-06-23,72.66584766584766
2013-06-24,71.06879606879608
2013-06-25,63.08353808353808
2013-06-26,66.27764127764128
2013-06-27,63.88206388206388
2013-06-28,52.7027027027027
2013-06-29,57.49385749385749
2013-06-30,71.06879606879608
2013-07-01,64.53531598513011
2013-07-02,62.998760842627014
2013-07-03,55.31598513011152
2013-07-04,56.85254027261462
2013-07-05,61.46220570012392
2013-07-06,76.82775712515489
2013-07-07,72.2180916976456
2013-07-08,62.23048327137546
2013-07-09,63.76703841387856
2013-07-10,53.779429987608424
2013-07-11,54.547707558859976
2013-07-12,53.01115241635688
2013-07-13,52.24287484510533
2013-07-14,63.76703841387856
2013-07-15,64.53531598513011
2013-07-16,59.15737298636927
2013-07-17,60.693928128872365
2013-07-18,59.92565055762082
2013-07-19,59.15737298636927
2013-07-20,53.01115241635688
2013-07-21,59.15737298636927
2013-07-22,58.38909541511772
2013-07-23,61.46220570012392
2013-07-24,62.23048327137546
2013-07-25,54.547707558859976
2013-07-26,56.85254027261462
2013-07-27,59.15737298636927
2013-07-28,62.23048327137546
2013-07-29,62.23048327137546
2013-07-30,59.92565055762082
2013-07-31,53.779429987608424
2013-08-01,57.72413793103448
2013-08-02,57.72413793103448
2013-08-03,45.26097178683385
2013-08-04,53.788401253918494
2013-08-05,52.476489028213166
2013-08-06,60.34796238244514
2013-08-07,57.06818181818181
2013-08-08,53.788401253918494
2013-08-09,51.820532915360495
2013-08-10,55.10031347962382
2013-08-11,65.59561128526646
2013-08-12,58.38009404388714
2013-08-13,57.72413793103448
2013-08-14,53.788401253918494
2013-08-15,53.788401253918494
2013-08-16,47.88479623824451
2013-08-17,44.605015673981185
2013-08-18,56.41222570532915
2013-08-19,53.13244514106583
2013-08-20,53.788401253918494
2013-08-21,57.72413793103448
2013-08-22,53.788401253918494
2013-08-23,57.72413793103448
2013-08-24,47.88479623824451
2013-08-25,54.44435736677116
2013-08-26,56.41222570532915
2013-08-27,57.72413793103448
2013-08-28,55.756269592476485
2013-08-29,50.50862068965517
2013-08-30,51.16457680250783
2013-08-31,40.6692789968652
2013-09-01,46.890444810543656
2013-09-02,50.288303130148265
2013-09-03,58.44316309719933
2013-09-04,51.64744645799011
2013-09-05,57.08401976935749
2013-09-06,53.68616144975288
2013-09-07,53.006589785831956
2013-09-08,57.08401976935749
2013-09-09,58.44316309719933
2013-09-10,59.122734761120256
2013-09-11,55.72487644151565
2013-09-12,54.3657331136738
2013-09-13,53.68616144975288
2013-09-14,53.006589785831956
2013-09-15,57.763591433278414
2013-09-16,60.481878088962105
2013-09-17,57.08401976935749
2013-09-18,57.08401976935749
2013-09-19,50.96787479406919
2013-09-20,55.04530477759472
2013-09-21,50.96787479406919
2013-09-22,48.92915980230642
2013-09-23,55.04530477759472
2013-09-24,58.44316309719933
2013-09-25,53.68616144975288
2013-09-26,61.84102141680395
2013-09-27,57.08401976935749
2013-09-28,44.85172981878088
2013-09-29,50.288303130148265
2013-09-30,67.95716639209225
2013-10-01,60.434583014537104
2013-10-02,61.76281560826319
2013-10-03,61.76281560826319
2013-10-04,59.770466717674054
2013-10-05,44.49579188982402
2013-10-06,48.48048967100229
2013-10-07,54.45753634276969
2013-10-08,61.76281560826319
2013-10-09,56.449885233358835
2013-10-10,58.44223412394797
2013-10-11,52.46518745218056
2013-10-12,41.17521040550879
2013-10-13,53.79342004590665
2013-10-14,57.11400153022188
2013-10-15,59.10635042081101
2013-10-16,55.12165263963274
2013-10-17,51.13695485845447
2013-10-18,52.46518745218056
2013-10-19,47.816373374139246
2013-10-20,57.77811782708492
2013-10-21,66.41162968630451
2013-10-22,61.76281560826319
2013-10-23,57.11400153022188
2013-10-24,59.770466717674054
2013-10-25,56.449885233358835
2013-10-26,43.83167559296098
2013-10-27,45.82402448355011
2013-10-28,61.76281560826319
2013-10-29,65.08339709257842
2013-10-30,65.08339709257842
2013-10-31,57.11400153022188
2013-11-01,69.3508064516129
2013-11-02,51.82258064516129
2013-11-03,59.443548387096776
2013-11-04,70.11290322580645
2013-11-05,69.3508064516129
2013-11-06,67.82661290322581
2013-11-07,75.4475806451613
2013-11-08,67.06451612903226
2013-11-09,49.53629032258065
2013-11-10,64.77822580645162
2013-11-11,66.3024193548387
2013-11-12,70.11290322580645
2013-11-13,75.4475806451613
2013-11-14,70.11290322580645
2013-11-15,76.20967741935483
2013-11-16,51.82258064516129
2013-11-17,63.25403225806451
2013-11-18,70.11290322580645
2013-11-19,73.92338709677419
2013-11-20,75.4475806451613
2013-11-21,72.39919354838709
2013-11-22,66.3024193548387
2013-11-23,51.82258064516129
2013-11-24,54.108870967741936
2013-11-25,62.49193548387097
2013-11-26,60.20564516129032
2013-11-27,45.725806451612904
2013-11-28,36.58064516129032
2013-11-29,51.060483870967744
2013-11-30,51.82258064516129
2013-12-01,56.582006026689626
2013-12-02,69.31295738269479
2013-12-03,70.72750753336203
2013-12-04,70.02023245802842
2013-12-05,65.06930693069307
2013-12-06,64.36203185535945
2013-12-07,51.63108049935428
2013-12-08,55.87473095135601
2013-12-09,68.60568230736118
2013-12-10,60.11838140335773
2013-12-11,68.60568230736118
2013-12-12,64.36203185535945
2013-12-13,62.94748170469221
2013-12-14,48.801980198019805
2013-12-15,54.46018080068877
2013-12-16,53.04563065002152
2013-12-17,58.703831252690485
2013-12-18,57.289281102023246
2013-12-19,49.509255273353425
2013-12-20,38.90012914334912
2013-12-21,37.48557899268188
2013-12-22,43.85105467068446
2013-12-23,41.02195436934998
2013-12-24,33.949203616013776
2013-12-25,35.363753766681015
2013-12-26,45.97287989668532
2013-12-27,43.85105467068446
2013-12-28,41.02195436934998
2013-12-29,48.09470512268618
2013-12-30,43.85105467068446
2013-12-31,39.60740421868274
2014-01-01,41.55182421227197
2014-01-02,54.49419568822553
2014-01-03,48.36359867330016
2014-01-04,40.18946932006633
2014-01-05,45.638888888888886
2014-01-06,47.00124378109452
2014-01-07,56.53772802653399
2014-01-08,50.40713101160862
2014-01-09,61.98714759535655
2014-01-10,51.088308457711435
2014-01-11,43.595356550580426
2014-01-12,46.3200663349917
2014-01-13,53.131840796019894
2014-01-14,67.4365671641791
2014-01-15,64.030679933665
2014-01-16,52.45066334991708
2014-01-17,54.49419568822553
2014-01-18,40.87064676616915
2014-01-19,43.595356550580426
2014-01-20,53.813018242122716
2014-01-21,59.94361525704809
2014-01-22,55.17537313432835
2014-01-23,57.21890547263681
2014-01-24,58.58126036484245
2014-01-25,49.7259535655058
2014-01-26,55.85655058043117
2014-01-27,58.58126036484245
2014-01-28,53.131840796019894
2014-01-29,68.11774461028192
2014-01-30,56.53772802653399
2014-01-31,53.131840796019894
2014-02-01,48.78969957081545
2014-02-02,44.9175011921793
2014-02-03,45.69194086790653
2014-02-04,46.46638054363376
2014-02-05,61.18073438245112
2014-02-06,54.98521697663329
2014-02-07,58.85741535526943
2014-02-08,45.69194086790653
2014-02-09,43.36862184072484
2014-02-10,61.95517405817835
2014-02-11,61.18073438245112
2014-02-12,57.30853600381497
2014-02-13,63.50405340963281
2014-02-14,58.85741535526943
2014-02-15,52.6618979494516
2014-02-16,55.75965665236052
2014-02-17,61.18073438245112
2014-02-18,58.0829756795422
2014-02-19,64.27849308536004
2014-02-20,68.92513113972342
2014-02-21,65.8273724368145
2014-02-22,46.46638054363376
2014-02-23,74.34620886981402
2014-02-24,77.44396757272294
2014-02-25,56.53409632808774
2014-02-26,62.72961373390558
2014-02-27,65.8273724368145
2014-02-28,61.18073438245112
2014-03-01,49.035700274617504
2014-03-02,57.463711259317385
2014-03-03,65.12553942722637
2014-03-04,58.22989407610829
2014-03-05,68.19027069438997
2014-03-06,65.12553942722637
2014-03-07,63.593173793644574
2014-03-08,56.69752844252649
2014-03-09,58.99607689289918
2014-03-10,63.593173793644574
2014-03-11,72.78736759513536
2014-03-12,63.593173793644574
2014-03-13,66.65790506080818
2014-03-14,64.35935661043547
2014-03-15,52.866614358571994
2014-03-16,55.93134562573559
2014-03-17,62.06080816006278
2014-03-18,69.72263632797177
2014-03-19,66.65790506080818
2014-03-20,68.19027069438997
2014-03-21,60.52844252648098
2014-03-22,60.52844252648098
2014-03-23,60.52844252648098
2014-03-24,74.31973322871715
2014-03-25,67.42408787759906
2014-03-26,70.48881914476266
2014-03-27,62.82699097685368
2014-03-28,61.29462534327188
2014-03-29,49.035700274617504
2014-03-30,60.52844252648098
2014-03-31,76.61828167908985
2014-04-01,71.63265306122449
2014-04-02,72.62755102040816
2014-04-03,77.60204081632652
2014-04-04,62.67857142857142
2014-04-05,60.68877551020408
2014-04-06,69.64285714285714
2014-04-07,76.60714285714285
2014-04-08,71.63265306122449
2014-04-09,75.61224489795917
2014-04-10,88.54591836734693
2014-04-11,67.65306122448979
2014-04-12,68.64795918367346
2014-04-13,81.58163265306122
2014-04-14,80.58673469387755
2014-04-15,81.58163265306122
2014-04-16,75.61224489795917
2014-04-17,78.5969387755102
2014-04-18,69.64285714285714
2014-04-19,69.64285714285714
2014-04-20,75.61224489795917
2014-04-21,88.54591836734693
2014-04-22,99.48979591836734
2014-04-23,90.53571428571428
2014-04-24,81.58163265306122
2014-04-25,87.55102040816325
2014-04-26,67.65306122448979
2014-04-27,85.56122448979592
2014-04-28,94.51530612244898
2014-04-29,84.56632653061224
2014-04-30,83.57142857142857
2014-05-01,90.41305361305362
2014-05-02,86.42424242424244
2014-05-03,67.80979020979022
2014-05-04,82.43543123543124
2014-05-05,94.40186480186482
2014-05-06,90.41305361305362
2014-05-07,85.0946386946387
2014-05-08,87.75384615384617
2014-05-09,87.75384615384617
2014-05-10,77.11701631701632
2014-05-11,82.43543123543124
2014-05-12,98.390675990676
2014-05-13,94.40186480186482
2014-05-14,86.42424242424244
2014-05-15,91.74265734265735
2014-05-16,77.11701631701632
2014-05-17,70.46899766899767
2014-05-18,75.78741258741259
2014-05-19,89.08344988344989
2014-05-20,87.75384615384617
2014-05-21,86.42424242424244
2014-05-22,90.41305361305362
2014-05-23,83.76503496503497
2014-05-24,89.08344988344989
2014-05-25,115.67552447552448
2014-05-26,120.99393939393941
2014-05-27,132.96037296037298
2014-05-28,119.66433566433568
2014-05-29,110.35710955710957
2014-05-30,103.70909090909092
2014-05-31,95.73146853146854
2014-06-01,100.46511627906978
2014-06-02,125.5813953488372
2014-06-03,106.74418604651163
2014-06-04,101.72093023255815
2014-06-05,90.4186046511628
2014-06-06,90.4186046511628
2014-06-07,79.11627906976744
2014-06-08,94.18604651162791
2014-06-09,82.88372093023256
2014-06-10,94.18604651162791
2014-06-11,77.86046511627907
2014-06-12,72.83720930232558
2014-06-13,76.6046511627907
2014-06-14,56.51162790697674
2014-06-15,74.09302325581396
2014-06-16,69.06976744186046
2014-06-17,79.11627906976744
2014-06-18,75.34883720930233
2014-06-19,71.5813953488372
2014-06-20,70.32558139534883
2014-06-21,65.30232558139535
2014-06-22,72.83720930232558
2014-06-23,77.86046511627907
2014-06-24,80.37209302325581
2014-06-25,80.37209302325581
2014-06-26,71.5813953488372
2014-06-27,72.83720930232558
2014-06-28,67.81395348837209
2014-06-29,71.5813953488372
2014-06-30,80.37209302325581
2014-07-01,73.13639968279143
2014-07-02,67.11340206185567
2014-07-03,64.53211736716891
2014-07-04,61.95083267248215
2014-07-05,69.69468675654242
2014-07-06,72.27597145122918
2014-07-07,86.04282315622521
2014-07-08,77.43854084060268
2014-07-09,73.99682791435369
2014-07-10,68.83425852498017
2014-07-11,74.85725614591594
2014-07-12,62.8112609040444
2014-07-13,66.25297383029341
2014-07-14,79.15939730372719
2014-07-15,65.39254559873116
2014-07-16,66.25297383029341
2014-07-17,70.55511498810468
2014-07-18,61.0904044409199
2014-07-19,61.95083267248215
2014-07-20,68.83425852498017
2014-07-21,72.27597145122918
2014-07-22,73.99682791435369
2014-07-23,69.69468675654242
2014-07-24,73.99682791435369
2014-07-25,69.69468675654242
2014-07-26,73.99682791435369
2014-07-27,69.69468675654242
2014-07-28,74.85725614591594
2014-07-29,68.83425852498017
2014-07-30,64.53211736716891
2014-07-31,66.25297383029341
2014-08-01,54.119277108433735
2014-08-02,57.2566265060241
2014-08-03,67.45301204819278
2014-08-04,73.7277108433735
2014-08-05,69.02168674698795
2014-08-06,66.66867469879519
2014-08-07,64.3156626506024
2014-08-08,52.55060240963856
2014-08-09,61.17831325301205
2014-08-10,58.04096385542169
2014-08-11,65.1
2014-08-12,65.1
2014-08-13,61.96265060240964
2014-08-14,58.825301204819276
2014-08-15,56.47228915662651
2014-08-16,58.825301204819276
2014-08-17,61.17831325301205
2014-08-18,78.43373493975903
2014-08-19,76.86506024096386
2014-08-20,63.53132530120482
2014-08-21,69.80602409638554
2014-08-22,69.02168674698795
2014-08-23,59.609638554216865
2014-08-24,54.903614457831324
2014-08-25,65.1
2014-08-26,67.45301204819278
2014-08-27,61.96265060240964
2014-08-28,60.39397590361446
2014-08-29,59.609638554216865
2014-08-30,54.903614457831324
2014-08-31,59.609638554216865
2014-09-01,65.80188679245283
2014-09-02,63.60849056603774
2014-09-03,61.41509433962264
2014-09-04,63.60849056603774
2014-09-05,54.10377358490566
2014-09-06,57.759433962264154
2014-09-07,49.716981132075475
2014-09-08,64.33962264150944
2014-09-09,65.80188679245283
2014-09-10,62.87735849056604
2014-09-11,65.80188679245283
2014-09-12,63.60849056603774
2014-09-13,61.41509433962264
2014-09-14,61.41509433962264
2014-09-15,62.87735849056604
2014-09-16,66.53301886792453
2014-09-17,62.87735849056604
2014-09-18,64.33962264150944
2014-09-19,64.33962264150944
2014-09-20,43.136792452830186
2014-09-21,52.64150943396226
2014-09-22,66.53301886792453
2014-09-23,73.11320754716981
2014-09-24,62.87735849056604
2014-09-25,66.53301886792453
2014-09-26,63.60849056603774
2014-09-27,55.56603773584906
2014-09-28,58.490566037735846
2014-09-29,70.91981132075472
2014-09-30,64.33962264150944
2014-10-01,64.70662227155013
2014-10-02,62.57343692193859
2014-10-03,67.55086940436553
2014-10-04,54.75175730669626
2014-10-05,49.774324824269335
2014-10-06,66.83980762116167
2014-10-07,68.97299297077322
2014-10-08,63.28449870514244
2014-10-09,68.26193118756937
2014-10-10,63.28449870514244
2014-10-11,53.32963374028857
2014-10-12,55.462819089900115
2014-10-13,64.70662227155013
2014-10-14,71.10617832038476
2014-10-15,65.41768405475398
2014-10-16,64.70662227155013
2014-10-17,61.151313355530895
2014-10-18,46.930077691453945
2014-10-19,53.32963374028857
2014-10-20,58.307066222715505
2014-10-21,66.83980762116167
2014-10-22,66.83980762116167
2014-10-23,69.68405475397707
2014-10-24,59.01812800591935
2014-10-25,47.64113947465779
2014-10-26,51.19644839067703
2014-10-27,68.97299297077322
2014-10-28,65.41768405475398
2014-10-29,69.68405475397707
2014-10-30,66.83980762116167
2014-10-31,65.41768405475398
2014-11-01,53.41726618705035
2014-11-02,60.53956834532374
2014-11-03,71.22302158273381
2014-11-04,76.56474820143885
2014-11-05,67.66187050359711
2014-11-06,67.66187050359711
2014-11-07,68.55215827338128
2014-11-08,56.978417266187044
2014-11-09,62.32014388489208
2014-11-10,72.11330935251797
2014-11-11,63.21043165467625
2014-11-12,89.02877697841726
2014-11-13,76.56474820143885
2014-11-14,75.67446043165467
2014-11-15,60.53956834532374
2014-11-16,62.32014388489208
2014-11-17,72.11330935251797
2014-11-18,81.0161870503597
2014-11-19,83.68705035971222
2014-11-20,68.55215827338128
2014-11-21,66.77158273381295
2014-11-22,55.1978417266187
2014-11-23,61.42985611510791
2014-11-24,70.33273381294963
2014-11-25,64.10071942446042
2014-11-26,52.52697841726618
2014-11-27,40.953237410071935
2014-11-28,49.856115107913666
2014-11-29,58.75899280575539
2014-11-30,70.33273381294963
2014-12-01,79.1123439667129
2014-12-02,85.99167822468793
2014-12-03,75.67267683772538
2014-12-04,73.09292649098474
2014-12-05,75.67267683772538
2014-12-06,56.754507628294036
2014-12-07,65.35367545076282
2014-12-08,83.41192787794729
2014-12-09,72.23300970873785
2014-12-10,68.79334257975034
2014-12-11,79.1123439667129
2014-12-12,73.09292649098474
2014-12-13,52.454923717059636
2014-12-14,55.89459084604715
2014-12-15,68.79334257975034
2014-12-16,73.09292649098474
2014-12-17,64.49375866851595
2014-12-18,56.754507628294036
2014-12-19,55.89459084604715
2014-12-20,50.73509015256588
2014-12-21,44.71567267683772
2014-12-22,49.01525658807212
2014-12-23,50.73509015256588
2014-12-24,38.696255201109565
2014-12-25,36.97642163661581
2014-12-26,42.995839112343965
2014-12-27,42.995839112343965
2014-12-28,44.71567267683772
2014-12-29,44.71567267683772
2014-12-30,48.15533980582524
2014-12-31,49.875173370319
2015-01-01,41.437185929648244
2015-01-02,45.798994974874375
2015-01-03,48.70686767169179
2015-01-04,47.25293132328308
2015-01-05,50.88777219430486
2015-01-06,55.97654941373534
2015-01-07,62.51926298157454
2015-01-08,63.97319932998325
2015-01-09,53.79564489112228
2015-01-10,46.52596314907873
2015-01-11,53.06867671691792
2015-01-12,58.15745393634841
2015-01-13,61.06532663316583
2015-01-14,57.43048576214405
2015-01-15,59.61139028475712
2015-01-16,62.51926298157454
2015-01-17,49.43383584589615
2015-01-18,52.34170854271357
2015-01-19,55.24958123953099
2015-01-20,62.51926298157454
2015-01-21,64.7001675041876
2015-01-22,72.69681742043551
2015-01-23,58.88442211055276
2015-01-24,39.256281407035175
2015-01-25,50.88777219430486
2015-01-26,61.06532663316583
2015-01-27,57.43048576214405
2015-01-28,70.51591289782245
2015-01-29,65.42713567839196
2015-01-30,57.43048576214405
2015-01-31,49.43383584589615
2015-02-01,57.40585774058577
2015-02-02,58.22594142259415
2015-02-03,60.68619246861925
2015-02-04,62.32635983263599
2015-02-05,68.06694560669456
2015-02-06,61.50627615062762
2015-02-07,48.38493723849373
2015-02-08,58.22594142259415
2015-02-09,67.2468619246862
2015-02-10,68.88702928870293
2015-02-11,71.34728033472804
2015-02-12,66.42677824267783
2015-02-13,62.32635983263599
2015-02-14,47.56485355648536
2015-02-15,53.30543933054393
2015-02-16,63.14644351464435
2015-02-17,65.60669456066945
2015-02-18,65.60669456066945
2015-02-19,72.98744769874477
2015-02-20,59.86610878661088
2015-02-21,82.00836820083683
2015-02-22,58.22594142259415
2015-02-23,59.86610878661088
2015-02-24,68.06694560669456
2015-02-25,67.2468619246862
2015-02-26,68.06694560669456
2015-02-27,65.60669456066945
2015-02-28,55.76569037656904
2015-03-01,58.068936170212766
2015-03-02,64.62510638297873
2015-03-03,78.67404255319148
2015-03-04,74.92765957446808
2015-03-05,55.25914893617021
2015-03-06,67.43489361702127
2015-03-07,56.195744680851064
2015-03-08,66.49829787234043
2015-03-09,93.65957446808511
2015-03-10,79.61063829787234
2015-03-11,77.73744680851064
2015-03-12,78.67404255319148
2015-03-13,69.30808510638298
2015-03-14,63.68851063829787
2015-03-15,63.68851063829787
2015-03-16,78.67404255319148
2015-03-17,79.61063829787234
2015-03-18,71.18127659574468
2015-03-19,86.16680851063829
2015-03-20,70.24468085106383
2015-03-21,56.195744680851064
2015-03-22,63.68851063829787
2015-03-23,71.18127659574468
2015-03-24,79.61063829787234
2015-03-25,79.61063829787234
2015-03-26,77.73744680851064
2015-03-27,70.24468085106383
2015-03-28,59.005531914893616
2015-03-29,61.81531914893617
2015-03-30,73.05446808510638
2015-03-31,74.92765957446808
2015-04-01,80.6592987804878
2015-04-02,79.6875
2015-04-03,72.88490853658537
2015-04-04,66.08231707317073
2015-04-05,62.19512195121951
2015-04-06,78.7157012195122
2015-04-07,93.29268292682927
2015-04-08,83.57469512195122
2015-04-09,86.49009146341463
2015-04-10,78.7157012195122
2015-04-11,60.2515243902439
2015-04-12,77.7439024390244
2015-04-13,94.26448170731707
2015-04-14,92.32088414634147
2015-04-15,90.37728658536585
2015-04-16,92.32088414634147
2015-04-17,89.40548780487805
2015-04-18,76.77210365853658
2015-04-19,96.20807926829268
2015-04-20,96.20807926829268
2015-04-21,94.26448170731707
2015-04-22,93.29268292682927
2015-04-23,88.43368902439025
2015-04-24,91.34908536585365
2015-04-25,74.82850609756098
2015-04-26,89.40548780487805
2015-04-27,97.1798780487805
2015-04-28,93.29268292682927
2015-04-29,88.43368902439025
2015-04-30,91.34908536585365
2015-05-01,98.38530066815146
2015-05-02,90.73311061618412
2015-05-03,94.01262063845583
2015-05-04,109.3170007423905
2015-05-05,109.3170007423905
2015-05-06,97.29213066072755
2015-05-07,103.85115070527098
2015-05-08,98.38530066815146
2015-05-09,87.4536005939124
2015-05-10,96.19896065330364
2015-05-11,106.03749072011878
2015-05-12,109.3170007423905
2015-05-13,95.10579064587974
2015-05-14,106.03749072011878
2015-05-15,85.2672605790646
2015-05-16,78.70824053452117
2015-05-17,91.82628062360803
2015-05-18,89.63994060876021
2015-05-19,100.57164068299926
2015-05-20,88.5467706013363
2015-05-21,101.66481069042317
2015-05-22,89.63994060876021
2015-05-23,80.89458054936897
2015-05-24,81.98775055679288
2015-05-25,94.01262063845583
2015-05-26,102.75798069784707
2015-05-27,91.82628062360803
2015-05-28,98.38530066815146
2015-05-29,84.17409057164069
2015-05-30,85.2672605790646
2015-05-31,98.38530066815146
2015-06-01,96.22411693057248
2015-06-02,85.6394640682095
2015-06-03,90.45066991473813
2015-06-04,76.97929354445799
2015-06-05,76.97929354445799
2015-06-06,65.43239951278929
2015-06-07,73.13032886723508
2015-06-08,82.75274056029234
2015-06-09,86.60170523751523
2015-06-10,85.6394640682095
2015-06-11,79.86601705237516
2015-06-12,78.90377588306943
2015-06-13,76.01705237515226
2015-06-14,83.71498172959805
2015-06-15,86.60170523751523
2015-06-16,76.01705237515226
2015-06-17,73.13032886723508
2015-06-18,79.86601705237516
2015-06-19,78.90377588306943
2015-06-20,68.31912302070646
2015-06-21,72.16808769792937
2015-06-22,77.9415347137637
2015-06-23,81.79049939098661
2015-06-24,77.9415347137637
2015-06-25,82.75274056029234
2015-06-26,64.47015834348356
2015-06-27,74.0925700365408
2015-06-28,75.05481120584653
2015-06-29,83.71498172959805
2015-06-30,78.90377588306943
2015-07-01,78.585
2015-07-02,72.53999999999999
2015-07-03,85.49357142857143
2015-07-04,75.99428571428571
2015-07-05,83.76642857142856
2015-07-06,84.63
2015-07-07,73.40357142857142
2015-07-08,84.63
2015-07-09,76.85785714285714
2015-07-10,71.67642857142857
2015-07-11,74.26714285714286
2015-07-12,79.44857142857143
2015-07-13,83.76642857142856
2015-07-14,76.85785714285714
2015-07-15,77.72142857142858
2015-07-16,75.99428571428571
2015-07-17,72.53999999999999
2015-07-18,76.85785714285714
2015-07-19,82.03928571428571
2015-07-20,83.76642857142856
2015-07-21,81.17571428571428
2015-07-22,75.13071428571428
2015-07-23,75.99428571428571
2015-07-24,73.40357142857142
2015-07-25,76.85785714285714
2015-07-26,71.67642857142857
2015-07-27,86.35714285714286
2015-07-28,84.63
2015-07-29,75.99428571428571
2015-07-30,76.85785714285714
2015-07-31,69.08571428571429
2015-08-01,70.19051352410818
2015-08-02,78.50254802038415
2015-08-03,76.65542924343394
2015-08-04,85.89102312818503
2015-08-05,76.65542924343394
2015-08-06,81.27322618580948
2015-08-07,74.80831046648373
2015-08-08,69.26695413563309
2015-08-09,71.1140729125833
2015-08-10,73.88475107800862
2015-08-11,72.9611916895335
2015-08-12,76.65542924343394
2015-08-13,77.57898863190906
2015-08-14,62.802038416307326
2015-08-15,73.88475107800862
2015-08-16,78.50254802038415
2015-08-17,84.96746373970991
2015-08-18,92.35593884751077
2015-08-19,76.65542924343394
2015-08-20,76.65542924343394
2015-08-21,76.65542924343394
2015-08-22,66.49627597020776
2015-08-23,74.80831046648373
2015-08-24,85.89102312818503
2015-08-25,75.73186985495883
2015-08-26,69.26695413563309
2015-08-27,75.73186985495883
2015-08-28,73.88475107800862
2015-08-29,68.34339474715797
2015-08-30,77.57898863190906
2015-08-31,80.34966679733438
2015-09-01,75.15765765765767
2015-09-02,77.55630630630631
2015-09-03,77.55630630630631
2015-09-04,71.15990990990991
2015-09-05,61.56531531531532
2015-09-06,69.56081081081082
2015-09-07,71.95945945945947
2015-09-08,79.95495495495496
2015-09-09,72.75900900900902
2015-09-10,77.55630630630631
2015-09-11,69.56081081081082
2015-09-12,67.16216216216216
2015-09-13,62.36486486486487
2015-09-14,72.75900900900902
2015-09-15,74.35810810810811
2015-09-16,72.75900900900902
2015-09-17,69.56081081081082
2015-09-18,67.96171171171171
2015-09-19,56.76801801801802
2015-09-20,69.56081081081082
2015-09-21,69.56081081081082
2015-09-22,67.96171171171171
2015-09-23,76.75675675675676
2015-09-24,73.55855855855856
2015-09-25,70.36036036036036
2015-09-26,60.76576576576577
2015-09-27,66.36261261261262
2015-09-28,71.95945945945947
2015-09-29,77.55630630630631
2015-09-30,77.55630630630631
2015-10-01,76.15888208269524
2015-10-02,67.96975497702908
2015-10-03,64.69410413476263
2015-10-04,62.23736600306278
2015-10-05,71.24540581929556
2015-10-06,73.70214395099539
2015-10-07,67.96975497702908
2015-10-08,70.42649310872893
2015-10-09,74.52105666156201
2015-10-10,56.50497702909647
2015-10-11,62.23736600306278
2015-10-12,69.60758039816231
2015-10-13,66.33192955589585
2015-10-14,71.24540581929556
2015-10-15,74.52105666156201
2015-10-16,63.056278713629396
2015-10-17,54.04823889739662
2015-10-18,76.97779479326186
2015-10-19,72.88323124042878
2015-10-20,78.6156202143951
2015-10-21,77.79670750382847
2015-10-22,81.89127105666155
2015-10-23,70.42649310872893
2015-10-24,55.68606431852986
2015-10-25,57.32388973966309
2015-10-26,76.15888208269524
2015-10-27,78.6156202143951
2015-10-28,77.79670750382847
2015-10-29,72.06431852986216
2015-10-30,63.87519142419601
2015-10-31,52.41041347626339
2015-11-01,68.90569040986868
2015-11-02,77.73975328292877
2015-11-03,80.3899721448468
2015-11-04,85.69040986868285
2015-11-05,82.15678471945881
2015-11-06,79.50656585754079
2015-11-07,71.55590927178672
2015-11-08,65.37206526064465
2015-11-09,81.27337843215281
2015-11-10,84.80700358137685
2015-11-11,82.15678471945881
2015-11-12,87.45722244329487
2015-11-13,75.08953442101075
2015-11-14,54.771189812972544
2015-11-15,59.18822124950259
2015-11-16,83.04019100676483
2015-11-17,88.34062873060088
2015-11-18,86.57381615598887
2015-11-19,79.50656585754079
2015-11-20,69.7890966971747
2015-11-21,57.42140867489057
2015-11-22,64.48865897333864
2015-11-23,72.43931555909272
2015-11-24,80.3899721448468
2015-11-25,58.30481496219658
2015-11-26,45.05372065260645
2015-11-27,60.95503382411461
2015-11-28,67.13887783525666
2015-11-29,83.92359729407083
2015-11-30,86.57381615598887
2015-12-01,91.20422832980972
2015-12-02,89.3429175475687
2015-12-03,83.75898520084566
2015-12-04,84.68964059196617
2015-12-05,66.07653276955602
2015-12-06,80.96701902748414
2015-12-07,89.3429175475687
2015-12-08,86.55095137420719
2015-12-09,85.62029598308668
2015-12-10,83.75898520084566
2015-12-11,79.10570824524312
2015-12-12,67.00718816067652
2015-12-13,74.45243128964059
2015-12-14,93.06553911205073
2015-12-15,90.27357293868921
2015-12-16,90.27357293868921
2015-12-17,77.2443974630021
2015-12-18,73.52177589852008
2015-12-19,52.11670190274841
2015-12-20,65.14587737843551
2015-12-21,64.215221987315
2015-12-22,57.700634249471456
2015-12-23,53.97801268498942
2015-12-24,50.2553911205074
2015-12-25,51.1860465116279
2015-12-26,49.32473572938689
2015-12-27,57.700634249471456
2015-12-28,53.04735729386892
2015-12-29,54.90866807610993
2015-12-30,54.90866807610993
2015-12-31,50.2553911205074
2016-01-01,50.254365983295365
2016-01-02,52.4081245254366
2016-01-03,54.561883067577824
2016-01-04,69.63819286256644
2016-01-05,70.35611237661351
2016-01-06,65.33067577828398
2016-01-07,69.63819286256644
2016-01-08,70.35611237661351
2016-01-09,54.561883067577824
2016-01-10,55.2798025816249
2016-01-11,69.63819286256644
2016-01-12,59.587319665907366
2016-01-13,71.07403189066059
2016-01-14,71.07403189066059
2016-01-15,61.023158694001516
2016-01-16,48.10060744115414
2016-01-17,47.38268792710706
2016-01-18,55.99772209567198
2016-01-19,66.76651480637813
2016-01-20,64.61275626423689
2016-01-21,68.20235383447228
2016-01-22,54.561883067577824
2016-01-23,47.38268792710706
2016-01-24,56.71564160971906
2016-01-25,62.45899772209567
2016-01-26,71.79195140470766
2016-01-27,57.43356112376613
2016-01-28,63.17691723614274
2016-01-29,67.48443432042521
2016-01-30,55.2798025816249
2016-01-31,58.86940015186028
2016-02-01,67.98568588469185
2016-02-02,65.66799204771372
2016-02-03,68.7582504970179
2016-02-04,62.577733598409544
2016-02-05,66.44055666003976
2016-02-06,54.85208747514911
2016-02-07,58.71491053677933
2016-02-08,71.84850894632207
2016-02-09,67.21312127236581
2016-02-10,72.62107355864812
2016-02-11,77.25646123260438
2016-02-12,70.30337972166998
2016-02-13,58.71491053677933
2016-02-14,56.3972166998012
2016-02-15,63.35029821073559
2016-02-16,72.62107355864812
2016-02-17,69.53081510934395
2016-02-18,74.1662027833002
2016-02-19,71.84850894632207
2016-02-20,54.07952286282306
2016-02-21,67.21312127236581
2016-02-22,70.30337972166998
2016-02-23,74.93876739562624
2016-02-24,68.7582504970179
2016-02-25,73.39363817097416
2016-02-26,70.30337972166998
2016-02-27,52.534393638170975
2016-02-28,64.12286282306164
2016-02-29,76.48389662027833
2016-03-01,80.87761194029851
2016-03-02,77.36119402985075
2016-03-03,83.51492537313433
2016-03-04,68.57014925373134
2016-03-05,69.44925373134329
2016-03-06,64.17462686567164
2016-03-07,87.91044776119404
2016-03-08,79.99850746268658
2016-03-09,87.03134328358209
2016-03-10,71.20746268656717
2016-03-11,76.4820895522388
2016-03-12,67.69104477611941
2016-03-13,70.32835820895522
2016-03-14,79.99850746268658
2016-03-15,82.63582089552239
2016-03-16,79.99850746268658
2016-03-17,76.4820895522388
2016-03-18,79.11940298507463
2016-03-19,65.05373134328359
2016-03-20,66.81194029850747
2016-03-21,83.51492537313433
2016-03-22,82.63582089552239
2016-03-23,74.72388059701493
2016-03-24,72.0865671641791
2016-03-25,63.2955223880597
2016-03-26,68.57014925373134
2016-03-27,80.87761194029851
2016-03-28,75.60298507462687
2016-03-29,85.27313432835821
2016-03-30,72.96567164179105
2016-03-31,81.75671641791045
2016-04-01,73.09929372663066
2016-04-02,65.68342334856668
2016-04-03,81.57457415870378
2016-04-04,85.81221437474034
2016-04-05,92.16867469879519
2016-04-06,78.39634399667636
2016-04-07,77.33693394266722
2016-04-08,80.51516410469463
2016-04-09,73.09929372663066
2016-04-10,76.27752388865808
2016-04-11,80.51516410469463
2016-04-12,84.7528043207312
2016-04-13,83.69339426672207
2016-04-14,84.7528043207312
2016-04-15,81.57457415870378
2016-04-16,78.39634399667636
2016-04-17,94.28749480681346
2016-04-18,95.3469048608226
2016-04-19,97.46572496884087
2016-04-20,92.16867469879519
2016-04-21,87.93103448275862
2016-04-22,84.7528043207312
2016-04-23,80.51516410469463
2016-04-24,99.58454507685916
2016-04-25,105.94100540091401
2016-04-26,91.10926464478604
2016-04-27,92.16867469879519
2016-04-28,85.81221437474034
2016-04-29,86.87162442874948
2016-04-30,78.39634399667636
2016-05-01,84.64163822525597
2016-05-02,97.33788395904436
2016-05-03,94.16382252559727
2016-05-04,99.45392491467577
2016-05-05,94.16382252559727
2016-05-06,88.87372013651877
2016-05-07,78.29351535836177
2016-05-08,101.56996587030716
2016-05-09,105.80204778156997
2016-05-10,98.39590443686006
2016-05-11,84.64163822525597
2016-05-12,97.33788395904436
2016-05-13,87.81569965870307
2016-05-14,71.94539249146757
2016-05-15,90.98976109215018
2016-05-16,92.04778156996586
2016-05-17,93.10580204778157
2016-05-18,86.75767918088737
2016-05-19,84.64163822525597
2016-05-20,79.35153583617748
2016-05-21,86.75767918088737
2016-05-22,86.75767918088737
2016-05-23,93.10580204778157
2016-05-24,97.33788395904436
2016-05-25,88.87372013651877
2016-05-26,93.10580204778157
2016-05-27,87.81569965870307
2016-05-28,70.88737201365187
2016-05-29,87.81569965870307
2016-05-30,93.10580204778157
2016-05-31,93.10580204778157
2016-06-01,81.84279804437757
2016-06-02,75.6825874388868
2016-06-03,73.04249717939074
2016-06-04,79.20270778488153
2016-06-05,88.00300864986836
2016-06-06,85.36291839037231
2016-06-07,78.32267769838285
2016-06-08,76.56261752538548
2016-06-09,81.84279804437757
2016-06-10,79.20270778488153
2016-06-11,70.40240691989469
2016-06-12,82.72282813087627
2016-06-13,84.48288830387364
2016-06-14,79.20270778488153
2016-06-15,70.40240691989469
2016-06-16,69.52237683339601
2016-06-17,69.52237683339601
2016-06-18,74.8025573523881
2016-06-19,74.8025573523881
2016-06-20,75.6825874388868
2016-06-21,80.9627679578789
2016-06-22,83.60285821737494
2016-06-23,73.04249717939074
2016-06-24,61.60210605490786
2016-06-25,79.20270778488153
2016-06-26,86.24294847687099
2016-06-27,80.08273787138022
2016-06-28,83.60285821737494
2016-06-29,80.9627679578789
2016-06-30,80.08273787138022
2016-07-01,70.92234081707767
2016-07-02,70.07802723592198
2016-07-03,74.29959514170041
2016-07-04,82.74273095325727
2016-07-05,79.36547662863453
2016-07-06,84.43135811556864
2016-07-07,78.52116304747884
2016-07-08,71.76665439823334
2016-07-09,73.45528156054472
2016-07-10,77.67684946632315
2016-07-11,70.07802723592198
2016-07-12,76.83253588516746
2016-07-13,74.29959514170041
2016-07-14,75.1439087228561
2016-07-15,65.01214574898786
2016-07-16,66.70077291129923
2016-07-17,78.52116304747884
2016-07-18,74.29959514170041
2016-07-19,72.61096797938903
2016-07-20,75.98822230401179
2016-07-21,69.23371365476629
2016-07-22,65.01214574898786
2016-07-23,70.92234081707767
2016-07-24,83.58704453441295
2016-07-25,76.83253588516746
2016-07-26,74.29959514170041
2016-07-27,71.76665439823334
2016-07-28,75.98822230401179
2016-07-29,68.3894000736106
2016-07-30,67.54508649245491
2016-07-31,77.67684946632315
2016-08-01,75.13049962714392
2016-08-02,66.11483967188666
2016-08-03,71.37397464578673
2016-08-04,67.61744966442953
2016-08-05,69.1200596569724
2016-08-06,55.5965697240865
2016-08-07,63.860924683072334
2016-08-08,66.11483967188666
2016-08-09,66.86614466815809
2016-08-10,59.353094705443695
2016-08-11,69.87136465324384
2016-08-12,62.358314690529454
2016-08-13,66.86614466815809
2016-08-14,66.86614466815809
2016-08-15,66.86614466815809
2016-08-16,67.61744966442953
2016-08-17,54.09395973154362
2016-08-18,65.36353467561521
2016-08-19,54.09395973154362
2016-08-20,56.34787472035794
2016-08-21,63.10961968680089
2016-08-22,73.62788963460105
2016-08-23,66.86614466815809
2016-08-24,61.60700969425802
2016-08-25,65.36353467561521
2016-08-26,56.34787472035794
2016-08-27,55.5965697240865
2016-08-28,75.13049962714392
2016-08-29,67.61744966442953
2016-08-30,70.62266964951529
2016-08-31,67.61744966442953
2016-09-01,62.95463357890655
2016-09-02,62.18689414501745
2016-09-03,60.65141527723924
2016-09-04,69.09654905001938
2016-09-05,60.65141527723924
2016-09-06,72.9352462194649
2016-09-07,66.79333074835208
2016-09-08,60.65141527723924
2016-09-09,60.65141527723924
2016-09-10,63.72237301279566
2016-09-11,62.95463357890655
2016-09-12,64.49011244668476
2016-09-13,66.02559131446297
2016-09-14,71.39976735168669
2016-09-15,67.56107018224118
2016-09-16,65.25785188057387
2016-09-17,62.18689414501745
2016-09-18,70.63202791779759
2016-09-19,66.79333074835208
2016-09-20,70.63202791779759
2016-09-21,65.25785188057387
2016-09-22,66.02559131446297
2016-09-23,65.25785188057387
2016-09-24,59.11593640946103
2016-09-25,62.95463357890655
2016-09-26,73.702985653354
2016-09-27,76.77394338891042
2016-09-28,71.39976735168669
2016-09-29,66.79333074835208
2016-09-30,64.49011244668476
2016-10-01,53.18571428571429
2016-10-02,73.0
2016-10-03,68.82857142857144
2016-10-04,69.87142857142858
2016-10-05,62.57142857142858
2016-10-06,64.65714285714286
2016-10-07,57.35714285714286
2016-10-08,59.44285714285715
2016-10-09,64.65714285714286
2016-10-10,68.82857142857144
2016-10-11,74.04285714285714
2016-10-12,70.91428571428573
2016-10-13,75.08571428571429
2016-10-14,64.65714285714286
2016-10-15,66.74285714285715
2016-10-16,61.52857142857143
2016-10-17,73.0
2016-10-18,81.34285714285714
2016-10-19,76.12857142857143
2016-10-20,74.04285714285714
2016-10-21,66.74285714285715
2016-10-22,61.52857142857143
2016-10-23,80.30000000000001
2016-10-24,87.60000000000001
2016-10-25,80.30000000000001
2016-10-26,74.04285714285714
2016-10-27,78.21428571428572
2016-10-28,74.04285714285714
2016-10-29,100.11428571428573
2016-10-30,95.94285714285715
2016-10-31,104.28571428571429
2016-11-01,97.15177526336323
2016-11-02,93.26570425282871
2016-11-03,88.40811548966055
2016-11-04,78.69293796332423
2016-11-05,82.57900897385875
2016-11-06,90.3511509949278
2016-11-07,92.29418650019508
2016-11-08,88.40811548966055
2016-11-09,78.69293796332423
2016-11-10,83.55052672649238
2016-11-11,72.86383144752243
2016-11-12,72.86383144752243
2016-11-13,75.77838470542332
2016-11-14,84.52204447912602
2016-11-15,90.3511509949278
2016-11-16,86.46507998439328
2016-11-17,87.43659773702691
2016-11-18,91.32266874756144
2016-11-19,79.66445571595786
2016-11-20,81.60749122122512
2016-11-21,89.37963324229418
2016-11-22,79.66445571595786
2016-11-23,64.12017167381974
2016-11-24,56.348029652750675
2016-11-25,74.80686695278969
2016-11-26,68.9777604369879
2016-11-27,90.3511509949278
2016-11-28,90.3511509949278
2016-11-29,87.43659773702691
2016-11-30,92.29418650019508
2016-12-01,90.56179775280899
2016-12-02,76.07191011235955
2016-12-03,80.6
2016-12-04,76.97752808988763
2016-12-05,83.31685393258427
2016-12-06,82.41123595505617
2016-12-07,84.22247191011235
2016-12-08,77.88314606741572
2016-12-09,73.35505617977527
2016-12-10,58.865168539325836
2016-12-11,65.20449438202246
2016-12-12,71.5438202247191
2016-12-13,79.6943820224719
2016-12-14,71.5438202247191
2016-12-15,71.5438202247191
2016-12-16,66.11011235955056
2016-12-17,48.90337078651685
2016-12-18,57.05393258426966
2016-12-19,61.58202247191011
2016-12-20,67.01573033707865
2016-12-21,56.14831460674157
2016-12-22,55.24269662921348
2016-12-23,50.71460674157303
2016-12-24,45.28089887640449
2016-12-25,50.71460674157303
2016-12-26,57.05393258426966
2016-12-27,57.05393258426966
2016-12-28,52.52584269662921
2016-12-29,47.99775280898876
2016-12-30,53.4314606741573
2016-12-31,44.3752808988764
2017-01-01,57.52684563758389
2017-01-02,58.25503355704698
2017-01-03,64.80872483221476
2017-01-04,63.352348993288594
2017-01-05,69.17785234899328
2017-01-06,58.25503355704698
2017-01-07,54.61409395973154
2017-01-08,53.88590604026846
2017-01-09,62.624161073825505
2017-01-10,64.08053691275168
2017-01-11,61.16778523489933
2017-01-12,69.17785234899328
2017-01-13,66.99328859060402
2017-01-14,56.07046979865772
2017-01-15,53.15771812080537
2017-01-16,60.439597315436245
2017-01-17,69.90604026845638
2017-01-18,70.63422818791946
2017-01-19,62.624161073825505
2017-01-20,65.53691275167785
2017-01-21,53.88590604026846
2017-01-22,61.16778523489933
2017-01-23,72.81879194630872
2017-01-24,72.09060402684564
2017-01-25,70.63422818791946
2017-01-26,63.352348993288594
2017-01-27,64.08053691275168
2017-01-28,53.88590604026846
2017-01-29,61.16778523489933
2017-01-30,64.80872483221476
2017-01-31,72.81879194630872
2017-02-01,78.28947368421052
2017-02-02,65.76315789473684
2017-02-03,67.32894736842104
2017-02-04,55.58552631578947
2017-02-05,63.41447368421052
2017-02-06,62.63157894736842
2017-02-07,73.59210526315789
2017-02-08,68.11184210526315
2017-02-09,64.98026315789473
2017-02-10,67.32894736842104
2017-02-11,56.368421052631575
2017-02-12,64.98026315789473
2017-02-13,71.24342105263158
2017-02-14,64.98026315789473
2017-02-15,78.28947368421052
2017-02-16,75.1578947368421
2017-02-17,62.63157894736842
2017-02-18,61.065789473684205
2017-02-19,64.19736842105263
2017-02-20,69.67763157894736
2017-02-21,71.24342105263158
2017-02-22,71.24342105263158
2017-02-23,72.80921052631578
2017-02-24,70.46052631578947
2017-02-25,66.54605263157895
2017-02-26,65.76315789473684
2017-02-27,77.50657894736841
2017-02-28,72.80921052631578
2017-03-01,78.58906190657045
2017-03-02,77.7060387390809
2017-03-03,72.40789973414357
2017-03-04,66.22673756171667
2017-03-05,73.29092290163312
2017-03-06,79.47208507406
2017-03-07,81.23813140903913
2017-03-08,77.7060387390809
2017-03-09,78.58906190657045
2017-03-10,74.17394606912268
2017-03-11,64.46069122673757
2017-03-12,75.05696923661223
2017-03-13,78.58906190657045
2017-03-14,66.22673756171667
2017-03-15,73.29092290163312
2017-03-16,77.7060387390809
2017-03-17,71.52487656665402
2017-03-18,56.51348271933156
2017-03-19,69.75883023167489
2017-03-20,80.35510824154957
2017-03-21,81.23813140903913
2017-03-22,81.23813140903913
2017-03-23,79.47208507406
2017-03-24,76.82301557159134
2017-03-25,65.34371439422712
2017-03-26,71.52487656665402
2017-03-27,76.82301557159134
2017-03-28,87.41929358146601
2017-03-29,88.30231674895556
2017-03-30,75.93999240410179
2017-03-31,67.99278389669578
2017-04-01,67.86808009422849
2017-04-02,91.1660777385159
2017-04-03,82.0494699646643
2017-04-04,85.08833922261483
2017-04-05,85.08833922261483
2017-04-06,85.08833922261483
2017-04-07,74.9587750294464
2017-04-08,72.93286219081271
2017-04-09,83.06242638398115
2017-04-10,100.28268551236748
2017-04-11,88.12720848056536
2017-04-12,88.12720848056536
2017-04-13,75.97173144876324
2017-04-14,73.94581861012955
2017-04-15,74.9587750294464
2017-04-16,91.1660777385159
2017-04-17,89.14016489988221
2017-04-18,91.1660777385159
2017-04-19,93.19199057714958
2017-04-20,89.14016489988221
2017-04-21,87.11425206124852
2017-04-22,81.03651354534746
2017-04-23,101.29564193168432
2017-04-24,96.2308598351001
2017-04-25,96.2308598351001
2017-04-26,91.1660777385159
2017-04-27,91.1660777385159
2017-04-28,85.08833922261483
2017-04-29,83.06242638398115
2017-04-30,85.08833922261483
2017-05-01,93.4920634920635
2017-05-02,90.21164021164022
2017-05-03,91.85185185185185
2017-05-04,95.13227513227514
2017-05-05,85.29100529100529
2017-05-06,77.08994708994709
2017-05-07,90.21164021164022
2017-05-08,108.25396825396825
2017-05-09,98.41269841269842
2017-05-10,126.2962962962963
2017-05-11,164.02116402116403
2017-05-12,124.65608465608466
2017-05-13,108.25396825396825
2017-05-14,108.25396825396825
2017-05-15,114.81481481481481
2017-05-16,100.05291005291005
2017-05-17,101.6931216931217
2017-05-18,98.41269841269842
2017-05-19,88.57142857142857
2017-05-20,83.65079365079364
2017-05-21,109.8941798941799
2017-05-22,100.05291005291005
2017-05-23,100.05291005291005
2017-05-24,88.57142857142857
2017-05-25,82.01058201058201
2017-05-26,88.57142857142857
2017-05-27,80.37037037037037
2017-05-28,100.05291005291005
2017-05-29,104.97354497354497
2017-05-30,106.61375661375662
2017-05-31,90.21164021164022
2017-06-01,90.87520259319287
2017-06-02,108.18476499189626
2017-06-03,91.95705024311182
2017-06-04,107.1029173419773
2017-06-05,100.61183144246353
2017-06-06,97.36628849270664
2017-06-07,88.71150729335494
2017-06-08,83.30226904376012
2017-06-09,87.62965964343597
2017-06-10,87.62965964343597
2017-06-11,99.52998379254457
2017-06-12,94.12074554294975
2017-06-13,84.38411669367909
2017-06-14,77.89303079416531
2017-06-15,83.30226904376012
2017-06-16,77.89303079416531
2017-06-17,84.38411669367909
2017-06-18,91.95705024311182
2017-06-19,91.95705024311182
2017-06-20,88.71150729335494
2017-06-21,83.30226904376012
2017-06-22,83.30226904376012
2017-06-23,75.72933549432739
2017-06-24,84.38411669367909
2017-06-25,98.4481361426256
2017-06-26,89.7933549432739
2017-06-27,87.62965964343597
2017-06-28,86.54781199351702
2017-06-29,83.30226904376012
2017-06-30,80.05672609400324
2017-07-01,76.0909090909091
2017-07-02,86.96103896103895
2017-07-03,83.99645808736717
2017-07-04,90.913813459268
2017-07-05,88.93742621015348
2017-07-06,87.94923258559622
2017-07-07,77.07910271546635
2017-07-08,88.93742621015348
2017-07-09,98.8193624557261
2017-07-10,89.92561983471074
2017-07-11,79.05548996458087
2017-07-12,82.02007083825265
2017-07-13,72.13813459268005
2017-07-14,76.0909090909091
2017-07-15,79.05548996458087
2017-07-16,87.94923258559622
2017-07-17,84.98465171192444
2017-07-18,85.9728453364817
2017-07-19,78.06729634002362
2017-07-20,74.11452184179457
2017-07-21,74.11452184179457
2017-07-22,74.11452184179457
2017-07-23,83.99645808736717
2017-07-24,71.14994096812279
2017-07-25,74.11452184179457
2017-07-26,75.10271546635182
2017-07-27,70.16174734356552
2017-07-28,67.19716646989374
2017-07-29,82.02007083825265
2017-07-30,86.96103896103895
2017-07-31,83.00826446280992
2017-08-01,86.31021194605009
2017-08-02,81.23314065510597
2017-08-03,83.77167630057804
2017-08-04,78.6946050096339
2017-08-05,73.61753371868978
2017-08-06,78.6946050096339
2017-08-07,76.15606936416185
2017-08-08,78.6946050096339
2017-08-09,76.15606936416185
2017-08-10,71.07899807321772
2017-08-11,71.07899807321772
2017-08-12,78.6946050096339
2017-08-13,81.23314065510597
2017-08-14,86.31021194605009
2017-08-15,86.31021194605009
2017-08-16,91.38728323699422
2017-08-17,91.38728323699422
2017-08-18,96.46435452793834
2017-08-19,106.61849710982659
2017-08-20,119.3111753371869
2017-08-21,253.85356454720616
2017-08-22,83.77167630057804
2017-08-23,68.54046242774567
2017-08-24,76.15606936416185
2017-08-25,58.386319845857415
2017-08-26,58.386319845857415
2017-08-27,63.46339113680154
2017-08-28,68.54046242774567
2017-08-29,68.54046242774567
2017-08-30,68.54046242774567
2017-08-31,73.61753371868978
2017-09-01,63.48246674727932
2017-09-02,67.11003627569528
2017-09-03,75.27206771463119
2017-09-04,84.3409915356711
2017-09-05,77.08585247883917
2017-09-06,71.64449818621523
2017-09-07,69.83071342200725
2017-09-08,64.38935912938331
2017-09-09,64.38935912938331
2017-09-10,64.38935912938331
2017-09-11,69.83071342200725
2017-09-12,78.89963724304715
2017-09-13,75.27206771463119
2017-09-14,77.08585247883917
2017-09-15,70.73760580411124
2017-09-16,76.17896009673518
2017-09-17,85.24788391777508
2017-09-18,78.89963724304715
2017-09-19,90.68923821039903
2017-09-20,77.99274486094316
2017-09-21,81.62031438935912
2017-09-22,74.3651753325272
2017-09-23,70.73760580411124
2017-09-24,78.89963724304715
2017-09-25,78.89963724304715
2017-09-26,81.62031438935912
2017-09-27,72.55139056831922
2017-09-28,82.52720677146311
2017-09-29,69.83071342200725
2017-09-30,76.17896009673518
2017-10-01,74.40697674418605
2017-10-02,78.17441860465117
2017-10-03,81.94186046511628
2017-10-04,82.88372093023256
2017-10-05,81.94186046511628
2017-10-06,73.46511627906976
2017-10-07,74.40697674418605
2017-10-08,85.70930232558139
2017-10-09,90.4186046511628
2017-10-10,86.65116279069767
2017-10-11,81.94186046511628
2017-10-12,82.88372093023256
2017-10-13,80.05813953488372
2017-10-14,73.46511627906976
2017-10-15,75.34883720930233
2017-10-16,83.82558139534883
2017-10-17,94.18604651162791
2017-10-18,90.4186046511628
2017-10-19,82.88372093023256
2017-10-20,78.17441860465117
2017-10-21,73.46511627906976
2017-10-22,81.94186046511628
2017-10-23,78.17441860465117
2017-10-24,84.76744186046511
2017-10-25,89.47674418604652
2017-10-26,81.0
2017-10-27,76.29069767441861
2017-10-28,74.40697674418605
2017-10-29,74.40697674418605
2017-10-30,82.88372093023256
2017-10-31,81.0
2017-11-01,80.14545454545456
2017-11-02,75.53939393939395
2017-11-03,71.85454545454546
2017-11-04,70.01212121212122
2017-11-05,68.16969696969697
2017-11-06,82.9090909090909
2017-11-07,81.9878787878788
2017-11-08,77.38181818181819
2017-11-09,83.83030303030303
2017-11-10,74.61818181818182
2017-11-11,71.85454545454546
2017-11-12,71.85454545454546
2017-11-13,75.53939393939395
2017-11-14,81.06666666666668
2017-11-15,82.9090909090909
2017-11-16,77.38181818181819
2017-11-17,78.30303030303031
2017-11-18,65.4060606060606
2017-11-19,67.24848484848485
2017-11-20,75.53939393939395
2017-11-21,69.0909090909091
2017-11-22,70.01212121212122
2017-11-23,53.43030303030303
2017-11-24,64.48484848484848
2017-11-25,78.30303030303031
2017-11-26,74.61818181818182
2017-11-27,87.51515151515152
2017-11-28,90.27878787878788
2017-11-29,92.12121212121212
2017-11-30,86.5939393939394
2017-12-01,79.03666817564508
2017-12-02,73.64780443639654
2017-12-03,83.52738795835218
2017-12-04,86.22181982797645
2017-12-05,77.24038026256224
2017-12-06,79.9348121321865
2017-12-07,89.81439565414213
2017-12-08,69.15708465368944
2017-12-09,66.46265278406517
2017-12-10,68.25894069714802
2017-12-11,77.24038026256224
2017-12-12,71.8515165233137
2017-12-13,79.9348121321865
2017-12-14,65.56450882752375
2017-12-15,63.76822091444092
2017-12-16,61.97193300135807
2017-12-17,60.17564508827523
2017-12-18,59.27750113173381
2017-12-19,69.15708465368944
2017-12-20,57.481213218650964
2017-12-21,52.99049343594386
2017-12-22,44.907197827071066
2017-12-23,43.11090991398822
2017-12-24,44.907197827071066
2017-12-25,52.99049343594386
2017-12-26,50.296061566319594
2017-12-27,54.7867813490267
2017-12-28,52.99049343594386
2017-12-29,52.99049343594386
2017-12-30,42.212765957446805
2017-12-31,52.092349479402436
2018-01-01,50.82344213649852
2018-01-02,54.80959446092978
2018-01-03,58.79574678536103
2018-01-04,57.799208704253225
2018-01-05,59.79228486646885
2018-01-06,54.80959446092978
2018-01-07,57.799208704253225
2018-01-08,61.78536102868448
2018-01-09,60.78882294757666
2018-01-10,65.77151335311574
2018-01-11,72.74727992087044
2018-01-12,61.78536102868448
2018-01-13,46.83728981206727
2018-01-14,54.80959446092978
2018-01-15,59.79228486646885
2018-01-16,67.76458951533137
2018-01-17,64.77497527200792
2018-01-18,66.76805143422355
2018-01-19,56.80267062314541
2018-01-20,50.82344213649852
2018-01-21,58.79574678536103
2018-01-22,74.74035608308606
2018-01-23,99.65380811078141
2018-01-24,95.66765578635017
2018-01-25,81.71612265084076
2018-01-26,71.75074183976263
2018-01-27,56.80267062314541
2018-01-28,63.77843719090011
2018-01-29,78.72650840751731
2018-01-30,73.74381800197825
2018-01-31,73.74381800197825
2018-02-01,74.2704039571311
2018-02-02,70.51937345424568
2018-02-03,65.2679307502061
2018-02-04,67.51854905193736
2018-02-05,60.76669414674362
2018-02-06,70.51937345424568
2018-02-07,68.26875515251443
2018-02-08,71.26957955482276
2018-02-09,59.266281945589455
2018-02-10,54.01483924154988
2018-02-11,57.76586974443529
2018-02-12,65.2679307502061
2018-02-13,68.26875515251443
2018-02-14,60.76669414674362
2018-02-15,60.76669414674362
2018-02-16,60.76669414674362
2018-02-17,51.764220939818635
2018-02-18,62.26710634789778
2018-02-19,69.01896125309152
2018-02-20,66.76834295136027
2018-02-21,68.26875515251443
2018-02-22,64.51772464962903
2018-02-23,65.2679307502061
2018-02-24,54.76504534212697
2018-02-25,67.51854905193736
2018-02-26,75.02061005770817
2018-02-27,71.26957955482276
2018-02-28,68.26875515251443
2018-03-01,70.882713821725
2018-03-02,66.0498015156983
2018-03-03,59.60591844099603
2018-03-04,76.52111151208949
2018-03-05,77.32659689642728
2018-03-06,80.54853843377842
2018-03-07,70.07722843738722
2018-03-08,80.54853843377842
2018-03-09,69.27174305304943
2018-03-10,71.68819920606279
2018-03-11,70.882713821725
2018-03-12,71.68819920606279
2018-03-13,78.93756766510285
2018-03-14,66.0498015156983
2018-03-15,72.49368459040058
2018-03-16,74.91014074341393
2018-03-17,73.29916997473836
2018-03-18,78.13208228076506
2018-03-19,77.32659689642728
2018-03-20,73.29916997473836
2018-03-21,74.91014074341393
2018-03-22,68.46625766871165
2018-03-23,66.85528690003609
2018-03-24,64.43883074702273
2018-03-25,74.10465535907615
2018-03-26,76.52111151208949
2018-03-27,74.10465535907615
2018-03-28,71.68819920606279
2018-03-29,67.66077228437386
2018-03-30,66.85528690003609
2018-03-31,66.85528690003609
2018-04-01,64.61082576056896
2018-04-02,73.03832477281708
2018-04-03,71.16554721453971
2018-04-04,67.41999209798499
2018-04-05,77.72026866851049
2018-04-06,73.97471355195576
2018-04-07,66.4836033188463
2018-04-08,85.21137890161992
2018-04-09,82.40221256420388
2018-04-10,79.59304622678783
2018-04-11,73.97471355195576
2018-04-12,78.65665744764915
2018-04-13,76.7838798893718
2018-04-14,73.03832477281708
2018-04-15,83.33860134334256
2018-04-16,75.84749111023312
2018-04-17,78.65665744764915
2018-04-18,76.7838798893718
2018-04-19,84.27499012248124
2018-04-20,76.7838798893718
2018-04-21,73.03832477281708
2018-04-22,93.63887791386804
2018-04-23,92.70248913472936
2018-04-24,86.1477676807586
2018-04-25,80.52943500592652
2018-04-26,85.21137890161992
2018-04-27,82.40221256420388
2018-04-28,71.16554721453971
2018-04-29,92.70248913472936
2018-04-30,92.70248913472936
2018-05-01,91.67640449438204
2018-05-02,91.67640449438204
2018-05-03,88.40224719101124
2018-05-04,89.49363295880151
2018-05-05,84.0367041198502
2018-05-06,101.4988764044944
2018-05-07,106.95580524344571
2018-05-08,104.77303370786518
2018-05-09,102.59026217228465
2018-05-10,100.40749063670413
2018-05-11,92.7677902621723
2018-05-12,91.67640449438204
2018-05-13,101.4988764044944
2018-05-14,108.04719101123597
2018-05-15,101.4988764044944
2018-05-16,91.67640449438204
2018-05-17,88.40224719101124
2018-05-18,81.85393258426967
2018-05-19,81.85393258426967
2018-05-20,98.22471910112361
2018-05-21,96.04194756554308
2018-05-22,93.85917602996255
2018-05-23,88.40224719101124
2018-05-24,82.94531835205993
2018-05-25,79.67116104868914
2018-05-26,86.21947565543073
2018-05-27,109.13857677902624
2018-05-28,105.86441947565544
2018-05-29,100.40749063670413
2018-05-30,86.21947565543073
2018-05-31,86.21947565543073
2018-06-01,86.47058823529413
2018-06-02,87.50000000000001
2018-06-03,102.94117647058825
2018-06-04,89.55882352941177
2018-06-05,91.61764705882354
2018-06-06,89.55882352941177
2018-06-07,82.3529411764706
2018-06-08,72.05882352941177
2018-06-09,89.55882352941177
2018-06-10,98.82352941176472
2018-06-11,81.32352941176471
2018-06-12,92.64705882352942
2018-06-13,85.44117647058825
2018-06-14,82.3529411764706
2018-06-15,75.14705882352942
2018-06-16,79.26470588235296
2018-06-17,92.64705882352942
2018-06-18,78.23529411764707
2018-06-19,72.05882352941177
2018-06-20,81.32352941176471
2018-06-21,72.05882352941177
2018-06-22,78.23529411764707
2018-06-23,82.3529411764706
2018-06-24,96.76470588235296
2018-06-25,84.41176470588236
2018-06-26,75.14705882352942
2018-06-27,72.05882352941177
2018-06-28,83.38235294117648
2018-06-29,74.11764705882354
2018-06-30,90.58823529411765
2018-07-01,102.57842715943275
2018-07-02,77.9596046411689
2018-07-03,76.93382036957456
2018-07-04,81.03695745595188
2018-07-05,85.14009454232918
2018-07-06,72.83068328319725
2018-07-07,88.21744735711216
2018-07-08,95.39793725827246
2018-07-09,84.11431027073486
2018-07-10,75.90803609798023
2018-07-11,75.90803609798023
2018-07-12,77.9596046411689
2018-07-13,69.75333046841428
2018-07-14,76.93382036957456
2018-07-15,88.21744735711216
2018-07-16,82.0627417275462
2018-07-17,74.88225182638591
2018-07-18,74.88225182638591
2018-07-19,78.98538891276321
2018-07-20,61.54705629565965
2018-07-21,67.70176192522561
2018-07-22,70.7791147400086
2018-07-23,70.7791147400086
2018-07-24,67.70176192522561
2018-07-25,66.67597765363129
2018-07-26,70.7791147400086
2018-07-27,68.72754619681994
2018-07-28,72.83068328319725
2018-07-29,84.11431027073486
2018-07-30,76.93382036957456
2018-07-31,68.72754619681994
2018-08-01,65.06172839506172
2018-08-02,66.79670781893005
2018-08-03,67.6641975308642
2018-08-04,66.79670781893005
2018-08-05,86.74897119341564
2018-08-06,85.01399176954732
2018-08-07,74.60411522633744
2018-08-08,72.86913580246913
2018-08-09,72.86913580246913
2018-08-10,67.6641975308642
2018-08-11,65.06172839506172
2018-08-12,76.33909465020577
2018-08-13,72.00164609053498
2018-08-14,67.6641975308642
2018-08-15,64.19423868312757
2018-08-16,69.39917695473251
2018-08-17,58.989300411522635
2018-08-18,66.79670781893005
2018-08-19,72.00164609053498
2018-08-20,65.06172839506172
2018-08-21,60.724279835390945
2018-08-22,59.85679012345679
2018-08-23,65.92921810699589
2018-08-24,59.85679012345679
2018-08-25,67.6641975308642
2018-08-26,68.53168724279836
2018-08-27,70.26666666666667
2018-08-28,63.32674897119342
2018-08-29,64.19423868312757
2018-08-30,65.06172839506172
2018-08-31,58.989300411522635
2018-09-01,58.580548253849045
2018-09-02,65.90311678558018
2018-09-03,68.83214419827263
2018-09-04,65.17085993240707
2018-09-05,62.24183251971461
2018-09-06,62.24183251971461
2018-09-07,62.974089372887725
2018-09-08,65.17085993240707
2018-09-09,67.3676304919264
2018-09-10,61.509575666541494
2018-09-11,72.49342846413819
2018-09-12,72.49342846413819
2018-09-13,73.2256853173113
2018-09-14,68.09988734509952
2018-09-15,59.31280510702216
2018-09-16,65.90311678558018
2018-09-17,71.76117161096508
2018-09-18,65.17085993240707
2018-09-19,66.6353736387533
2018-09-20,68.09988734509952
2018-09-21,63.70634622606084
2018-09-22,57.11603454750282
2018-09-23,65.90311678558018
2018-09-24,68.09988734509952
2018-09-25,66.6353736387533
2018-09-26,65.17085993240707
2018-09-27,62.974089372887725
2018-09-28,60.04506196019527
2018-09-29,57.84829140067593
2018-09-30,59.31280510702216
2018-10-01,67.5758058097891
2018-10-02,66.7616394747314
2018-10-03,65.9474731396737
2018-10-04,65.133306804616
2018-10-05,59.4341424592121
2018-10-06,59.4341424592121
2018-10-07,57.8058097890967
2018-10-08,75.7174691603661
2018-10-09,70.01830481496219
2018-10-10,81.41663350577
2018-10-11,63.5049741345006
2018-10-12,69.2041384799045
2018-10-13,56.991643454039
2018-10-14,70.01830481496219
2018-10-15,68.3899721448468
2018-10-16,69.2041384799045
2018-10-17,65.133306804616
2018-10-18,70.8324711500199
2018-10-19,66.7616394747314
2018-10-20,55.363310783923595
2018-10-21,64.31914046955829
2018-10-22,74.9033028253084
2018-10-23,72.4608038201353
2018-10-24,68.3899721448468
2018-10-25,63.5049741345006
2018-10-26,61.062475129327495
2018-10-27,45.5933147632312
2018-10-28,67.5758058097891
2018-10-29,66.7616394747314
2018-10-30,70.8324711500199
2018-10-31,65.9474731396737
2018-11-01,73.25966850828729
2018-11-02,63.599052880820835
2018-11-03,65.20915548539858
2018-11-04,71.64956590370954
2018-11-05,73.25966850828729
2018-11-06,66.81925808997632
2018-11-07,61.988950276243095
2018-11-08,78.08997632202052
2018-11-09,61.988950276243095
2018-11-10,60.37884767166535
2018-11-11,66.81925808997632
2018-11-12,64.40410418310971
2018-11-13,69.23441199684294
2018-11-14,68.42936069455406
2018-11-15,73.25966850828729
2018-11-16,71.64956590370954
2018-11-17,61.18389897395422
2018-11-18,64.40410418310971
2018-11-19,73.25966850828729
2018-11-20,68.42936069455406
2018-11-21,53.93843725335438
2018-11-22,45.887924230465664
2018-11-23,54.74348855564325
2018-11-24,62.79400157853196
2018-11-25,76.47987371744277
2018-11-26,74.86977111286504
2018-11-27,78.08997632202052
2018-11-28,78.08997632202052
2018-11-29,80.50513022888714
2018-11-30,77.28492501973165
2018-12-01,67.27
2018-12-02,69.6725
2018-12-03,79.2825
2018-12-04,76.07916666666667
2018-12-05,80.08333333333333
2018-12-06,74.47749999999999
2018-12-07,72.07499999999999
2018-12-08,58.460833333333326
2018-12-09,68.87166666666667
2018-12-10,67.27
2018-12-11,72.87583333333333
2018-12-12,72.07499999999999
2018-12-13,72.87583333333333
2018-12-14,63.26583333333333
2018-12-15,57.66
2018-12-16,60.86333333333333
2018-12-17,65.66833333333332
2018-12-18,57.66
2018-12-19,60.86333333333333
2018-12-20,60.86333333333333
2018-12-21,52.855
2018-12-22,58.460833333333326
2018-12-23,55.25749999999999
2018-12-24,42.44416666666666
2018-12-25,48.05
2018-12-26,51.25333333333333
2018-12-27,48.05
2018-12-28,49.651666666666664
2018-12-29,49.651666666666664
2018-12-30,52.855
2018-12-31,55.25749999999999
2019-01-01,49.60728269381362
2019-01-02,55.530540328895846
2019-01-03,61.45379796397807
2019-01-04,62.19420516836335
2019-01-05,63.6750195771339
2019-01-06,61.45379796397807
2019-01-07,61.45379796397807
2019-01-08,59.97298355520751
2019-01-09,68.11746280344558
2019-01-10,74.0407204385278
2019-01-11,63.6750195771339
2019-01-12,46.64565387627251
2019-01-13,55.530540328895846
2019-01-14,63.6750195771339
2019-01-15,68.11746280344558
2019-01-16,65.15583398590447
2019-01-17,72.55990602975724
2019-01-18,57.0113547376664
2019-01-19,47.38606108065779
2019-01-20,54.79013312451057
2019-01-21,57.75176194205168
2019-01-22,62.19420516836335
2019-01-23,68.11746280344558
2019-01-24,67.3770555990603
2019-01-25,62.934612372748624
2019-01-26,54.04972592012529
2019-01-27,59.232576350822235
2019-01-28,62.19420516836335
2019-01-29,61.45379796397807
2019-01-30,58.49216914643696
2019-01-31,65.15583398590447
2019-02-01,61.84641932700604
2019-02-02,58.75409836065574
2019-02-03,52.56945642795513
2019-02-04,59.52717860224331
2019-02-05,77.30802415875755
2019-02-06,64.16566005176877
2019-02-07,70.35030198446937
2019-02-08,75.7618636755824
2019-02-09,61.84641932700604
2019-02-10,64.16566005176877
2019-02-11,63.39257981018119
2019-02-12,70.35030198446937
2019-02-13,65.71182053494391
2019-02-14,64.16566005176877
2019-02-15,62.61949956859362
2019-02-16,51.02329594477998
2019-02-17,60.30025884383089
2019-02-18,64.93874029335635
2019-02-19,64.16566005176877
2019-02-20,62.61949956859362
2019-02-21,62.61949956859362
2019-02-22,59.52717860224331
2019-02-23,61.84641932700604
2019-02-24,61.07333908541846
2019-02-25,64.93874029335635
2019-02-26,71.12338222605695
2019-02-27,68.80414150129423
2019-02-28,66.48490077653149
2019-03-01,66.63945578231292
2019-03-02,55.6734693877551
2019-03-03,61.578231292517
2019-03-04,69.17006802721087
2019-03-05,75.07482993197279
2019-03-06,84.35374149659863
2019-03-07,72.54421768707482
2019-03-08,63.265306122448976
2019-03-09,61.578231292517
2019-03-10,64.95238095238095
2019-03-11,70.85714285714285
2019-03-12,75.07482993197279
2019-03-13,68.3265306122449
2019-03-14,70.01360544217687
2019-03-15,69.17006802721087
2019-03-16,70.01360544217687
2019-03-17,76.76190476190476
2019-03-18,79.29251700680271
2019-03-19,70.85714285714285
2019-03-20,70.85714285714285
2019-03-21,71.70068027210884
2019-03-22,70.01360544217687
2019-03-23,66.63945578231292
2019-03-24,73.38775510204081
2019-03-25,78.44897959183673
2019-03-26,80.97959183673468
2019-03-27,76.76190476190476
2019-03-28,81.82312925170068
2019-03-29,84.35374149659863
2019-03-30,70.85714285714285
2019-03-31,80.97959183673468
2019-04-01,89.52380952380952
2019-04-02,120.97812097812097
2019-04-03,85.8944658944659
2019-04-04,105.25096525096525
2019-04-05,112.50965250965251
2019-04-06,73.7966537966538
2019-04-07,87.1042471042471
2019-04-08,94.36293436293435
2019-04-09,89.52380952380952
2019-04-10,84.68468468468468
2019-04-11,97.99227799227799
2019-04-12,91.94337194337194
2019-04-13,70.16731016731016
2019-04-14,96.78249678249678
2019-04-15,77.42599742599742
2019-04-16,79.84555984555985
2019-04-17,87.1042471042471
2019-04-18,89.52380952380952
2019-04-19,90.73359073359073
2019-04-20,68.95752895752895
2019-04-21,106.46074646074646
2019-04-22,99.2020592020592
2019-04-23,99.2020592020592
2019-04-24,95.57271557271557
2019-04-25,117.34877734877735
2019-04-26,88.3140283140283
2019-04-27,89.52380952380952
2019-04-28,114.92921492921492
2019-04-29,104.04118404118404
2019-04-30,111.2998712998713
2019-05-01,99.72493172063989
2019-05-02,117.32344908310574
2019-05-03,91.51229028482248
2019-05-04,98.55169722980882
2019-05-05,105.59110417479518
2019-05-06,97.37846273897777
2019-05-07,89.16582130316037
2019-05-08,90.33905579399142
2019-05-09,116.1502145922747
2019-05-10,87.99258681232931
2019-05-11,89.16582130316037
2019-05-12,106.76433866562623
2019-05-13,96.20522824814671
2019-05-14,96.20522824814671
2019-05-15,89.16582130316037
2019-05-16,112.63051111978152
2019-05-17,89.16582130316037
2019-05-18,83.29964884900508
2019-05-19,117.32344908310574
2019-05-20,95.03199375731566
2019-05-21,84.47288333983613
2019-05-22,86.81935232149826
2019-05-23,87.99258681232931
2019-05-24,102.071400702302
2019-05-25,92.68552477565353
2019-05-26,111.45727662895045
2019-05-27,100.89816621147094
2019-05-28,99.72493172063989
2019-05-29,84.47288333983613
2019-05-30,91.51229028482248
2019-05-31,96.20522824814671
2019-06-01,79.39324774132191
2019-06-02,113.75748930099856
2019-06-03,93.61293390394673
2019-06-04,87.68806466951972
2019-06-05,87.68806466951972
2019-06-06,93.61293390394673
2019-06-07,110.20256776034235
2019-06-08,93.61293390394673
2019-06-09,118.49738468854017
2019-06-10,95.98288159771754
2019-06-11,80.57822158820731
2019-06-12,88.87303851640512
2019-06-13,99.53780313837373
2019-06-14,91.24298621017593
2019-06-15,93.61293390394673
2019-06-16,86.50309082263432
2019-06-17,84.13314312886352
2019-06-18,80.57822158820731
2019-06-19,75.8383262006657
2019-06-20,80.57822158820731
2019-06-21,73.46837850689491
2019-06-22,82.94816928197811
2019-06-23,98.35282929148833
2019-06-24,82.94816928197811
2019-06-25,79.39324774132191
2019-06-26,80.57822158820731
2019-06-27,79.39324774132191
2019-06-28,79.39324774132191
