Date,Wind Power
2013-01-01,62.944162436548226
2013-01-02,86.86294416243655
2013-01-03,74.2741116751269
2013-01-04,79.30964467005076
2013-01-05,49.09644670050761
2013-01-06,47.83756345177665
2013-01-07,85.60406091370558
2013-01-08,89.38071065989848
2013-01-09,94.41624365482234
2013-01-10,90.63959390862944
2013-01-11,93.15736040609137
2013-01-12,50.35532994923858
2013-01-13,67.97969543147208
2013-01-14,98.19289340101523
2013-01-15,85.60406091370558
2013-01-16,95.6751269035533
2013-01-17,88.12182741116752
2013-01-18,93.15736040609137
2013-01-19,67.97969543147208
2013-01-20,54.131979695431475
2013-01-21,74.2741116751269
2013-01-22,73.01522842639594
2013-01-23,90.63959390862944
2013-01-24,94.41624365482234
2013-01-25,84.34517766497461
2013-01-26,47.83756345177665
2013-01-27,59.16751269035533
2013-01-28,78.05076142131979
2013-01-29,85.60406091370558
2013-01-30,112.04060913705584
2013-01-31,125.88832487309645
2013-02-01,96.66666666666666
2013-02-02,43.5
2013-02-03,54.375
2013-02-04,102.70833333333333
2013-02-05,85.79166666666666
2013-02-06,106.33333333333333
2013-02-07,102.70833333333333
2013-02-08,97.875
2013-02-09,60.416666666666664
2013-02-10,87.0
2013-02-11,112.375
2013-02-12,96.66666666666666
2013-02-13,87.0
2013-02-14,66.45833333333333
2013-02-15,89.41666666666666
2013-02-16,53.166666666666664
2013-02-17,71.29166666666666
2013-02-18,70.08333333333333
2013-02-19,107.54166666666666
2013-02-20,109.95833333333333
2013-02-21,102.70833333333333
2013-02-22,84.58333333333333
2013-02-23,50.75
2013-02-24,56.791666666666664
2013-02-25,105.125
2013-02-26,120.83333333333333
2013-02-27,118.41666666666666
2013-02-28,95.45833333333333
2013-03-01,85.9811320754717
2013-03-02,60.298456260720414
2013-03-03,69.23156089193826
2013-03-04,101.61406518010291
2013-03-05,107.19725557461408
2013-03-06,97.147512864494
2013-03-07,100.49742710120069
2013-03-08,84.86449399656946
2013-03-09,45.78216123499143
2013-03-10,66.99828473413379
2013-03-11,93.79759862778731
2013-03-12,102.73070325900515
2013-03-13,103.84734133790738
2013-03-14,99.38078902229846
2013-03-15,78.16466552315609
2013-03-16,69.23156089193826
2013-03-17,72.58147512864494
2013-03-18,78.16466552315609
2013-03-19,99.38078902229846
2013-03-20,111.66380789022298
2013-03-21,107.19725557461408
2013-03-22,97.147512864494
2013-03-23,60.298456260720414
2013-03-24,60.298456260720414
2013-03-25,88.21440823327616
2013-03-26,99.38078902229846
2013-03-27,93.79759862778731
2013-03-28,83.74785591766724
2013-03-29,63.6483704974271
2013-03-30,62.531732418524875
2013-03-31,59.18181818181819
2013-04-01,96.67642752562226
2013-04-02,103.48462664714495
2013-04-03,107.56954612005858
2013-04-04,92.59150805270865
2013-04-05,84.42166910688141
2013-04-06,55.82723279648609
2013-04-07,76.25183016105417
2013-04-08,95.31478770131773
2013-04-09,134.80234260614935
2013-04-10,103.48462664714495
2013-04-11,103.48462664714495
2013-04-12,85.78330893118596
2013-04-13,54.465592972181554
2013-04-14,69.44363103953148
2013-04-15,102.12298682284042
2013-04-16,111.65446559297219
2013-04-17,100.76134699853588
2013-04-18,104.8462664714495
2013-04-19,89.86822840409957
2013-04-20,55.82723279648609
2013-04-21,63.99707174231333
2013-04-22,136.1639824304539
2013-04-23,114.37774524158127
2013-04-24,108.93118594436311
2013-04-25,89.86822840409957
2013-04-26,93.95314787701318
2013-04-27,61.27379209370425
2013-04-28,66.7203513909224
2013-04-29,100.76134699853588
2013-04-30,125.27086383601758
2013-05-01,110.66262249183389
2013-05-02,104.51469902006534
2013-05-03,86.07092860475969
2013-05-04,63.938404106392916
2013-05-05,63.938404106392916
2013-05-06,122.95846943537099
2013-05-07,98.36677554829679
2013-05-08,100.82594493700421
2013-05-09,97.13719085394308
2013-05-10,92.21885207652824
2013-05-11,41.80587960802614
2013-05-12,66.39757349510033
2013-05-13,103.28511432571163
2013-05-14,122.95846943537099
2013-05-15,118.04013065795615
2013-05-16,113.12179188054131
2013-05-17,77.46383574428373
2013-05-18,50.412972468502105
2013-05-19,52.87214185720953
2013-05-20,100.82594493700421
2013-05-21,103.28511432571163
2013-05-22,97.13719085394308
2013-05-23,99.5963602426505
2013-05-24,63.938404106392916
2013-05-25,44.265048996733555
2013-05-26,51.642557162855816
2013-05-27,55.33131124591694
2013-05-28,77.46383574428373
2013-05-29,90.98926738217453
2013-05-30,90.98926738217453
2013-05-31,72.54549696686888
2013-06-01,49.23698837796867
2013-06-02,63.30469934310257
2013-06-03,87.92319353208691
2013-06-04,76.49317837291561
2013-06-05,62.4254674077817
2013-06-06,84.40626579080343
2013-06-07,61.546235472460836
2013-06-08,48.3577564426478
2013-06-09,59.787771601819095
2013-06-10,64.18393127842344
2013-06-11,65.06316321374432
2013-06-12,57.15007579585649
2013-06-13,61.546235472460836
2013-06-14,38.68620515411824
2013-06-15,44.84082870136432
2013-06-16,67.70085901970693
2013-06-17,59.787771601819095
2013-06-18,58.90853966649823
2013-06-19,67.70085901970693
2013-06-20,41.32390096008085
2013-06-21,44.84082870136432
2013-06-22,43.08236483072258
2013-06-23,53.63314805457301
2013-06-24,47.47852450732693
2013-06-25,56.27084386053562
2013-06-26,58.02930773117736
2013-06-27,58.02930773117736
2013-06-28,59.787771601819095
2013-06-29,50.11622031328954
2013-06-30,48.3577564426478
2013-07-01,71.43478260869564
2013-07-02,56.281949934123844
2013-07-03,56.281949934123844
2013-07-04,26.69784804567413
2013-07-05,41.12911725955204
2013-07-06,64.2191480017567
2013-07-07,51.95256916996047
2013-07-08,59.168203776899425
2013-07-09,72.15634606938954
2013-07-10,54.83882301273605
2013-07-11,46.9016249451032
2013-07-12,53.39569609134826
2013-07-13,39.685990338164245
2013-07-14,44.01537110232762
2013-07-15,53.39569609134826
2013-07-16,51.231005709266576
2013-07-17,61.33289415898111
2013-07-18,51.231005709266576
2013-07-19,54.83882301273605
2013-07-20,42.57224418093983
2013-07-21,55.56038647342995
2013-07-22,46.18006148440931
2013-07-23,63.4975845410628
2013-07-24,54.83882301273605
2013-07-25,57.00351339481774
2013-07-26,55.56038647342995
2013-07-27,49.78787878787878
2013-07-28,43.29380764163373
2013-07-29,49.78787878787878
2013-07-30,54.11725955204216
2013-07-31,60.61133069828722
2013-08-01,67.5460614152203
2013-08-02,48.54873164218959
2013-08-03,40.809078771695596
2013-08-04,44.32710280373832
2013-08-05,45.03070761014686
2013-08-06,52.06675567423231
2013-08-07,50.65954606141522
2013-08-08,49.95594125500668
2013-08-09,51.36315086782376
2013-08-10,35.88384512683578
2013-08-11,51.36315086782376
2013-08-12,61.917222963951936
2013-08-13,54.177570093457945
2013-08-14,52.06675567423231
2013-08-15,70.36048064085448
2013-08-16,52.77036048064085
2013-08-17,33.77303070761015
2013-08-18,38.69826435246996
2013-08-19,64.02803738317758
2013-08-20,41.51268357810414
2013-08-21,58.39919893190921
2013-08-22,59.10280373831776
2013-08-23,66.13885180240321
2013-08-24,36.58744993324433
2013-08-25,39.401869158878505
2013-08-26,53.473965287049396
2013-08-27,52.06675567423231
2013-08-28,59.10280373831776
2013-08-29,62.62082777036048
2013-08-30,50.65954606141522
2013-08-31,36.58744993324433
2013-09-01,37.181619256017505
2013-09-02,51.12472647702407
2013-09-03,54.99781181619256
2013-09-04,74.36323851203501
2013-09-05,54.99781181619256
2013-09-06,49.57549234135667
2013-09-07,32.53391684901531
2013-09-08,48.026258205689274
2013-09-09,48.800875273522976
2013-09-10,72.03938730853392
2013-09-11,64.29321663019694
2013-09-12,77.4617067833698
2013-09-13,58.09628008752735
2013-09-14,33.308533916849015
2013-09-15,51.899343544857764
2013-09-16,61.96936542669584
2013-09-17,61.19474835886214
2013-09-18,73.58862144420131
2013-09-19,65.06783369803063
2013-09-20,76.6870897155361
2013-09-21,44.153172866520784
2013-09-22,57.32166301969365
2013-09-23,77.4617067833698
2013-09-24,66.61706783369803
2013-09-25,75.1378555798687
2013-09-26,70.49015317286651
2013-09-27,66.61706783369803
2013-09-28,37.9562363238512
2013-09-29,51.899343544857764
2013-09-30,75.1378555798687
2013-10-01,73.66003616636529
2013-10-02,78.7753164556962
2013-10-03,74.68309222423147
2013-10-04,62.40641952983725
2013-10-05,59.3372513562387
2013-10-06,61.383363471971066
2013-10-07,72.6369801084991
2013-10-08,84.91365280289331
2013-10-09,79.79837251356238
2013-10-10,70.59086799276673
2013-10-11,63.429475587703436
2013-10-12,40.92224231464738
2013-10-13,55.24502712477396
2013-10-14,76.72920433996383
2013-10-15,76.72920433996383
2013-10-16,70.59086799276673
2013-10-17,76.72920433996383
2013-10-18,75.70614828209766
2013-10-19,42.96835443037975
2013-10-20,56.26808318264015
2013-10-21,81.84448462929475
2013-10-22,85.9367088607595
2013-10-23,79.79837251356238
2013-10-24,97.19032549728753
2013-10-25,85.9367088607595
2013-10-26,54.22197106690778
2013-10-27,48.08363471971067
2013-10-28,98.21338155515372
2013-10-29,89.00587703435805
2013-10-30,102.30560578661844
2013-10-31,86.95976491862568
2013-11-01,70.06961710591744
2013-11-02,43.649925410243654
2013-11-03,60.880159124813524
2013-11-04,88.4485330681253
2013-11-05,85.00248632521134
2013-11-06,104.53008453505718
2013-11-07,93.04326205867727
2013-11-08,79.25907508702137
2013-11-09,50.5420188960716
2013-11-10,57.43411238189955
2013-11-11,76.9617105917454
2013-11-12,98.78667329686722
2013-11-13,109.12481352560914
2013-11-14,90.74589756340129
2013-11-15,99.93535554450521
2013-11-16,43.649925410243654
2013-11-17,62.02884137245151
2013-11-18,88.4485330681253
2013-11-19,106.82744903033316
2013-11-20,111.42217802088513
2013-11-21,114.8682247637991
2013-11-22,90.74589756340129
2013-11-23,62.02884137245151
2013-11-24,72.36698160119343
2013-11-25,88.4485330681253
2013-11-26,86.15116857284933
2013-11-27,50.5420188960716
2013-11-28,40.20387866732968
2013-11-29,47.09597215315763
2013-11-30,36.75783192441571
2013-12-01,57.30969267139481
2013-12-02,103.40661938534281
2013-12-03,104.65248226950355
2013-12-04,122.09456264775415
2013-12-05,124.58628841607566
2013-12-06,110.88179669030734
2013-12-07,57.30969267139481
2013-12-08,46.096926713947994
2013-12-09,93.43971631205675
2013-12-10,97.17730496453902
2013-12-11,115.86524822695037
2013-12-12,105.89834515366431
2013-12-13,93.43971631205675
2013-12-14,34.88416075650119
2013-12-15,59.801418439716315
2013-12-16,82.22695035460994
2013-12-17,90.94799054373523
2013-12-18,79.73522458628842
2013-12-19,73.50591016548464
2013-12-20,53.57210401891253
2013-12-21,27.408983451536646
2013-12-22,33.63829787234043
2013-12-23,38.621749408983455
2013-12-24,28.654846335697403
2013-12-25,29.900709219858157
2013-12-26,34.88416075650119
2013-12-27,38.621749408983455
2013-12-28,41.11347517730497
2013-12-29,37.3758865248227
2013-12-30,41.11347517730497
2013-12-31,49.83451536643027
2014-01-01,23.451804476930107
2014-01-02,54.72087711283692
2014-01-03,44.94929191411604
2014-01-04,28.337597076290546
2014-01-05,36.15486523526725
2014-01-06,83.05847418912747
2014-01-07,84.03563270899954
2014-01-08,74.26404751027867
2014-01-09,92.83005938784834
2014-01-10,85.01279122887163
2014-01-11,42.01781635449977
2014-01-12,54.72087711283692
2014-01-13,79.14984010963911
2014-01-14,94.78437642759252
2014-01-15,97.71585198720878
2014-01-16,96.73869346733669
2014-01-17,80.1269986295112
2014-01-18,46.903608953860214
2014-01-19,57.652352672453176
2014-01-20,66.44677935130197
2014-01-21,84.03563270899954
2014-01-22,84.03563270899954
2014-01-23,72.3097304705345
2014-01-24,76.21836455002284
2014-01-25,49.835084513476474
2014-01-26,53.743718592964825
2014-01-27,90.87574234810417
2014-01-28,63.51530379168571
2014-01-29,79.14984010963911
2014-01-30,85.01279122887163
2014-01-31,77.19552306989493
2014-02-01,41.26030053320407
2014-02-02,46.41783809985458
2014-02-03,76.33155598642753
2014-02-04,85.61512360639844
2014-02-05,76.33155598642753
2014-02-06,90.77266117304895
2014-02-07,76.33155598642753
2014-02-08,43.32331555986427
2014-02-09,53.63839069316529
2014-02-10,93.86718371303925
2014-02-11,90.77266117304895
2014-02-12,94.89869122636935
2014-02-13,78.39457101308773
2014-02-14,66.01648085312651
2014-02-15,47.449345613184676
2014-02-16,50.543868153174984
2014-02-17,76.33155598642753
2014-02-18,88.70964614638875
2014-02-19,101.08773630634997
2014-02-20,78.39457101308773
2014-02-21,84.58361609306834
2014-02-22,51.57537566650509
2014-02-23,49.512360639844886
2014-02-24,94.89869122636935
2014-02-25,100.05622879301987
2014-02-26,91.80416868637906
2014-02-27,103.15075133301018
2014-02-28,95.93019873969946
2014-03-01,42.72435897435898
2014-03-02,60.60897435897436
2014-03-03,84.4551282051282
2014-03-04,85.44871794871796
2014-03-05,76.50641025641026
2014-03-06,85.44871794871796
2014-03-07,81.47435897435898
2014-03-08,56.63461538461539
2014-03-09,43.717948717948715
2014-03-10,75.51282051282051
2014-03-11,89.42307692307692
2014-03-12,84.4551282051282
2014-03-13,81.47435897435898
2014-03-14,82.46794871794872
2014-03-15,40.73717948717949
2014-03-16,61.6025641025641
2014-03-17,81.47435897435898
2014-03-18,89.42307692307692
2014-03-19,90.41666666666667
2014-03-20,79.48717948717949
2014-03-21,88.42948717948718
2014-03-22,47.69230769230769
2014-03-23,64.58333333333333
2014-03-24,99.35897435897436
2014-03-25,78.49358974358975
2014-03-26,89.42307692307692
2014-03-27,91.41025641025641
2014-03-28,95.38461538461539
2014-03-29,53.65384615384615
2014-03-30,60.60897435897436
2014-03-31,82.46794871794872
2014-04-01,107.76245551601423
2014-04-02,91.88167259786476
2014-04-03,95.28469750889678
2014-04-04,88.47864768683273
2014-04-05,40.83629893238434
2014-04-06,63.523131672597856
2014-04-07,91.88167259786476
2014-04-08,96.41903914590746
2014-04-09,106.62811387900355
2014-04-10,86.20996441281137
2014-04-11,95.28469750889678
2014-04-12,43.10498220640569
2014-04-13,72.59786476868327
2014-04-14,87.34430604982205
2014-04-15,96.41903914590746
2014-04-16,96.41903914590746
2014-04-17,85.0756227758007
2014-04-18,63.523131672597856
2014-04-19,38.56761565836298
2014-04-20,55.582740213523124
2014-04-21,91.88167259786476
2014-04-22,110.03113879003557
2014-04-23,112.29982206405693
2014-04-24,108.89679715302489
2014-04-25,85.0756227758007
2014-04-26,45.37366548042704
2014-04-27,80.538256227758
2014-04-28,93.01601423487543
2014-04-29,113.4341637010676
2014-04-30,106.62811387900355
2014-05-01,101.91780821917808
2014-05-02,109.56164383561644
2014-05-03,61.150684931506845
2014-05-04,62.42465753424658
2014-05-05,127.3972602739726
2014-05-06,109.56164383561644
2014-05-07,118.47945205479452
2014-05-08,115.93150684931507
2014-05-09,98.0958904109589
2014-05-10,50.95890410958904
2014-05-11,73.89041095890411
2014-05-12,115.93150684931507
2014-05-13,107.01369863013699
2014-05-14,91.72602739726027
2014-05-15,89.17808219178082
2014-05-16,113.38356164383562
2014-05-17,56.054794520547944
2014-05-18,54.78082191780822
2014-05-19,112.10958904109589
2014-05-20,126.12328767123287
2014-05-21,89.17808219178082
2014-05-22,89.17808219178082
2014-05-23,86.63013698630137
2014-05-24,40.76712328767123
2014-05-25,35.67123287671233
2014-05-26,53.50684931506849
2014-05-27,107.01369863013699
2014-05-28,94.27397260273972
2014-05-29,87.9041095890411
2014-05-30,75.16438356164383
2014-05-31,42.04109589041096
2014-06-01,61.279863481228666
2014-06-02,97.26962457337883
2014-06-03,86.56996587030716
2014-06-04,84.62457337883959
2014-06-05,75.8703071672355
2014-06-06,64.19795221843003
2014-06-07,33.0716723549488
2014-06-08,48.63481228668942
2014-06-09,76.84300341296928
2014-06-10,70.03412969283276
2014-06-11,60.30716723549487
2014-06-12,48.63481228668942
2014-06-13,41.8259385665529
2014-06-14,35.98976109215017
2014-06-15,53.498293515358355
2014-06-16,55.443686006825935
2014-06-17,52.52559726962457
2014-06-18,59.33447098976109
2014-06-19,58.3617747440273
2014-06-20,53.498293515358355
2014-06-21,44.744027303754265
2014-06-22,33.0716723549488
2014-06-23,54.47098976109215
2014-06-24,60.30716723549487
2014-06-25,48.63481228668942
2014-06-26,49.6075085324232
2014-06-27,49.6075085324232
2014-06-28,35.98976109215017
2014-06-29,54.47098976109215
2014-06-30,61.279863481228666
2014-07-01,46.92133443163097
2014-07-02,46.29571663920922
2014-07-03,50.675041186161444
2014-07-04,43.16762767710049
2014-07-05,38.162685337726515
2014-07-06,42.54200988467874
2014-07-07,59.43369028006589
2014-07-08,51.926276771004936
2014-07-09,49.42380560131795
2014-07-10,53.80313014827017
2014-07-11,49.42380560131795
2014-07-12,45.670098846787475
2014-07-13,46.29571663920922
2014-07-14,50.675041186161444
2014-07-15,50.675041186161444
2014-07-16,58.1824546952224
2014-07-17,49.42380560131795
2014-07-18,42.54200988467874
2014-07-19,37.53706754530477
2014-07-20,47.54695222405271
2014-07-21,62.56177924217462
2014-07-22,55.05436573311366
2014-07-23,48.17257001647446
2014-07-24,50.049423393739694
2014-07-25,52.55189456342668
2014-07-26,40.665156507413506
2014-07-27,41.916392092257
2014-07-28,57.55683690280065
2014-07-29,52.55189456342668
2014-07-30,48.7981878088962
2014-07-31,48.7981878088962
2014-08-01,45.11819281968536
2014-08-02,40.71641791044776
2014-08-03,51.17063331988705
2014-08-04,47.869302137958854
2014-08-05,48.96974586526826
2014-08-06,47.869302137958854
2014-08-07,46.76885841064946
2014-08-08,55.02218636546995
2014-08-09,30.812424364663173
2014-08-10,29.711980637353772
2014-08-11,45.66841468334006
2014-08-12,39.61597418313836
2014-08-13,47.319080274304156
2014-08-14,38.515530455828966
2014-08-15,35.764421137555466
2014-08-16,41.816861637757164
2014-08-17,31.36264622831787
2014-08-18,45.11819281968536
2014-08-19,52.821298910851155
2014-08-20,49.51996772892296
2014-08-21,52.821298910851155
2014-08-22,41.266639774102465
2014-08-23,39.61597418313836
2014-08-24,45.11819281968536
2014-08-25,47.869302137958854
2014-08-26,53.92174263816055
2014-08-27,42.36708350141186
2014-08-28,44.567970956030656
2014-08-29,47.869302137958854
2014-08-30,35.764421137555466
2014-08-31,41.266639774102465
2014-09-01,46.344410876132926
2014-09-02,55.256797583081564
2014-09-03,57.03927492447129
2014-09-04,46.344410876132926
2014-09-05,42.77945619335347
2014-09-06,32.97583081570997
2014-09-07,29.41087613293051
2014-09-08,61.49546827794561
2014-09-09,59.71299093655588
2014-09-10,63.27794561933534
2014-09-11,65.95166163141994
2014-09-12,53.474320241691835
2014-09-13,41.88821752265861
2014-09-14,42.77945619335347
2014-09-15,57.03927492447129
2014-09-16,70.40785498489426
2014-09-17,65.06042296072506
2014-09-18,82.88519637462235
2014-09-19,68.62537764350452
2014-09-20,36.54078549848942
2014-09-21,47.23564954682779
2014-09-22,75.75528700906344
2014-09-23,75.75528700906344
2014-09-24,89.1238670694864
2014-09-25,86.4501510574018
2014-09-26,62.38670694864048
2014-09-27,39.21450151057402
2014-09-28,58.82175226586102
2014-09-29,69.51661631419938
2014-09-30,86.4501510574018
2014-10-01,83.52608267716536
2014-10-02,72.38927165354332
2014-10-03,82.41240157480316
2014-10-04,40.09251968503938
2014-10-05,50.11564960629922
2014-10-06,82.41240157480316
2014-10-07,93.54921259842521
2014-10-08,74.61663385826772
2014-10-09,87.98080708661418
2014-10-10,72.38927165354332
2014-10-11,41.20620078740158
2014-10-12,52.34301181102363
2014-10-13,71.27559055118111
2014-10-14,66.8208661417323
2014-10-15,66.8208661417323
2014-10-16,77.95767716535434
2014-10-17,74.61663385826772
2014-10-18,41.20620078740158
2014-10-19,47.88828740157481
2014-10-20,95.77657480314961
2014-10-21,79.07135826771655
2014-10-22,92.435531496063
2014-10-23,90.20816929133859
2014-10-24,75.73031496062993
2014-10-25,44.54724409448819
2014-10-26,45.6609251968504
2014-10-27,74.61663385826772
2014-10-28,102.45866141732284
2014-10-29,111.36811023622049
2014-10-30,94.66289370078741
2014-10-31,76.84399606299213
2014-11-01,40.813341135166766
2014-11-02,57.928613224107664
2014-11-03,81.62668227033353
2014-11-04,77.67700409596256
2014-11-05,86.8929198361615
2014-11-06,93.47571679344647
2014-11-07,71.09420713867759
2014-11-08,42.12990052662376
2014-11-09,69.7776477472206
2014-11-10,85.5763604447045
2014-11-11,111.90754827384436
2014-11-12,109.27442949093037
2014-11-13,102.6916325336454
2014-11-14,77.67700409596256
2014-11-15,36.863662960795786
2014-11-16,57.928613224107664
2014-11-17,93.47571679344647
2014-11-18,117.17378583967232
2014-11-19,131.65593914569925
2014-11-20,111.90754827384436
2014-11-21,88.20947922761849
2014-11-22,38.18022235225278
2014-11-23,48.71269748390872
2014-11-24,92.15915740198948
2014-11-25,82.94324166179052
2014-11-26,47.39613809245173
2014-11-27,39.496781743709775
2014-11-28,34.230544177881804
2014-11-29,56.61205383265067
2014-11-30,64.51141018139263
2014-12-01,93.68771331058021
2014-12-02,110.72184300341297
2014-12-03,97.33788395904438
2014-12-04,99.77133105802048
2014-12-05,105.85494880546075
2014-12-06,55.96928327645051
2014-12-07,70.56996587030717
2014-12-08,98.55460750853243
2014-12-09,110.72184300341297
2014-12-10,102.20477815699658
2014-12-11,121.67235494880546
2014-12-12,96.12116040955631
2014-12-13,38.93515358361775
2014-12-14,62.05290102389078
2014-12-15,97.33788395904438
2014-12-16,79.08703071672355
2014-12-17,94.90443686006826
2014-12-18,87.60409556313994
2014-12-19,51.10238907849829
2014-12-20,32.851535836177476
2014-12-21,27.984641638225256
2014-12-22,64.4863481228669
2014-12-23,45.01877133105802
2014-12-24,32.851535836177476
2014-12-25,29.20136518771331
2014-12-26,27.984641638225256
2014-12-27,34.06825938566553
2014-12-28,55.96928327645051
2014-12-29,40.1518771331058
2014-12-30,49.88566552901024
2014-12-31,24.334470989761094
2015-01-01,42.672448979591834
2015-01-02,50.53316326530612
2015-01-03,37.05765306122449
2015-01-04,40.426530612244896
2015-01-05,75.23826530612244
2015-01-06,101.06632653061224
2015-01-07,85.34489795918367
2015-01-08,77.48418367346939
2015-01-09,106.6811224489796
2015-01-10,40.426530612244896
2015-01-11,42.672448979591834
2015-01-12,71.86938775510204
2015-01-13,85.34489795918367
2015-01-14,81.97602040816327
2015-01-15,92.08265306122449
2015-01-16,79.73010204081632
2015-01-17,52.77908163265306
2015-01-18,64.00867346938776
2015-01-19,60.63979591836735
2015-01-20,87.59081632653061
2015-01-21,112.29591836734694
2015-01-22,95.4515306122449
2015-01-23,85.34489795918367
2015-01-24,39.30357142857143
2015-01-25,37.05765306122449
2015-01-26,89.83673469387755
2015-01-27,75.23826530612244
2015-01-28,86.46785714285714
2015-01-29,86.46785714285714
2015-01-30,76.36122448979592
2015-01-31,41.54948979591837
2015-02-01,50.61374045801526
2015-02-02,73.81170483460559
2015-02-03,89.62849872773536
2015-02-04,83.30178117048345
2015-02-05,105.44529262086513
2015-02-06,83.30178117048345
2015-02-07,40.06921119592875
2015-02-08,56.94045801526717
2015-02-09,91.73740458015266
2015-02-10,78.0295165394402
2015-02-11,97.00966921119591
2015-02-12,92.79185750636131
2015-02-13,79.08396946564885
2015-02-14,45.34147582697201
2015-02-15,53.77709923664121
2015-02-16,68.53944020356234
2015-02-17,78.0295165394402
2015-02-18,79.08396946564885
2015-02-19,83.30178117048345
2015-02-20,78.0295165394402
2015-02-21,51.66819338422391
2015-02-22,53.77709923664121
2015-02-23,92.79185750636131
2015-02-24,90.68295165394402
2015-02-25,78.0295165394402
2015-02-26,80.1384223918575
2015-02-27,74.86615776081425
2015-02-28,42.17811704834605
2015-03-01,56.33142857142857
2015-03-02,97.78285714285713
2015-03-03,94.5942857142857
2015-03-04,92.46857142857142
2015-03-05,85.02857142857141
2015-03-06,80.77714285714285
2015-03-07,42.514285714285705
2015-03-08,39.325714285714284
2015-03-09,86.09142857142857
2015-03-10,82.90285714285713
2015-03-11,93.53142857142856
2015-03-12,96.71999999999998
2015-03-13,82.90285714285713
2015-03-14,54.20571428571428
2015-03-15,36.137142857142855
2015-03-16,83.96571428571427
2015-03-17,88.21714285714285
2015-03-18,88.21714285714285
2015-03-19,97.78285714285713
2015-03-20,81.83999999999999
2015-03-21,42.514285714285705
2015-03-22,42.514285714285705
2015-03-23,98.84571428571428
2015-03-24,81.83999999999999
2015-03-25,85.02857142857141
2015-03-26,106.28571428571428
2015-03-27,95.65714285714284
2015-03-28,56.33142857142857
2015-03-29,57.39428571428571
2015-03-30,94.5942857142857
2015-03-31,95.65714285714284
2015-04-01,100.9979633401222
2015-04-02,79.73523421588594
2015-04-03,58.472505091649694
2015-04-04,35.88085539714867
2015-04-05,49.170061099796335
2015-04-06,79.73523421588594
2015-04-07,98.34012219959267
2015-04-08,95.68228105906313
2015-04-09,98.34012219959267
2015-04-10,75.74847250509164
2015-04-11,46.5122199592668
2015-04-12,62.45926680244399
2015-04-13,115.61608961303462
2015-04-14,132.89205702647658
2015-04-15,89.0376782077393
2015-04-16,91.69551934826883
2015-04-17,90.36659877800408
2015-04-18,51.82790224032586
2015-04-19,67.77494908350305
2015-04-20,102.32688391038697
2015-04-21,110.30040733197555
2015-04-22,104.9847250509165
2015-04-23,124.91853360488798
2015-04-24,90.36659877800408
2015-04-25,65.11710794297352
2015-04-26,55.81466395112016
2015-04-27,104.9847250509165
2015-04-28,116.94501018329939
2015-04-29,102.32688391038697
2015-04-30,111.62932790224032
2015-05-01,91.5408398707891
2015-05-02,46.34979233964005
2015-05-03,40.55606829718504
2015-05-04,93.8583294877711
2015-05-05,107.76326718966311
2015-05-06,101.96954314720811
2015-05-07,115.87448084910012
2015-05-08,104.28703276419012
2015-05-09,47.508537148131055
2015-05-10,55.61975080756806
2015-05-11,100.8107983387171
2015-05-12,104.28703276419012
2015-05-13,112.39824642362713
2015-05-14,97.33456391324411
2015-05-15,81.11213659437009
2015-05-16,62.572219658514065
2015-05-17,52.14351638209506
2015-05-18,98.4933087217351
2015-05-19,105.44577757268111
2015-05-20,108.92201199815412
2015-05-21,99.65205353022611
2015-05-22,96.1758191047531
2015-05-23,46.34979233964005
2015-05-24,37.07983387171204
2015-05-25,59.09598523304106
2015-05-26,101.96954314720811
2015-05-27,83.42962621135209
2015-05-28,78.79464697738808
2015-05-29,90.38209506229809
2015-05-30,39.39732348869404
2015-05-31,49.826026765113056
2015-06-01,77.85097192224623
2015-06-02,87.47300215982722
2015-06-03,80.47516198704103
2015-06-04,70.85313174946005
2015-06-05,62.980561555075596
2015-06-06,32.36501079913607
2015-06-07,51.60907127429806
2015-06-08,47.2354211663067
2015-06-09,54.23326133909288
2015-06-10,53.3585313174946
2015-06-11,69.97840172786178
2015-06-12,65.60475161987041
2015-06-13,30.615550755939527
2015-06-14,54.23326133909288
2015-06-15,56.857451403887694
2015-06-16,56.857451403887694
2015-06-17,57.73218142548596
2015-06-18,57.73218142548596
2015-06-19,52.48380129589633
2015-06-20,34.114470842332615
2015-06-21,43.73650107991361
2015-06-22,46.360691144708426
2015-06-23,51.60907127429806
2015-06-24,48.11015118790497
2015-06-25,55.98272138228942
2015-06-26,49.85961123110152
2015-06-27,34.114470842332615
2015-06-28,36.73866090712743
2015-06-29,36.73866090712743
2015-06-30,62.10583153347732
2015-07-01,57.701256398324794
2015-07-02,35.34201954397394
2015-07-03,37.505816658911115
2015-07-04,33.89948813401582
2015-07-05,47.60353652861796
2015-07-06,44.718473708701715
2015-07-07,64.9139134481154
2015-07-08,48.32480223359702
2015-07-09,41.83341088878548
2015-07-10,51.931130758492316
2015-07-11,64.19264774313633
2015-07-12,49.04606793857608
2015-07-13,43.997208003722655
2015-07-14,56.25872498836667
2015-07-15,54.81619357840856
2015-07-16,72.126570497906
2015-07-17,65.63517915309446
2015-07-18,60.58631921824104
2015-07-19,37.505816658911115
2015-07-20,56.979990693345734
2015-07-21,49.04606793857608
2015-07-22,51.209865053513255
2015-07-23,41.11214518380642
2015-07-24,51.209865053513255
2015-07-25,40.39087947882736
2015-07-26,35.34201954397394
2015-07-27,56.979990693345734
2015-07-28,54.81619357840856
2015-07-29,53.37366216845044
2015-07-30,52.652396463471376
2015-07-31,38.94834806886924
2015-08-01,43.93461381283204
2015-08-02,47.811197384552514
2015-08-03,62.671434409480995
2015-08-04,55.56436452799346
2015-08-05,37.473641193297915
2015-08-06,50.39558643236616
2015-08-07,43.288516550878626
2015-08-08,44.58071107478545
2015-08-09,42.64241928892521
2015-08-10,42.64241928892521
2015-08-11,56.21046178994687
2015-08-12,56.21046178994687
2015-08-13,45.87290559869228
2015-08-14,54.91826726604005
2015-08-15,43.288516550878626
2015-08-16,51.68778095627299
2015-08-17,45.22680833673886
2015-08-18,59.440948099713935
2015-08-19,64.60972619534124
2015-08-20,60.73314262362076
2015-08-21,41.35022476501839
2015-08-22,36.8275439313445
2015-08-23,52.333878218226396
2015-08-24,56.21046178994687
2015-08-25,51.04168369431957
2015-08-26,53.626072742133225
2015-08-27,64.60972619534124
2015-08-28,63.963628933387824
2015-08-29,47.1651001225991
2015-08-30,50.39558643236616
2015-08-31,54.27217000408663
2015-09-01,49.435215946843854
2015-09-02,62.67679164689132
2015-09-03,66.2078785002373
2015-09-04,55.61461794019934
2015-09-05,52.08353108685335
2015-09-06,52.966302800189844
2015-09-07,52.08353108685335
2015-09-08,81.21499762695777
2015-09-09,72.38728049359278
2015-09-10,71.50450878025629
2015-09-11,63.55956336022781
2015-09-12,45.02135738016137
2015-09-13,52.08353108685335
2015-09-14,88.27717133364973
2015-09-15,56.49738965353583
2015-09-16,75.03559563360228
2015-09-17,70.62173706691979
2015-09-18,73.27005220692928
2015-09-19,47.66967252017086
2015-09-20,52.08353108685335
2015-09-21,71.50450878025629
2015-09-22,67.09065021357381
2015-09-23,64.44233507356431
2015-09-24,78.56668248694827
2015-09-25,52.966302800189844
2015-09-26,31.779781680113906
2015-09-27,39.72472710014238
2015-09-28,80.33222591362126
2015-09-29,61.79401993355482
2015-09-30,71.50450878025629
2015-10-01,76.41932270916334
2015-10-02,65.99850597609561
2015-10-03,47.47260956175299
2015-10-04,54.41982071713147
2015-10-05,65.99850597609561
2015-10-06,89.1558764940239
2015-10-07,93.78735059760956
2015-10-08,89.1558764940239
2015-10-09,87.99800796812748
2015-10-10,46.31474103585657
2015-10-11,45.15687250996016
2015-10-12,69.47211155378486
2015-10-13,91.47161354581674
2015-10-14,83.36653386454184
2015-10-15,87.99800796812748
2015-10-16,92.62948207171314
2015-10-17,35.89392430278885
2015-10-18,52.10408366533864
2015-10-19,96.10308764940238
2015-10-20,83.36653386454184
2015-10-21,86.84013944223108
2015-10-22,104.20816733067728
2015-10-23,70.62998007968127
2015-10-24,48.6304780876494
2015-10-25,43.99900398406374
2015-10-26,97.2609561752988
2015-10-27,115.78685258964143
2015-10-28,96.10308764940238
2015-10-29,94.94521912350598
2015-10-30,71.7878486055777
2015-10-31,40.5253984063745
2015-11-01,45.91938155715075
2015-11-02,88.01214798453893
2015-11-03,82.90999447818885
2015-11-04,100.76753175041414
2015-11-05,86.73660960795141
2015-11-06,89.28768636112646
2015-11-07,44.64384318056323
2015-11-08,56.12368856985091
2015-11-09,99.49199337382662
2015-11-10,114.79845389287686
2015-11-11,98.2164549972391
2015-11-12,114.79845389287686
2015-11-13,94.38983986747654
2015-11-14,43.368304803975704
2015-11-15,54.84815019326339
2015-11-16,103.31860850358919
2015-11-17,103.31860850358919
2015-11-18,125.00276090557703
2015-11-19,127.55383765875207
2015-11-20,93.11430149088902
2015-11-21,49.74599668691331
2015-11-22,36.9906129210381
2015-11-23,77.80784097183877
2015-11-24,67.6035339591386
2015-11-25,56.12368856985091
2015-11-26,33.16399779127554
2015-11-27,35.71507454445058
2015-11-28,36.9906129210381
2015-11-29,56.12368856985091
2015-11-30,93.11430149088902
2015-12-01,118.05610357583231
2015-12-02,123.48397040690506
2015-12-03,103.12946979038225
2015-12-04,92.27373612823675
2015-12-05,51.56473489519112
2015-12-06,48.85080147965475
2015-12-07,104.48643649815044
2015-12-08,119.4130702836005
2015-12-09,113.98520345252776
2015-12-10,135.69667077681876
2015-12-11,92.27373612823675
2015-12-12,56.99260172626388
2015-12-13,51.56473489519112
2015-12-14,93.63070283600494
2015-12-15,109.91430332922319
2015-12-16,108.557336621455
2015-12-17,89.55980271270037
2015-12-18,74.63316892725031
2015-12-19,31.210234278668313
2015-12-20,46.136868064118374
2015-12-21,62.420468557336626
2015-12-22,63.77743526510481
2015-12-23,55.63563501849569
2015-12-24,33.92416769420469
2015-12-25,21.711467324291
2015-12-26,35.28113440197288
2015-12-27,24.425400739827374
2015-12-28,36.638101109741065
2015-12-29,35.28113440197288
2015-12-30,29.853267570900126
2015-12-31,36.638101109741065
2016-01-01,31.139013452914796
2016-01-02,56.05022421524664
2016-01-03,40.035874439461885
2016-01-04,53.38116591928251
2016-01-05,73.84394618834081
2016-01-06,83.6304932735426
2016-01-07,88.96860986547085
2016-01-08,79.18206278026905
2016-01-09,43.59461883408071
2016-01-10,44.48430493273543
2016-01-11,63.167713004484305
2016-01-12,68.50582959641255
2016-01-13,66.72645739910314
2016-01-14,70.28520179372197
2016-01-15,81.85112107623318
2016-01-16,45.37399103139013
2016-01-17,38.256502242152465
2016-01-18,48.04304932735426
2016-01-19,82.74080717488789
2016-01-20,80.07174887892377
2016-01-21,80.96143497757848
2016-01-22,67.61614349775785
2016-01-23,48.04304932735426
2016-01-24,38.256502242152465
2016-01-25,79.18206278026905
2016-01-26,84.5201793721973
2016-01-27,78.29237668161434
2016-01-28,84.5201793721973
2016-01-29,77.40269058295964
2016-01-30,54.270852017937216
2016-01-31,51.601793721973095
2016-02-01,84.38345864661653
2016-02-02,83.40225563909775
2016-02-03,87.32706766917293
2016-02-04,77.51503759398496
2016-02-05,81.43984962406014
2016-02-06,43.17293233082707
2016-02-07,42.191729323308266
2016-02-08,81.43984962406014
2016-02-09,82.42105263157895
2016-02-10,71.62781954887218
2016-02-11,87.32706766917293
2016-02-12,63.778195488721806
2016-02-13,36.30451127819549
2016-02-14,46.116541353383454
2016-02-15,52.00375939849624
2016-02-16,66.7218045112782
2016-02-17,78.49624060150376
2016-02-18,90.27067669172932
2016-02-19,71.62781954887218
2016-02-20,50.04135338345864
2016-02-21,58.87218045112782
2016-02-22,93.21428571428571
2016-02-23,93.21428571428571
2016-02-24,81.43984962406014
2016-02-25,98.1203007518797
2016-02-26,89.28947368421052
2016-02-27,55.92857142857143
2016-02-28,54.94736842105263
2016-02-29,85.36466165413533
2016-03-01,66.75921605226318
2016-03-02,85.24638357442836
2016-03-03,102.70648623425105
2016-03-04,77.02986467568829
2016-03-05,41.08259449370042
2016-03-06,47.244983667755484
2016-03-07,97.5711619225385
2016-03-08,94.48996733551097
2016-03-09,79.08399440037331
2016-03-10,87.30051329911339
2016-03-11,62.65095660289314
2016-03-12,58.5426971535231
2016-03-13,53.40737284181054
2016-03-14,69.84041063929071
2016-03-15,83.19225384974335
2016-03-16,84.21931871208587
2016-03-17,81.13812412505833
2016-03-18,67.7862809146057
2016-03-19,45.190853943070465
2016-03-20,46.21791880541297
2016-03-21,72.92160522631825
2016-03-22,83.19225384974335
2016-03-23,71.89454036397574
2016-03-24,68.8133457769482
2016-03-25,57.51563229118059
2016-03-26,44.16378908072795
2016-03-27,49.2991133924405
2016-03-28,74.97573495100326
2016-03-29,89.35464302379842
2016-03-30,74.97573495100326
2016-03-31,83.19225384974335
2016-04-01,65.27152317880795
2016-04-02,56.092715231788084
2016-04-03,39.7748344370861
2016-04-04,69.35099337748345
2016-04-05,93.82781456953643
2016-04-06,84.64900662251657
2016-04-07,84.64900662251657
2016-04-08,92.80794701986756
2016-04-09,43.85430463576159
2016-04-10,65.27152317880795
2016-04-11,94.8476821192053
2016-04-12,87.70860927152319
2016-04-13,88.72847682119206
2016-04-14,92.80794701986756
2016-04-15,88.72847682119206
2016-04-16,53.03311258278146
2016-04-17,60.172185430463585
2016-04-18,72.41059602649007
2016-04-19,95.86754966887418
2016-04-20,85.66887417218544
2016-04-21,79.5496688741722
2016-04-22,84.64900662251657
2016-04-23,45.89403973509934
2016-04-24,71.3907284768212
2016-04-25,99.94701986754968
2016-04-26,101.98675496688743
2016-04-27,99.94701986754968
2016-04-28,83.62913907284769
2016-04-29,83.62913907284769
2016-04-30,43.85430463576159
2016-05-01,59.387817258883246
2016-05-02,88.4994923857868
2016-05-03,98.97969543147208
2016-05-04,108.29543147208122
2016-05-05,87.33502538071066
2016-05-06,89.66395939086294
2016-05-07,44.2497461928934
2016-05-08,46.578680203045685
2016-05-09,97.81522842639593
2016-05-10,73.36142131979695
2016-05-11,100.14416243654821
2016-05-12,103.63756345177664
2016-05-13,81.51269035532995
2016-05-14,50.07208121827411
2016-05-15,45.414213197969545
2016-05-16,116.44670050761421
2016-05-17,100.14416243654821
2016-05-18,96.6507614213198
2016-05-19,82.67715736040608
2016-05-20,74.5258883248731
2016-05-21,45.414213197969545
2016-05-22,44.2497461928934
2016-05-23,76.85482233502537
2016-05-24,76.85482233502537
2016-05-25,72.19695431472081
2016-05-26,67.53908629441624
2016-05-27,69.86802030456853
2016-05-28,33.76954314720812
2016-05-29,47.743147208121826
2016-05-30,45.414213197969545
2016-05-31,68.70355329949238
2016-06-01,74.00379506641366
2016-06-02,65.86337760910816
2016-06-03,58.46299810246679
2016-06-04,35.52182163187855
2016-06-05,59.94307400379506
2016-06-06,66.60341555977229
2016-06-07,70.30360531309297
2016-06-08,55.502846299810244
2016-06-09,50.32258064516129
2016-06-10,50.32258064516129
2016-06-11,36.26185958254269
2016-06-12,43.662239089184055
2016-06-13,61.42314990512334
2016-06-14,51.80265654648956
2016-06-15,57.72296015180265
2016-06-16,41.44212523719165
2016-06-17,51.06261859582543
2016-06-18,39.22201138519924
2016-06-19,49.58254269449715
2016-06-20,51.06261859582543
2016-06-21,42.182163187855785
2016-06-22,49.58254269449715
2016-06-23,48.84250474383301
2016-06-24,50.32258064516129
2016-06-25,40.702087286527515
2016-06-26,60.6831119544592
2016-06-27,54.02277039848197
2016-06-28,42.182163187855785
2016-06-29,52.5426944971537
2016-06-30,48.84250474383301
2016-07-01,47.38552687261956
2016-07-02,33.28269149386374
2016-07-03,46.257300042319095
2016-07-04,42.87261955141769
2016-07-05,50.20609394837072
2016-07-06,43.43673296656793
2016-07-07,42.87261955141769
2016-07-08,40.61616589081677
2016-07-09,40.05205247566653
2016-07-10,45.129073212018625
2016-07-11,47.38552687261956
2016-07-12,42.30850613626746
2016-07-13,49.64198053322049
2016-07-14,46.821413457469326
2016-07-15,34.4109183241642
2016-07-16,28.769784172661875
2016-07-17,44.00084638171816
2016-07-18,46.257300042319095
2016-07-19,38.359712230215834
2016-07-20,42.87261955141769
2016-07-21,39.4879390605163
2016-07-22,42.87261955141769
2016-07-23,31.026237833262805
2016-07-24,50.77020736352095
2016-07-25,50.77020736352095
2016-07-26,46.257300042319095
2016-07-27,41.74439272111723
2016-07-28,56.41134151502328
2016-07-29,46.257300042319095
2016-07-30,33.28269149386374
2016-07-31,41.180279305967
2016-08-01,42.135922330097095
2016-08-02,45.747572815533985
2016-08-03,49.9611650485437
2016-08-04,43.33980582524272
2016-08-05,49.9611650485437
2016-08-06,49.9611650485437
2016-08-07,48.757281553398066
2016-08-08,44.54368932038835
2016-08-09,46.95145631067962
2016-08-10,35.51456310679612
2016-08-11,37.320388349514566
2016-08-12,36.71844660194175
2016-08-13,45.747572815533985
2016-08-14,39.72815533980583
2016-08-15,42.135922330097095
2016-08-16,51.16504854368932
2016-08-17,37.92233009708738
2016-08-18,43.33980582524272
2016-08-19,54.174757281553404
2016-08-20,33.708737864077676
2016-08-21,31.30097087378641
2016-08-22,55.37864077669904
2016-08-23,48.757281553398066
2016-08-24,42.135922330097095
2016-08-25,45.747572815533985
2016-08-26,41.53398058252428
2016-08-27,27.68932038834952
2016-08-28,37.92233009708738
2016-08-29,60.19417475728156
2016-08-30,55.98058252427185
2016-08-31,38.5242718446602
2016-09-01,52.39051094890511
2016-09-02,53.978102189781026
2016-09-03,35.720802919708035
2016-09-04,37.308394160583944
2016-09-05,53.978102189781026
2016-09-06,61.916058394160586
2016-09-07,61.916058394160586
2016-09-08,47.627737226277375
2016-09-09,60.32846715328468
2016-09-10,45.246350364963504
2016-09-11,50.009124087591246
2016-09-12,58.74087591240876
2016-09-13,66.67883211678833
2016-09-14,63.5036496350365
2016-09-15,61.12226277372263
2016-09-16,61.916058394160586
2016-09-17,42.86496350364964
2016-09-18,48.42153284671533
2016-09-19,65.09124087591242
2016-09-20,69.0602189781022
2016-09-21,73.82299270072993
2016-09-22,50.8029197080292
2016-09-23,65.88503649635037
2016-09-24,35.720802919708035
2016-09-25,50.8029197080292
2016-09-26,72.23540145985402
2016-09-27,73.82299270072993
2016-09-28,79.37956204379563
2016-09-29,71.44160583941607
2016-09-30,68.26642335766424
2016-10-01,44.58461538461538
2016-10-02,42.46153846153846
2016-10-03,60.50769230769231
2016-10-04,65.81538461538462
2016-10-05,78.55384615384615
2016-10-06,74.3076923076923
2016-10-07,62.63076923076923
2016-10-08,49.89230769230769
2016-10-09,47.76923076923077
2016-10-10,65.81538461538462
2016-10-11,69.0
2016-10-12,98.72307692307692
2016-10-13,77.49230769230769
2016-10-14,65.81538461538462
2016-10-15,52.01538461538462
2016-10-16,54.13846153846154
2016-10-17,72.18461538461538
2016-10-18,90.23076923076923
2016-10-19,75.36923076923077
2016-10-20,75.36923076923077
2016-10-21,75.36923076923077
2016-10-22,53.07692307692308
2016-10-23,73.24615384615385
2016-10-24,85.98461538461538
2016-10-25,95.53846153846153
2016-10-26,106.15384615384616
2016-10-27,84.92307692307692
2016-10-28,72.18461538461538
2016-10-29,38.215384615384615
2016-10-30,52.01538461538462
2016-10-31,79.61538461538461
2016-11-01,100.19269776876268
2016-11-02,85.55780933062881
2016-11-03,78.80324543610548
2016-11-04,70.92292089249493
2016-11-05,43.904665314401626
2016-11-06,63.04259634888439
2016-11-07,91.18661257606492
2016-11-08,85.55780933062881
2016-11-09,58.539553752535504
2016-11-10,95.6896551724138
2016-11-11,63.04259634888439
2016-11-12,41.65314401622718
2016-11-13,57.41379310344828
2016-11-14,95.6896551724138
2016-11-15,112.57606490872212
2016-11-16,104.69574036511158
2016-11-17,95.6896551724138
2016-11-18,100.19269776876268
2016-11-19,37.1501014198783
2016-11-20,40.52738336713996
2016-11-21,66.41987829614605
2016-11-22,70.92292089249493
2016-11-23,51.784989858012175
2016-11-24,48.40770791075051
2016-11-25,49.53346855983773
2016-11-26,61.91683569979716
2016-11-27,65.29411764705883
2016-11-28,85.55780933062881
2016-11-29,104.69574036511158
2016-11-30,93.43813387423936
2016-12-01,110.5263157894737
2016-12-02,99.47368421052633
2016-12-03,56.36842105263158
2016-12-04,68.52631578947368
2016-12-05,93.94736842105264
2016-12-06,98.36842105263159
2016-12-07,110.5263157894737
2016-12-08,96.15789473684211
2016-12-09,82.89473684210527
2016-12-10,54.15789473684211
2016-12-11,42.00000000000001
2016-12-12,80.6842105263158
2016-12-13,87.31578947368422
2016-12-14,99.47368421052633
2016-12-15,74.05263157894737
2016-12-16,76.26315789473685
2016-12-17,42.00000000000001
2016-12-18,39.78947368421053
2016-12-19,53.05263157894737
2016-12-20,58.578947368421055
2016-12-21,61.89473684210527
2016-12-22,44.21052631578948
2016-12-23,43.10526315789474
2016-12-24,27.631578947368425
2016-12-25,30.947368421052634
2016-12-26,38.684210526315795
2016-12-27,42.00000000000001
2016-12-28,44.21052631578948
2016-12-29,33.15789473684211
2016-12-30,37.578947368421055
2016-12-31,25.42105263157895
2017-01-01,44.40142517814727
2017-01-02,38.4812351543943
2017-01-03,53.28171021377672
2017-01-04,67.09548693586699
2017-01-05,72.02897862232778
2017-01-06,71.04228028503563
2017-01-07,36.507838479809976
2017-01-08,46.37482185273159
2017-01-09,72.02897862232778
2017-01-10,86.8294536817102
2017-01-11,88.80285035629454
2017-01-12,91.76294536817102
2017-01-13,88.80285035629454
2017-01-14,37.49453681710214
2017-01-15,35.521140142517815
2017-01-16,55.25510688836104
2017-01-17,65.12209026128266
2017-01-18,86.8294536817102
2017-01-19,98.66983372921615
2017-01-20,74.98907363420427
2017-01-21,41.44133016627078
2017-01-22,45.38812351543943
2017-01-23,86.8294536817102
2017-01-24,80.90926365795724
2017-01-25,73.01567695961995
2017-01-26,95.70973871733966
2017-01-27,73.01567695961995
2017-01-28,41.44133016627078
2017-01-29,46.37482185273159
2017-01-30,83.86935866983373
2017-01-31,97.68313539192398
2017-02-01,98.58682634730539
2017-02-02,92.55089820359281
2017-02-03,89.53293413173652
2017-02-04,43.25748502994011
2017-02-05,44.26347305389221
2017-02-06,64.38323353293413
2017-02-07,81.48502994011976
2017-02-08,78.46706586826346
2017-02-09,79.47305389221556
2017-02-10,100.59880239520957
2017-02-11,51.30538922155688
2017-02-12,40.23952095808383
2017-02-13,67.40119760479041
2017-02-14,79.47305389221556
2017-02-15,83.49700598802394
2017-02-16,86.51497005988023
2017-02-17,69.41317365269461
2017-02-18,46.275449101796404
2017-02-19,49.293413173652695
2017-02-20,60.359281437125745
2017-02-21,82.49101796407186
2017-02-22,77.46107784431138
2017-02-23,88.52694610778443
2017-02-24,80.47904191616766
2017-02-25,54.32335329341317
2017-02-26,45.26946107784431
2017-02-27,92.55089820359281
2017-02-28,88.52694610778443
2017-03-01,91.33799533799535
2017-03-02,95.96270396270397
2017-03-03,84.40093240093242
2017-03-04,54.34032634032635
2017-03-05,67.05827505827507
2017-03-06,84.40093240093242
2017-03-07,113.30536130536132
2017-03-08,115.61771561771563
2017-03-09,106.36829836829838
2017-03-10,90.18181818181819
2017-03-11,62.43356643356644
2017-03-12,57.808857808857816
2017-03-13,91.33799533799535
2017-03-14,79.77622377622379
2017-03-15,83.24475524475525
2017-03-16,84.40093240093242
2017-03-17,70.52680652680654
2017-03-18,47.40326340326341
2017-03-19,55.49650349650351
2017-03-20,99.43123543123545
2017-03-21,107.52447552447553
2017-03-22,83.24475524475525
2017-03-23,79.77622377622379
2017-03-24,68.21445221445222
2017-03-25,39.31002331002332
2017-03-26,50.871794871794876
2017-03-27,83.24475524475525
2017-03-28,75.15151515151516
2017-03-29,92.4941724941725
2017-03-30,87.86946386946389
2017-03-31,77.46386946386947
2017-04-01,37.8286270691334
2017-04-02,63.76825705939629
2017-04-03,85.38461538461537
2017-04-04,89.70788704965919
2017-04-05,98.35443037974683
2017-04-06,88.62706913339824
2017-04-07,61.60662122687439
2017-04-08,49.71762414800389
2017-04-09,57.28334956183057
2017-04-10,79.98052580331061
2017-04-11,95.11197663096397
2017-04-12,85.38461538461537
2017-04-13,74.57643622200584
2017-04-14,51.8792599805258
2017-04-15,37.8286270691334
2017-04-16,47.55598831548198
2017-04-17,85.38461538461537
2017-04-18,85.38461538461537
2017-04-19,85.38461538461537
2017-04-20,108.08179162609541
2017-04-21,84.30379746835442
2017-04-22,42.15189873417721
2017-04-23,63.76825705939629
2017-04-24,92.95034079844206
2017-04-25,102.67770204479065
2017-04-26,104.83933787731254
2017-04-27,75.6572541382668
2017-04-28,91.8695228821811
2017-04-29,41.071080817916254
2017-04-30,51.8792599805258
2017-05-01,97.38805970149252
2017-05-02,104.10447761194028
2017-05-03,96.26865671641791
2017-05-04,91.79104477611939
2017-05-05,87.31343283582089
2017-05-06,41.41791044776119
2017-05-07,47.014925373134325
2017-05-08,111.94029850746267
2017-05-09,97.38805970149252
2017-05-10,90.67164179104476
2017-05-11,106.34328358208954
2017-05-12,95.14925373134328
2017-05-13,41.41791044776119
2017-05-14,55.970149253731336
2017-05-15,99.62686567164178
2017-05-16,81.71641791044776
2017-05-17,96.26865671641791
2017-05-18,94.02985074626865
2017-05-19,71.64179104477611
2017-05-20,53.731343283582085
2017-05-21,55.970149253731336
2017-05-22,76.11940298507461
2017-05-23,69.40298507462686
2017-05-24,83.955223880597
2017-05-25,75.0
2017-05-26,54.850746268656714
2017-05-27,42.537313432835816
2017-05-28,43.656716417910445
2017-05-29,31.343283582089548
2017-05-30,63.805970149253724
2017-05-31,67.16417910447761
2017-06-01,80.93630919978224
2017-06-02,96.35274904735982
2017-06-03,60.70223189983669
2017-06-04,72.26456178551986
2017-06-05,82.86336418072945
2017-06-06,75.15514425694066
2017-06-07,79.97278170930865
2017-06-08,54.9210669569951
2017-06-09,64.55634186173108
2017-06-10,40.46815459989112
2017-06-11,52.030484485574306
2017-06-12,71.30103429504626
2017-06-13,49.139902014153506
2017-06-14,74.19161676646706
2017-06-15,52.030484485574306
2017-06-16,54.9210669569951
2017-06-17,37.57757212847033
2017-06-18,37.57757212847033
2017-06-19,56.848121937942295
2017-06-20,52.030484485574306
2017-06-21,51.0669569951007
2017-06-22,70.33750680457267
2017-06-23,35.65051714752313
2017-06-24,59.73870440936309
2017-06-25,41.431682090364724
2017-06-26,52.030484485574306
2017-06-27,56.848121937942295
2017-06-28,59.73870440936309
2017-06-29,51.0669569951007
2017-06-30,46.249319542732714
2017-07-01,44.89833333333333
2017-07-02,43.76166666666667
2017-07-03,52.28666666666667
2017-07-04,32.395
2017-07-05,47.74
2017-07-06,55.12833333333334
2017-07-07,43.193333333333335
2017-07-08,35.236666666666665
2017-07-09,42.05666666666667
2017-07-10,53.99166666666667
2017-07-11,42.05666666666667
2017-07-12,56.833333333333336
2017-07-13,50.58166666666667
2017-07-14,43.193333333333335
2017-07-15,29.553333333333335
2017-07-16,45.46666666666667
2017-07-17,40.92
2017-07-18,40.35166666666667
2017-07-19,48.876666666666665
2017-07-20,46.60333333333334
2017-07-21,47.17166666666667
2017-07-22,46.035000000000004
2017-07-23,36.373333333333335
2017-07-24,42.05666666666667
2017-07-25,55.69666666666667
2017-07-26,39.215
2017-07-27,39.215
2017-07-28,43.76166666666667
2017-07-29,36.94166666666667
2017-07-30,42.05666666666667
2017-07-31,40.35166666666667
2017-08-01,52.25000000000001
2017-08-02,40.150000000000006
2017-08-03,47.300000000000004
2017-08-04,49.50000000000001
2017-08-05,52.800000000000004
2017-08-06,49.50000000000001
2017-08-07,44.0
2017-08-08,37.400000000000006
2017-08-09,48.400000000000006
2017-08-10,52.25000000000001
2017-08-11,49.50000000000001
2017-08-12,34.1
2017-08-13,39.6
2017-08-14,41.800000000000004
2017-08-15,42.35
2017-08-16,43.45
2017-08-17,42.35
2017-08-18,44.550000000000004
2017-08-19,33.0
2017-08-20,35.75
2017-08-21,36.300000000000004
2017-08-22,39.050000000000004
2017-08-23,33.0
2017-08-24,48.400000000000006
2017-08-25,47.85
2017-08-26,39.050000000000004
2017-08-27,42.35
2017-08-28,47.85
2017-08-29,44.0
2017-08-30,55.00000000000001
2017-08-31,51.150000000000006
2017-09-01,46.148491879350345
2017-09-02,30.529002320185615
2017-09-03,36.208816705336424
2017-09-04,47.56844547563805
2017-09-05,47.56844547563805
2017-09-06,46.8584686774942
2017-09-07,63.89791183294663
2017-09-08,54.66821345707657
2017-09-09,41.17865429234339
2017-09-10,37.62877030162413
2017-09-11,48.988399071925755
2017-09-12,52.538283062645014
2017-09-13,60.34802784222738
2017-09-14,56.79814385150812
2017-09-15,45.438515081206496
2017-09-16,29.10904872389791
2017-09-17,48.988399071925755
2017-09-18,61.05800464037123
2017-09-19,70.99767981438515
2017-09-20,63.89791183294663
2017-09-21,56.088167053364266
2017-09-22,59.638051044083525
2017-09-23,39.048723897911835
2017-09-24,35.498839907192576
2017-09-25,54.66821345707657
2017-09-26,63.89791183294663
2017-09-27,68.8677494199536
2017-09-28,65.31786542923435
2017-09-29,57.50812064965197
2017-09-30,39.048723897911835
2017-10-01,39.64499572284004
2017-10-02,64.63857998289136
2017-10-03,68.08597091531223
2017-10-04,72.39520958083833
2017-10-05,66.3622754491018
2017-10-06,61.191189050470484
2017-10-07,49.125320786997435
2017-10-08,51.710863986313086
2017-10-09,66.3622754491018
2017-10-10,86.1847733105218
2017-10-11,62.053036783575706
2017-10-12,72.39520958083833
2017-10-13,67.22412318220701
2017-10-14,42.23053892215569
2017-10-15,56.881950384944396
2017-10-16,65.50042771599658
2017-10-17,80.15183917878528
2017-10-18,83.59923011120615
2017-10-19,78.42814371257485
2017-10-20,60.32934131736527
2017-10-21,51.710863986313086
2017-10-22,47.401625320787
2017-10-23,68.94781864841745
2017-10-24,81.87553464499572
2017-10-25,86.1847733105218
2017-10-26,73.25705731394353
2017-10-27,68.08597091531223
2017-10-28,33.612061591103505
2017-10-29,59.46749358426005
2017-10-30,74.11890504704876
2017-10-31,75.8426005132592
2017-11-01,75.75681130171544
2017-11-02,85.59535822401615
2017-11-03,72.80524722502523
2017-11-04,38.370332996972756
2017-11-05,36.40262361251261
2017-11-06,70.83753784056509
2017-11-07,73.78910191725531
2017-11-08,84.61150353178608
2017-11-09,73.78910191725531
2017-11-10,58.04742684157417
2017-11-11,29.51564076690212
2017-11-12,54.112008072653886
2017-11-13,82.64379414732593
2017-11-14,83.62764883955602
2017-11-15,96.41775983854693
2017-11-16,88.54692230070637
2017-11-17,83.62764883955602
2017-11-18,39.35418768920283
2017-11-19,44.273461150353185
2017-11-20,60.015136226034315
2017-11-21,61.98284561049446
2017-11-22,47.225025227043396
2017-11-23,34.43491422805248
2017-11-24,46.24117053481332
2017-11-25,34.43491422805248
2017-11-26,39.35418768920283
2017-11-27,79.69223007063573
2017-11-28,98.38546922300708
2017-11-29,78.70837537840566
2017-11-30,97.401614530777
2017-12-01,79.91323076923078
2017-12-02,45.02153846153846
2017-12-03,66.40676923076923
2017-12-04,93.41969230769232
2017-12-05,112.55384615384617
2017-12-06,99.04738461538462
2017-12-07,97.92184615384616
2017-12-08,74.28553846153847
2017-12-09,42.77046153846154
2017-12-10,33.76615384615385
2017-12-11,91.16861538461539
2017-12-12,85.54092307692308
2017-12-13,94.54523076923077
2017-12-14,68.65784615384615
2017-12-15,70.90892307692307
2017-12-16,42.77046153846154
2017-12-17,47.272615384615385
2017-12-18,73.16000000000001
2017-12-19,63.03015384615385
2017-12-20,60.77907692307693
2017-12-21,43.896
2017-12-22,39.393846153846155
2017-12-23,31.515076923076926
2017-12-24,22.51076923076923
2017-12-25,25.887384615384615
2017-12-26,40.51938461538462
2017-12-27,54.02584615384616
2017-12-28,34.89169230769231
2017-12-29,32.64061538461539
2017-12-30,25.887384615384615
2017-12-31,34.89169230769231
2018-01-01,32.88911088911089
2018-01-02,41.11138861138861
2018-01-03,57.55594405594405
2018-01-04,42.938561438561436
2018-01-05,54.815184815184814
2018-01-06,38.37062937062937
2018-01-07,35.62987012987013
2018-01-08,59.383116883116884
2018-01-09,68.51898101898102
2018-01-10,76.74125874125875
2018-01-11,79.48201798201798
2018-01-12,77.65484515484515
2018-01-13,30.14835164835165
2018-01-14,28.32117882117882
2018-01-15,38.37062937062937
2018-01-16,74.0004995004995
2018-01-17,62.12387612387612
2018-01-18,81.30919080919081
2018-01-19,74.91408591408592
2018-01-20,32.88911088911089
2018-01-21,35.62987012987013
2018-01-22,60.2967032967033
2018-01-23,74.91408591408592
2018-01-24,81.30919080919081
2018-01-25,83.13636363636364
2018-01-26,76.74125874125875
2018-01-27,26.494005994005995
2018-01-28,52.074425574425575
2018-01-29,72.17332667332667
2018-01-30,91.35864135864136
2018-01-31,87.7042957042957
2018-02-01,90.3445421624418
2018-02-02,59.31712364200724
2018-02-03,38.327987584066214
2018-02-04,41.97827211588205
2018-02-05,62.05483704086911
2018-02-06,83.04397309881014
2018-02-07,90.3445421624418
2018-02-08,74.83083290222451
2018-02-09,63.879979306777024
2018-02-10,41.06570098292809
2018-02-11,36.5028453181583
2018-02-12,69.35540610450077
2018-02-13,73.91826176927056
2018-02-14,84.86911536471806
2018-02-15,65.70512157268494
2018-02-16,56.57941024314537
2018-02-17,34.677703052250386
2018-02-18,44.71598551474392
2018-02-19,45.62855664769788
2018-02-20,72.09311950336264
2018-02-21,75.74340403517847
2018-02-22,66.6176927056389
2018-02-23,59.31712364200724
2018-02-24,45.62855664769788
2018-02-25,45.62855664769788
2018-02-26,73.91826176927056
2018-02-27,76.65597516813243
2018-02-28,91.25711329539575
2018-03-01,76.70344177274869
2018-03-02,86.99292786421499
2018-03-03,43.96416784535596
2018-03-04,54.253653936822246
2018-03-05,81.38048090523337
2018-03-06,93.54078264969353
2018-03-07,79.5096652522395
2018-03-08,74.83262611975482
2018-03-09,65.47854785478548
2018-03-10,44.899575671852894
2018-03-11,42.09335219236209
2018-03-12,72.02640264026402
2018-03-13,68.28477133427627
2018-03-14,57.99528524280999
2018-03-15,72.96181046676095
2018-03-16,72.96181046676095
2018-03-17,37.41631305987741
2018-03-18,48.64120697784064
2018-03-19,69.22017916077321
2018-03-20,73.8972182932579
2018-03-21,76.70344177274869
2018-03-22,86.05752003771805
2018-03-23,61.73691654879773
2018-03-24,40.22253653936822
2018-03-25,33.67468175388967
2018-03-26,78.57425742574257
2018-03-27,76.70344177274869
2018-03-28,62.672324375294664
2018-03-29,62.672324375294664
2018-03-30,48.64120697784064
2018-03-31,39.28712871287129
2018-04-01,45.3134328358209
2018-04-02,51.49253731343284
2018-04-03,73.11940298507463
2018-04-04,72.08955223880598
2018-04-05,76.20895522388061
2018-04-06,72.08955223880598
2018-04-07,31.92537313432836
2018-04-08,49.43283582089553
2018-04-09,71.05970149253731
2018-04-10,75.17910447761194
2018-04-11,91.65671641791046
2018-04-12,90.6268656716418
2018-04-13,64.88059701492539
2018-04-14,41.194029850746276
2018-04-15,50.462686567164184
2018-04-16,79.29850746268657
2018-04-17,82.38805970149255
2018-04-18,90.6268656716418
2018-04-19,86.50746268656717
2018-04-20,81.35820895522389
2018-04-21,45.3134328358209
2018-04-22,46.343283582089555
2018-04-23,92.68656716417911
2018-04-24,80.32835820895524
2018-04-25,102.98507462686568
2018-04-26,85.47761194029852
2018-04-27,75.17910447761194
2018-04-28,32.95522388059702
2018-04-29,52.5223880597015
2018-04-30,79.29850746268657
2018-05-01,99.63958641063515
2018-05-02,83.03298867552928
2018-05-03,96.5258493353028
2018-05-04,87.18463810930575
2018-05-05,33.213195470211716
2018-05-06,46.70605612998523
2018-05-07,95.48793697685868
2018-05-08,87.18463810930575
2018-05-09,94.45002461841456
2018-05-10,103.79123584441162
2018-05-11,84.0709010339734
2018-05-12,30.099458394879367
2018-05-13,45.66814377154111
2018-05-14,68.50221565731167
2018-05-15,93.41211225997046
2018-05-16,80.95716395864106
2018-05-17,68.50221565731167
2018-05-18,71.61595273264402
2018-05-19,32.1752831117676
2018-05-20,30.099458394879367
2018-05-21,79.91925160019694
2018-05-22,71.61595273264402
2018-05-23,66.42639094042343
2018-05-24,66.42639094042343
2018-05-25,63.312653865091086
2018-05-26,37.36484490398818
2018-05-27,48.781880846873456
2018-05-28,46.70605612998523
2018-05-29,68.50221565731167
2018-05-30,69.54012801575578
2018-05-31,57.08517971442639
2018-06-01,54.629451395572666
2018-06-02,38.748796920115495
2018-06-03,55.89990375360924
2018-06-04,59.71126082771896
2018-06-05,53.358999037536094
2018-06-06,53.994225216554376
2018-06-07,53.358999037536094
2018-06-08,63.52261790182868
2018-06-09,36.20789220404235
2018-06-10,38.113570741097206
2018-06-11,46.37151106833494
2018-06-12,43.83060635226179
2018-06-13,48.2771896053898
2018-06-14,47.64196342637151
2018-06-15,46.37151106833494
2018-06-16,31.126082771896055
2018-06-17,48.2771896053898
2018-06-18,50.818094321462944
2018-06-19,44.46583253128008
2018-06-20,34.30221366698749
2018-06-21,45.10105871029836
2018-06-22,41.289701636188646
2018-06-23,32.39653512993263
2018-06-24,33.6669874879692
2018-06-25,39.384023099133785
2018-06-26,40.01924927815207
2018-06-27,37.478344562078924
2018-06-28,40.654475457170356
2018-06-29,38.748796920115495
2018-06-30,22.23291626564004
2018-07-01,44.79641965029142
2018-07-02,42.27976686094921
2018-07-03,35.73646960865945
2018-07-04,40.26644462947544
2018-07-05,37.74979184013322
2018-07-06,33.21981681931723
2018-07-07,34.22647793505412
2018-07-08,44.29308909242298
2018-07-09,46.80974188176519
2018-07-10,40.26644462947544
2018-07-11,36.23980016652789
2018-07-12,39.25978351373855
2018-07-13,40.26644462947544
2018-07-14,33.723147377185676
2018-07-15,47.313072439633636
2018-07-16,50.33305578684429
2018-07-17,32.21315570358035
2018-07-18,36.74313072439634
2018-07-19,37.74979184013322
2018-07-20,27.683180682764363
2018-07-21,35.73646960865945
2018-07-22,39.25978351373855
2018-07-23,48.823064113238964
2018-07-24,44.79641965029142
2018-07-25,35.233139050791
2018-07-26,39.25978351373855
2018-07-27,41.27310574521232
2018-07-28,44.29308909242298
2018-07-29,37.74979184013322
2018-07-30,31.709825145711907
2018-07-31,29.696502914238135
2018-08-01,34.16957605985038
2018-08-02,44.219451371571076
2018-08-03,39.697007481296765
2018-08-04,36.682044887780556
2018-08-05,39.697007481296765
2018-08-06,38.18952618453866
2018-08-07,45.726932668329184
2018-08-08,42.711970074812974
2018-08-09,39.697007481296765
2018-08-10,36.682044887780556
2018-08-11,36.682044887780556
2018-08-12,30.1496259351621
2018-08-13,36.682044887780556
2018-08-14,41.706982543640905
2018-08-15,33.66708229426435
2018-08-16,36.17955112219452
2018-08-17,41.706982543640905
2018-08-18,35.17456359102245
2018-08-19,40.1995012468828
2018-08-20,34.67206982543642
2018-08-21,48.23940149625936
2018-08-22,42.711970074812974
2018-08-23,38.18952618453866
2018-08-24,39.19451371571073
2018-08-25,30.1496259351621
2018-08-26,33.16458852867831
2018-08-27,35.677057356608486
2018-08-28,39.697007481296765
2018-08-29,46.229426433915215
2018-08-30,41.204488778054866
2018-08-31,50.2493765586035
2018-09-01,39.35643564356436
2018-09-02,34.158415841584166
2018-09-03,36.38613861386139
2018-09-04,41.58415841584159
2018-09-05,46.03960396039604
2018-09-06,47.52475247524753
2018-09-07,55.6930693069307
2018-09-08,43.069306930693074
2018-09-09,37.87128712871288
2018-09-10,44.55445544554456
2018-09-11,46.78217821782179
2018-09-12,63.861386138613874
2018-09-13,51.98019801980199
2018-09-14,46.78217821782179
2018-09-15,38.613861386138616
2018-09-16,38.613861386138616
2018-09-17,66.83168316831684
2018-09-18,61.63366336633664
2018-09-19,63.861386138613874
2018-09-20,73.51485148514853
2018-09-21,57.178217821782184
2018-09-22,25.990099009900995
2018-09-23,40.84158415841585
2018-09-24,58.66336633663367
2018-09-25,74.25742574257427
2018-09-26,51.237623762376245
2018-09-27,69.05940594059408
2018-09-28,50.4950495049505
2018-09-29,44.55445544554456
2018-09-30,49.00990099009902
2018-10-01,50.28829604130809
2018-10-02,62.666953528399304
2018-10-03,64.21428571428571
2018-10-04,55.70395869191049
2018-10-05,67.30895008605852
2018-10-06,41.77796901893287
2018-10-07,36.362306368330465
2018-10-08,64.98795180722891
2018-10-09,62.666953528399304
2018-10-10,71.95094664371773
2018-10-11,77.36660929432013
2018-10-12,54.93029259896729
2018-10-13,38.683304647160064
2018-10-14,45.646299483648875
2018-10-15,58.0249569707401
2018-10-16,57.2512908777969
2018-10-17,70.40361445783132
2018-10-18,69.62994836488812
2018-10-19,53.382960413080895
2018-10-20,41.77796901893287
2018-10-21,51.83562822719449
2018-10-22,60.345955249569705
2018-10-23,68.85628227194492
2018-10-24,69.62994836488812
2018-10-25,77.36660929432013
2018-10-26,59.5722891566265
2018-10-27,31.720309810671253
2018-10-28,37.13597246127367
2018-10-29,61.8932874354561
2018-10-30,75.04561101549052
2018-10-31,59.5722891566265
2018-11-01,72.77566539923954
2018-11-02,55.763172189027706
2018-11-03,30.24443237370994
2018-11-04,34.02498642042369
2018-11-05,82.22705051602391
2018-11-06,68.9951113525258
2018-11-07,68.9951113525258
2018-11-08,77.50135795763173
2018-11-09,78.44649646931016
2018-11-10,29.299293862031504
2018-11-11,41.586094513851165
2018-11-12,52.9277566539924
2018-11-13,70.88538837588267
2018-11-14,70.88538837588267
2018-11-15,73.72080391091798
2018-11-16,50.09234111895709
2018-11-17,29.299293862031504
2018-11-18,34.02498642042369
2018-11-19,69.94024986420423
2018-11-20,58.59858772406301
2018-11-21,42.5312330255296
2018-11-22,34.02498642042369
2018-11-23,28.354155350353068
2018-11-24,31.189570885388378
2018-11-25,47.256925583921785
2018-11-26,66.1596958174905
2018-11-27,93.56871265616513
2018-11-28,81.28191200434547
2018-11-29,94.51385116784357
2018-11-30,70.88538837588267
2018-12-01,34.96839850026781
2018-12-02,33.17514729512587
2018-12-03,71.73004820567756
2018-12-04,86.97268344938404
2018-12-05,89.66256025709694
2018-12-06,82.48955543652919
2018-12-07,78.90305302624532
2018-12-08,40.34815211569362
2018-12-09,40.34815211569362
2018-12-10,58.28066416711302
2018-12-11,84.28280664167113
2018-12-12,86.97268344938404
2018-12-13,86.97268344938404
2018-12-14,80.69630423138724
2018-12-15,34.96839850026781
2018-12-16,36.761649705409745
2018-12-17,74.41992501339047
2018-12-18,74.41992501339047
2018-12-19,59.17728976968399
2018-12-20,67.24692019282271
2018-12-21,51.10765934654526
2018-12-22,28.692019282271023
2018-12-23,36.761649705409745
2018-12-24,27.79539367970005
2018-12-25,22.415640064274235
2018-12-26,38.55490091055169
2018-12-27,36.761649705409745
2018-12-28,31.381896089983933
2018-12-29,27.79539367970005
2018-12-30,34.07177289769684
2018-12-31,35.86502410283878
2019-01-01,25.768839574664817
2019-01-02,45.718908922792416
2019-01-03,51.537679149329634
2019-01-04,49.04392048081368
2019-01-05,29.925104022191398
2019-01-06,31.58760980120203
2019-01-07,74.81276005547849
2019-01-08,66.50023116042533
2019-01-09,74.81276005547849
2019-01-10,80.63153028201572
2019-01-11,73.98150716597318
2019-01-12,30.756356911696713
2019-01-13,35.743874248728616
2019-01-14,64.00647249190938
2019-01-15,63.17521960240406
2019-01-16,73.98150716597318
2019-01-17,76.47526583448914
2019-01-18,69.82524271844659
2019-01-19,45.718908922792416
2019-01-20,39.06888580674988
2019-01-21,45.718908922792416
2019-01-22,73.15025427646786
2019-01-23,73.15025427646786
2019-01-24,83.12528895053165
2019-01-25,73.98150716597318
2019-01-26,32.41886269070735
2019-01-27,41.56264447526583
2019-01-28,65.66897827092001
2019-01-29,68.16273693943596
2019-01-30,67.33148404993065
2019-01-31,70.65649560795191
2019-02-01,70.1311475409836
2019-02-02,31.67213114754098
2019-02-03,40.721311475409834
2019-02-04,113.11475409836065
2019-02-05,89.36065573770492
2019-02-06,64.47540983606557
2019-02-07,83.70491803278688
2019-02-08,91.62295081967213
2019-02-09,47.50819672131147
2019-02-10,56.557377049180324
2019-02-11,87.0983606557377
2019-02-12,74.65573770491802
2019-02-13,81.44262295081967
2019-02-14,76.91803278688523
2019-02-15,62.213114754098356
2019-02-16,32.803278688524586
2019-02-17,38.45901639344262
2019-02-18,44.114754098360656
2019-02-19,71.26229508196721
2019-02-20,78.04918032786885
2019-02-21,82.57377049180327
2019-02-22,67.8688524590164
2019-02-23,44.114754098360656
2019-02-24,52.0327868852459
2019-02-25,82.57377049180327
2019-02-26,90.49180327868852
2019-02-27,96.14754098360655
2019-02-28,80.31147540983606
2019-03-01,65.31067961165049
2019-03-02,34.762135922330096
2019-03-03,48.45631067961165
2019-03-04,75.84466019417475
2019-03-05,81.1116504854369
2019-03-06,91.64563106796116
2019-03-07,89.53883495145631
2019-03-08,86.37864077669903
2019-03-09,40.029126213592235
2019-03-10,51.616504854368934
2019-03-11,82.16504854368932
2019-03-12,80.05825242718447
2019-03-13,64.25728155339806
2019-03-14,86.37864077669903
2019-03-15,66.36407766990291
2019-03-16,37.922330097087375
2019-03-17,42.13592233009709
2019-03-18,76.89805825242718
2019-03-19,69.52427184466019
2019-03-20,73.7378640776699
2019-03-21,83.21844660194175
2019-03-22,77.9514563106796
2019-03-23,42.13592233009709
2019-03-24,48.45631067961165
2019-03-25,71.63106796116504
2019-03-26,86.37864077669903
2019-03-27,86.37864077669903
2019-03-28,82.16504854368932
2019-03-29,105.33980582524272
2019-03-30,77.9514563106796
2019-03-31,64.25728155339806
2019-04-01,101.401483924155
2019-04-02,103.8746908491344
2019-04-03,160.75845012366037
2019-04-04,247.32069249793904
2019-04-05,227.53503709810389
2019-04-06,118.71393239901073
2019-04-07,96.45507007419621
2019-04-08,126.1335531739489
2019-04-09,108.82110469909317
2019-04-10,113.76751854905194
2019-04-11,113.76751854905194
2019-04-12,93.98186314921682
2019-04-13,42.04451772464964
2019-04-14,56.88375927452597
2019-04-15,84.08903544929927
2019-04-16,81.61582852431988
2019-04-17,89.03544929925805
2019-04-18,81.61582852431988
2019-04-19,59.356966199505365
2019-04-20,42.04451772464964
2019-04-21,56.88375927452597
2019-04-22,79.14262159934049
2019-04-23,103.8746908491344
2019-04-24,113.76751854905194
2019-04-25,98.92827699917561
2019-04-26,93.98186314921682
2019-04-27,49.464138499587804
2019-04-28,54.410552349546585
2019-04-29,101.401483924155
2019-04-30,98.92827699917561
2019-05-01,95.16312384473197
2019-05-02,88.88863216266174
2019-05-03,83.65988909426987
2019-05-04,35.555452865064694
2019-05-05,52.287430683918664
2019-05-06,88.88863216266174
2019-05-07,95.16312384473197
2019-05-08,98.3003696857671
2019-05-09,104.57486136783733
2019-05-10,87.84288354898337
2019-05-11,41.829944547134936
2019-05-12,55.42467652495379
2019-05-13,92.02587800369686
2019-05-14,82.6141404805915
2019-05-15,96.20887245841035
2019-05-16,99.34611829944546
2019-05-17,77.38539741219962
2019-05-18,38.69269870609981
2019-05-19,42.875693160813306
2019-05-20,78.43114602587801
2019-05-21,93.07162661737523
2019-05-22,92.02587800369686
2019-05-23,69.01940850277263
2019-05-24,69.01940850277263
2019-05-25,39.73844731977819
2019-05-26,46.01293900184843
2019-05-27,49.15018484288355
2019-05-28,78.43114602587801
2019-05-29,67.97365988909426
2019-05-30,66.9279112754159
2019-05-31,56.47042513863216
2019-06-01,32.97196261682243
2019-06-02,39.8411214953271
2019-06-03,60.44859813084112
2019-06-04,56.32710280373832
2019-06-05,57.700934579439256
2019-06-06,137.38317757009347
2019-06-07,118.14953271028038
2019-06-08,98.9158878504673
2019-06-09,87.92523364485982
2019-06-10,78.30841121495327
2019-06-11,68.69158878504673
2019-06-12,60.44859813084112
2019-06-13,53.57943925233645
2019-06-14,56.32710280373832
2019-06-15,54.953271028037385
2019-06-16,60.44859813084112
2019-06-17,46.71028037383178
2019-06-18,54.953271028037385
2019-06-19,49.45794392523365
2019-06-20,56.32710280373832
2019-06-21,53.57943925233645
2019-06-22,49.45794392523365
2019-06-23,49.45794392523365
2019-06-24,57.700934579439256
2019-06-25,59.07476635514019
2019-06-26,46.71028037383178
2019-06-27,74.18691588785047
2019-06-28,43.96261682242991
